Command line invocation:
    /Applications/Xcode.app/Contents/Developer/usr/bin/xcodebuild test -project /Users/zsoraj/Documents/OpenHikes/OpenHikes.xcodeproj -scheme OpenHikesUI -configuration Debug -destination "platform=iOS Simulator,name=iPhone 17 Pro" "-only-testing:OpenHikesUITests/PerformanceUITests" -resultBundlePath /Users/zsoraj/Documents/OpenHikes/PerformanceReports/20260827-005708/result.xcresult -skipPackagePluginValidation

2026-08-27 00:57:09.307 xcodebuild[15297:1698989]  DVTDeviceOperation: Encountered a build number "" that is incompatible with DVTBuildVersion.
2026-08-27 00:57:09.406 xcodebuild[15297:1698954] [MT] DVTDeviceOperation: Encountered a build number "" that is incompatible with DVTBuildVersion.
Resolve Package Graph


Resolved source packages:
  swift-algorithms: https://github.com/apple/swift-algorithms/ @ 1.2.1
  swift-collections: https://github.com/apple/swift-collections/ @ 1.6.0
  OpenHikesShared: /Users/zsoraj/Documents/OpenHikes/OpenHikesShared @ local
  swift-numerics: https://github.com/apple/swift-numerics.git @ 1.1.1
  SwiftLintPlugins: https://github.com/SimplyDanny/SwiftLintPlugins @ 0.65.0
  swift-async-algorithms: https://github.com/apple/swift-async-algorithms/ @ 1.1.5

Writing result bundle at path:
	/Users/zsoraj/Documents/OpenHikes/PerformanceReports/20260827-005708/result.xcresult

ComputePackagePrebuildTargetDependencyGraph

Prepare packages

Compile plug-in “SwiftLintBuildToolPlugin” in package “swiftlintplugins”
[debug]: Compiling plugin to executable at /Users/zsoraj/Library/Developer/Xcode/DerivedData/OpenHikes-dsjbwflghsqoduenorzlwghaliyw/Build/Products/PluginExecutables/SwiftLintBuildToolPlugin
[debug]: Using compiler /Applications/Xcode.app/Contents/Developer/Toolchains/XcodeDefault.xctoolchain/usr/bin/swiftc
[debug]: Plugin compilation output directory '/Users/zsoraj/Library/Developer/Xcode/DerivedData/OpenHikes-dsjbwflghsqoduenorzlwghaliyw/Build/Products/PluginExecutables'
[debug]: Computed hash of plugin compilation inputs: 8fc90fb3d158f1ce1fbd24aa636a1a1621e413da578700522ec4c67249780087


Apply build tool plug-in “SwiftLintBuildToolPlugin” to target “OpenHikes” in project “OpenHikes”

working directory:
   /Users/zsoraj/Documents/OpenHikes
tool mapping:
   swiftlint: /Users/zsoraj/Library/Developer/Xcode/DerivedData/OpenHikes-dsjbwflghsqoduenorzlwghaliyw/SourcePackages/artifacts/swiftlintplugins/SwiftLintBinary/SwiftLintBinary.artifactbundle/macos/swiftlint [arm64-apple-macosx]
tool search paths:
   /Applications/Xcode.app/Contents/Developer/Toolchains/XcodeDefault.xctoolchain/usr/bin
   /Applications/Xcode.app/Contents/Developer/usr/bin
   /Library/Apple/usr/bin
   /System/Cryptexes/App/usr/bin
   /Users/zsoraj/Library/Android/sdk/platform-tools
   /Users/zsoraj/bin
   /bin
   /opt/homebrew/bin
   /opt/homebrew/opt/ruby/bin
   /opt/homebrew/sbin
   /pkg/env/global/bin
   /sbin
   /usr/bin
   /usr/local/bin
   /usr/sbin
   /var/run/com.apple.security.cryptexd/codex.system/bootstrap/usr/appleinternal/bin
   /var/run/com.apple.security.cryptexd/codex.system/bootstrap/usr/bin
   /var/run/com.apple.security.cryptexd/codex.system/bootstrap/usr/local/bin

/usr/bin/sandbox-exec -p "(version 1)
(deny default)
(import \"system.sb\")
(allow file-read*)
(allow process*)
(allow mach-lookup (global-name \"com.apple.lsd.mapdb\"))
(allow mach-lookup (global-name \"com.apple.mobileassetd.v2\"))
(allow file-write*
    (subpath \"/private/tmp\")
    (subpath \"/private/var/tmp\")
    (subpath \"/private/var/folders/ds/8wdj8_sj45zc3q_c60w292zc0000gn/T\")
    (subpath \"/private/var/folders/ds/8wdj8_sj45zc3q_c60w292zc0000gn/C\")
)
(deny file-write*
    (subpath \"/Users/zsoraj/Documents/OpenHikes\")
)
(allow file-write*
    (subpath \"/Users/zsoraj/Library/Developer/Xcode/DerivedData/OpenHikes-dsjbwflghsqoduenorzlwghaliyw/Build/Intermediates.noindex/BuildToolPluginIntermediates/OpenHikes.output/OpenWidgetExtension/SwiftLintBuildToolPlugin\")
    (subpath \"/private/var/folders/ds/8wdj8_sj45zc3q_c60w292zc0000gn/T/TemporaryItems\")
)
" /Users/zsoraj/Library/Developer/Xcode/DerivedData/OpenHikes-dsjbwflghsqoduenorzlwghaliyw/SourcePackages/artifacts/swiftlintplugins/SwiftLintBinary/SwiftLintBinary.artifactbundle/macos/swiftlint lint --quiet --force-exclude --cache-path /Users/zsoraj/Library/Developer/Xcode/DerivedData/OpenHikes-dsjbwflghsqoduenorzlwghaliyw/Build/Intermediates.noindex/BuildToolPluginIntermediates/OpenHikes.output/OpenWidgetExtension/SwiftLintBuildToolPlugin/Cache /Users/zsoraj/Documents/OpenHikes/OpenWidget/OpenWidgetBundle.swift /Users/zsoraj/Documents/OpenHikes/OpenWidget/TrailWidget.swift /Users/zsoraj/Documents/OpenHikes/OpenWidget/TrailWidgetComponents.swift /Users/zsoraj/Documents/OpenHikes/OpenWidget/TrailWidgetPlaceholder.swift

/usr/bin/sandbox-exec -p "(version 1)
(deny default)
(import \"system.sb\")
(allow file-read*)
(allow process*)
(allow mach-lookup (global-name \"com.apple.lsd.mapdb\"))
(allow mach-lookup (global-name \"com.apple.mobileassetd.v2\"))
(allow file-write*
    (subpath \"/private/tmp\")
    (subpath \"/private/var/tmp\")
    (subpath \"/private/var/folders/ds/8wdj8_sj45zc3q_c60w292zc0000gn/T\")
    (subpath \"/private/var/folders/ds/8wdj8_sj45zc3q_c60w292zc0000gn/C\")
)
(deny file-write*
    (subpath \"/Users/zsoraj/Documents/OpenHikes\")
)
(allow file-write*
    (subpath \"/Users/zsoraj/Library/Developer/Xcode/DerivedData/OpenHikes-dsjbwflghsqoduenorzlwghaliyw/Build/Intermediates.noindex/BuildToolPluginIntermediates/OpenHikes.output/OpenHikes/SwiftLintBuildToolPlugin\")
    (subpath \"/private/var/folders/ds/8wdj8_sj45zc3q_c60w292zc0000gn/T/TemporaryItems\")
)
" /Users/zsoraj/Library/Developer/Xcode/DerivedData/OpenHikes-dsjbwflghsqoduenorzlwghaliyw/SourcePackages/artifacts/swiftlintplugins/SwiftLintBinary/SwiftLintBinary.artifactbundle/macos/swiftlint lint --quiet --force-exclude --cache-path /Users/zsoraj/Library/Developer/Xcode/DerivedData/OpenHikes-dsjbwflghsqoduenorzlwghaliyw/Build/Intermediates.noindex/BuildToolPluginIntermediates/OpenHikes.output/OpenHikes/SwiftLintBuildToolPlugin/Cache /Users/zsoraj/Documents/OpenHikes/OpenHikes/App/Configuration/ModelConfiguration+OpenHikes.swift /Users/zsoraj/Documents/OpenHikes/OpenHikes/App/Configuration/Secrets.swift /Users/zsoraj/Documents/OpenHikes/OpenHikes/App/Configuration/SettingsKey.swift /Users/zsoraj/Documents/OpenHikes/OpenHikes/App/Navigation/OpenHikesView.swift /Users/zsoraj/Documents/OpenHikes/OpenHikes/App/Navigation/OpenHikesView+Photos.swift /Users/zsoraj/Documents/OpenHikes/OpenHikes/App/Navigation/SheetPresentation.swift /Users/zsoraj/Documents/OpenHikes/OpenHikes/App/Navigation/SheetRoute.swift /Users/zsoraj/Documents/OpenHikes/OpenHikes/App/AppLaunchEnvironment.swift /Users/zsoraj/Documents/OpenHikes/OpenHikes/App/OpenHikesApp.swift /Users/zsoraj/Documents/OpenHikes/OpenHikes/App/OpenHikesModel.swift /Users/zsoraj/Documents/OpenHikes/OpenHikes/General/Diagnostics/FieldMetrics/FieldMetrics.swift /Users/zsoraj/Documents/OpenHikes/OpenHikes/General/Diagnostics/FieldMetrics/FieldMetricsDigest.swift /Users/zsoraj/Documents/OpenHikes/OpenHikes/General/Diagnostics/FieldMetrics/FieldMetricsDigest+MetricKit.swift /Users/zsoraj/Documents/OpenHikes/OpenHikes/General/Diagnostics/FieldMetrics/FieldMetricsStore.swift /Users/zsoraj/Documents/OpenHikes/OpenHikes/General/Diagnostics/FieldMetrics/FieldSignpost.swift /Users/zsoraj/Documents/OpenHikes/OpenHikes/General/Diagnostics/FieldMetrics/SeededFieldMetricsFixture.swift /Users/zsoraj/Documents/OpenHikes/OpenHikes/General/Diagnostics/MainThreadWatchdog.swift /Users/zsoraj/Documents/OpenHikes/OpenHikes/General/Diagnostics/PerformanceCounterProbe.swift /Users/zsoraj/Documents/OpenHikes/OpenHikes/General/Diagnostics/PerformanceLog.swift /Users/zsoraj/Documents/OpenHikes/OpenHikes/General/Diagnostics/ProcessResourceSample.swift /Users/zsoraj/Documents/OpenHikes/OpenHikes/General/Diagnostics/RenderInstrumentation.swift /Users/zsoraj/Documents/OpenHikes/OpenHikes/General/Color+Hex.swift /Users/zsoraj/Documents/OpenHikes/OpenHikes/General/GlassButtonStyle.swift /Users/zsoraj/Documents/OpenHikes/OpenHikes/General/LiquidGlass.swift /Users/zsoraj/Documents/OpenHikes/OpenHikes/General/MainActorDelivery.swift /Users/zsoraj/Documents/OpenHikes/OpenHikes/General/PowerStateMonitor.swift /Users/zsoraj/Documents/OpenHikes/OpenHikes/General/TapTarget.swift /Users/zsoraj/Documents/OpenHikes/OpenHikes/Hikes/ElevationChartView.swift /Users/zsoraj/Documents/OpenHikes/OpenHikes/Hikes/GPXExport.swift /Users/zsoraj/Documents/OpenHikes/OpenHikes/Hikes/GPXImport.swift /Users/zsoraj/Documents/OpenHikes/OpenHikes/Hikes/GPXInbox.swift /Users/zsoraj/Documents/OpenHikes/OpenHikes/Hikes/Hike.swift /Users/zsoraj/Documents/OpenHikes/OpenHikes/Hikes/Hike+Presentation.swift /Users/zsoraj/Documents/OpenHikes/OpenHikes/Hikes/Hike+Statistics.swift /Users/zsoraj/Documents/OpenHikes/OpenHikes/Hikes/Hike+TrailBreakdowns.swift /Users/zsoraj/Documents/OpenHikes/OpenHikes/Hikes/HikeAutoFollow.swift /Users/zsoraj/Documents/OpenHikes/OpenHikes/Hikes/HikeDetailComponents.swift /Users/zsoraj/Documents/OpenHikes/OpenHikes/Hikes/HikeDetailView.swift /Users/zsoraj/Documents/OpenHikes/OpenHikes/Hikes/HikeDetailView+OfflineStorage.swift /Users/zsoraj/Documents/OpenHikes/OpenHikes/Hikes/HikeDifficultySection.swift /Users/zsoraj/Documents/OpenHikes/OpenHikes/Hikes/HikeFormat.swift /Users/zsoraj/Documents/OpenHikes/OpenHikes/Hikes/HikeRow.swift /Users/zsoraj/Documents/OpenHikes/OpenHikes/Hikes/HikeStatsViews.swift /Users/zsoraj/Documents/OpenHikes/OpenHikes/Hikes/HikeSupportingTypes.swift /Users/zsoraj/Documents/OpenHikes/OpenHikes/Hikes/HikeSurfaceSection.swift /Users/zsoraj/Documents/OpenHikes/OpenHikes/Hikes/HikeTrailAnalysis.swift /Users/zsoraj/Documents/OpenHikes/OpenHikes/Hikes/RouteInference.swift /Users/zsoraj/Documents/OpenHikes/OpenHikes/Hikes/RouteLinePatternPicker.swift /Users/zsoraj/Documents/OpenHikes/OpenHikes/Hikes/RouteProfile.swift /Users/zsoraj/Documents/OpenHikes/OpenHikes/Hikes/TrailDifficulty.swift /Users/zsoraj/Documents/OpenHikes/OpenHikes/Hikes/TrailDifficultyBreakdown.swift /Users/zsoraj/Documents/OpenHikes/OpenHikes/Hikes/TrailSurface.swift /Users/zsoraj/Documents/OpenHikes/OpenHikes/Hikes/TrailSurfaceBreakdown.swift /Users/zsoraj/Documents/OpenHikes/OpenHikes/Map/Location/BackgroundTrailTracker.swift /Users/zsoraj/Documents/OpenHikes/OpenHikes/Map/Location/LocationManager.swift /Users/zsoraj/Documents/OpenHikes/OpenHikes/Map/Rendering/DirectionalPolylineRenderer.swift /Users/zsoraj/Documents/OpenHikes/OpenHikes/Map/Rendering/RouteLinePattern.swift /Users/zsoraj/Documents/OpenHikes/OpenHikes/Map/Rendering/TrailBasemapRenderer.swift /Users/zsoraj/Documents/OpenHikes/OpenHikes/Map/Search/HikeSearch.swift /Users/zsoraj/Documents/OpenHikes/OpenHikes/Map/Search/SearchCompleter.swift /Users/zsoraj/Documents/OpenHikes/OpenHikes/Map/Search/SearchFailure.swift /Users/zsoraj/Documents/OpenHikes/OpenHikes/Map/DisplayedRoute.swift /Users/zsoraj/Documents/OpenHikes/OpenHikes/Map/MapCoordinator.swift /Users/zsoraj/Documents/OpenHikes/OpenHikes/Map/MapCoordinator+Highlight.swift /Users/zsoraj/Documents/OpenHikes/OpenHikes/Map/MapCoordinator+TrackingButton.swift /Users/zsoraj/Documents/OpenHikes/OpenHikes/Map/MapSheet.swift /Users/zsoraj/Documents/OpenHikes/OpenHikes/Map/MapSheetHikes.swift /Users/zsoraj/Documents/OpenHikes/OpenHikes/Map/MapState.swift /Users/zsoraj/Documents/OpenHikes/OpenHikes/Map/MapView.swift /Users/zsoraj/Documents/OpenHikes/OpenHikes/Map/TopEdgeReader.swift /Users/zsoraj/Documents/OpenHikes/OpenHikes/Photos/CameraPicker.swift /Users/zsoraj/Documents/OpenHikes/OpenHikes/Photos/HikePhoto.swift /Users/zsoraj/Documents/OpenHikes/OpenHikes/Photos/HikePhotoImage.swift /Users/zsoraj/Documents/OpenHikes/OpenHikes/Photos/HikePhotoImport.swift /Users/zsoraj/Documents/OpenHikes/OpenHikes/Photos/HikePhotoSection.swift /Users/zsoraj/Documents/OpenHikes/OpenHikes/Photos/HikePhotoStore.swift /Users/zsoraj/Documents/OpenHikes/OpenHikes/Photos/HikePhotoTimeline.swift /Users/zsoraj/Documents/OpenHikes/OpenHikes/Photos/HikePhotoViewer.swift /Users/zsoraj/Documents/OpenHikes/OpenHikes/Photos/LibraryPhotoMatch.swift /Users/zsoraj/Documents/OpenHikes/OpenHikes/Photos/MapPhotoAnnotations.swift /Users/zsoraj/Documents/OpenHikes/OpenHikes/Photos/MapPhotoControls.swift /Users/zsoraj/Documents/OpenHikes/OpenHikes/Photos/PhotoCaptureController.swift /Users/zsoraj/Documents/OpenHikes/OpenHikes/Photos/PhotoCapturePresentation.swift /Users/zsoraj/Documents/OpenHikes/OpenHikes/Photos/PhotoCaptureSubject.swift /Users/zsoraj/Documents/OpenHikes/OpenHikes/Photos/PhotoDiscoveryController.swift /Users/zsoraj/Documents/OpenHikes/OpenHikes/Photos/PhotoDiscoverySheet.swift /Users/zsoraj/Documents/OpenHikes/OpenHikes/Photos/PhotoLibraryReader.swift /Users/zsoraj/Documents/OpenHikes/OpenHikes/Photos/PhotoLibrarySource.swift /Users/zsoraj/Documents/OpenHikes/OpenHikes/Photos/PhotoLibraryWriter.swift /Users/zsoraj/Documents/OpenHikes/OpenHikes/Photos/PhotoMapPin.swift /Users/zsoraj/Documents/OpenHikes/OpenHikes/Photos/PhotoTrailAnchor.swift /Users/zsoraj/Documents/OpenHikes/OpenHikes/Photos/SeededPhotoFixture.swift /Users/zsoraj/Documents/OpenHikes/OpenHikes/Purchases/MapEntitlement.swift /Users/zsoraj/Documents/OpenHikes/OpenHikes/Purchases/MapEntitlementStore.swift /Users/zsoraj/Documents/OpenHikes/OpenHikes/Purchases/MapPaywallView.swift /Users/zsoraj/Documents/OpenHikes/OpenHikes/Purchases/MapPurchaseLinks.swift /Users/zsoraj/Documents/OpenHikes/OpenHikes/Purchases/MapSubscriptionTerms.swift /Users/zsoraj/Documents/OpenHikes/OpenHikes/Recording/BundledTrailGraphProvider.swift /Users/zsoraj/Documents/OpenHikes/OpenHikes/Recording/HikeRecorder.swift /Users/zsoraj/Documents/OpenHikes/OpenHikes/Recording/HikeRecorder+Energy.swift /Users/zsoraj/Documents/OpenHikes/OpenHikes/Recording/HikeRecorder+Helpers.swift /Users/zsoraj/Documents/OpenHikes/OpenHikes/Recording/HikeRecorder+Lifecycle.swift /Users/zsoraj/Documents/OpenHikes/OpenHikes/Recording/HikeRecorder+Persistence.swift /Users/zsoraj/Documents/OpenHikes/OpenHikes/Recording/HikeRecorder+State.swift /Users/zsoraj/Documents/OpenHikes/OpenHikes/Recording/OverpassDecodable.swift /Users/zsoraj/Documents/OpenHikes/OpenHikes/Recording/OverpassTrailGraphDecoding.swift /Users/zsoraj/Documents/OpenHikes/OpenHikes/Recording/OverpassTrailGraphProvider.swift /Users/zsoraj/Documents/OpenHikes/OpenHikes/Recording/RecordingDistanceAccumulator.swift /Users/zsoraj/Documents/OpenHikes/OpenHikes/Recording/RecordingEnergyPolicy.swift /Users/zsoraj/Documents/OpenHikes/OpenHikes/Recording/RecordingModels.swift /Users/zsoraj/Documents/OpenHikes/OpenHikes/Recording/RecordingObservables.swift /Users/zsoraj/Documents/OpenHikes/OpenHikes/Recording/RecordingPreparation.swift /Users/zsoraj/Documents/OpenHikes/OpenHikes/Recording/RecordingRouteReviewControls.swift /Users/zsoraj/Documents/OpenHikes/OpenHikes/Recording/RecordingSensors.swift /Users/zsoraj/Documents/OpenHikes/OpenHikes/Recording/RecordingSharedStateStore.swift /Users/zsoraj/Documents/OpenHikes/OpenHikes/Recording/RecordingView.swift /Users/zsoraj/Documents/OpenHikes/OpenHikes/Recording/RouteReviewSection.swift /Users/zsoraj/Documents/OpenHikes/OpenHikes/Recording/SerialAsyncQueue.swift /Users/zsoraj/Documents/OpenHikes/OpenHikes/Recording/TrackJournal.swift /Users/zsoraj/Documents/OpenHikes/OpenHikes/Recording/TrailGraph.swift /Users/zsoraj/Documents/OpenHikes/OpenHikes/Recording/TrailGraphCorridor.swift /Users/zsoraj/Documents/OpenHikes/OpenHikes/Recording/TrailMatcher.swift /Users/zsoraj/Documents/OpenHikes/OpenHikes/Recording/TrailMatcher+Interpolation.swift /Users/zsoraj/Documents/OpenHikes/OpenHikes/Recording/TrailMatcher+Scoring.swift /Users/zsoraj/Documents/OpenHikes/OpenHikes/Recording/TrailMatcherGraphIndex.swift /Users/zsoraj/Documents/OpenHikes/OpenHikes/Recording/TrailMatcherGraphIndex+EdgeGrid.swift /Users/zsoraj/Documents/OpenHikes/OpenHikes/Recording/TrailMatcherGraphIndex+Routing.swift /Users/zsoraj/Documents/OpenHikes/OpenHikes/Recording/TrailMatcherLegs.swift /Users/zsoraj/Documents/OpenHikes/OpenHikes/Recording/TrailMatcherModels.swift /Users/zsoraj/Documents/OpenHikes/OpenHikes/Settings/CloudSyncSection.swift /Users/zsoraj/Documents/OpenHikes/OpenHikes/Settings/FieldMetricsFormat.swift /Users/zsoraj/Documents/OpenHikes/OpenHikes/Settings/FieldMetricsSection.swift /Users/zsoraj/Documents/OpenHikes/OpenHikes/Settings/SettingsView.swift /Users/zsoraj/Documents/OpenHikes/OpenHikes/Sync/CloudSyncCoordinator.swift /Users/zsoraj/Documents/OpenHikes/OpenHikes/Sync/CloudSyncFailure.swift /Users/zsoraj/Documents/OpenHikes/OpenHikes/Sync/CloudSyncSchema.swift /Users/zsoraj/Documents/OpenHikes/OpenHikes/Sync/CloudSyncStateStore.swift /Users/zsoraj/Documents/OpenHikes/OpenHikes/Sync/CloudSyncStatus.swift /Users/zsoraj/Documents/OpenHikes/OpenHikes/Sync/HikeCloudRecord.swift /Users/zsoraj/Documents/OpenHikes/OpenHikes/Sync/HikeSyncApplier.swift /Users/zsoraj/Documents/OpenHikes/OpenHikes/Sync/HikeSyncEngine.swift /Users/zsoraj/Documents/OpenHikes/OpenHikes/Sync/HikeSyncEngine+Delegate.swift /Users/zsoraj/Documents/OpenHikes/OpenHikes/Sync/HikeSyncPayload.swift /Users/zsoraj/Documents/OpenHikes/OpenHikes/Sync/RouteArchive.swift /Users/zsoraj/Documents/OpenHikes/OpenHikes/Sync/SyncedSettings.swift /Users/zsoraj/Documents/OpenHikes/OpenHikes/Tiles/AutoSave/AutoSaveController.swift /Users/zsoraj/Documents/OpenHikes/OpenHikes/Tiles/AutoSave/AutoSaveTileStore.swift /Users/zsoraj/Documents/OpenHikes/OpenHikes/Tiles/Cache/TileCache.swift /Users/zsoraj/Documents/OpenHikes/OpenHikes/Tiles/Cache/TileCache+DurableQuota.swift /Users/zsoraj/Documents/OpenHikes/OpenHikes/Tiles/Cache/TileCache+FileHelpers.swift /Users/zsoraj/Documents/OpenHikes/OpenHikes/Tiles/Cache/TileCache+MutationVersions.swift /Users/zsoraj/Documents/OpenHikes/OpenHikes/Tiles/Cache/TileCache+Network.swift /Users/zsoraj/Documents/OpenHikes/OpenHikes/Tiles/Cache/TileCache+StorageManagement.swift /Users/zsoraj/Documents/OpenHikes/OpenHikes/Tiles/Cache/TileFailureLog.swift /Users/zsoraj/Documents/OpenHikes/OpenHikes/Tiles/Cache/TileLoadGate.swift /Users/zsoraj/Documents/OpenHikes/OpenHikes/Tiles/Cache/TileOwnership.swift /Users/zsoraj/Documents/OpenHikes/OpenHikes/Tiles/Offline/OfflineStorageAlerts.swift /Users/zsoraj/Documents/OpenHikes/OpenHikes/Tiles/Offline/OfflineTileDownloader.swift /Users/zsoraj/Documents/OpenHikes/OpenHikes/Tiles/Offline/OfflineTileDownloader+Planning.swift /Users/zsoraj/Documents/OpenHikes/OpenHikes/Tiles/Offline/OfflineTileDownloader+Quota.swift /Users/zsoraj/Documents/OpenHikes/OpenHikes/Tiles/Rendering/CachingTileOverlayRenderer.swift /Users/zsoraj/Documents/OpenHikes/OpenHikes/Tiles/Rendering/TileOverlay.swift /Users/zsoraj/Documents/OpenHikes/OpenHikes/Tiles/MapAttributionView.swift /Users/zsoraj/Documents/OpenHikes/OpenHikes/Tiles/SlippyTileMath.swift /Users/zsoraj/Documents/OpenHikes/OpenHikes/Tiles/TileAttribution.swift /Users/zsoraj/Documents/OpenHikes/OpenHikes/Tiles/TileAttributionView.swift /Users/zsoraj/Documents/OpenHikes/OpenHikes/Tiles/TileCacheKey.swift /Users/zsoraj/Documents/OpenHikes/OpenHikes/Tiles/TileCorridor.swift /Users/zsoraj/Documents/OpenHikes/OpenHikes/Tiles/TileNetworkPolicy.swift /Users/zsoraj/Documents/OpenHikes/OpenHikes/Tiles/TileProvider.swift /Users/zsoraj/Documents/OpenHikes/OpenHikes/Weather/WeatherManager.swift

Process build tool plug-in results

CreateBuildRequest

SendProjectDescription

CreateBuildOperation

ComputeTargetDependencyGraph
note: Building targets in dependency order
note: Target dependency graph (22 targets)
    Target 'OpenHikesUITests' in project 'OpenHikes'
        ➜ Explicit dependency on target 'OpenHikes' in project 'OpenHikes'
    Target 'OpenHikes' in project 'OpenHikes'
        ➜ Explicit dependency on target 'SwiftLintBuildToolPlugin' in project 'SwiftLintPlugins'
        ➜ Explicit dependency on target 'OpenWidgetExtension' in project 'OpenHikes'
        ➜ Explicit dependency on target 'AsyncAlgorithms' in project 'swift-async-algorithms'
        ➜ Explicit dependency on target 'Algorithms' in project 'swift-algorithms'
        ➜ Explicit dependency on target 'DequeModule' in project 'swift-collections'
        ➜ Explicit dependency on target 'HeapModule' in project 'swift-collections'
        ➜ Explicit dependency on target 'OrderedCollections' in project 'swift-collections'
        ➜ Explicit dependency on target 'OpenHikesShared' in project 'OpenHikesShared'
    Target 'HeapModule' in project 'swift-collections'
        ➜ Explicit dependency on target 'HeapModule' in project 'swift-collections'
        ➜ Explicit dependency on target 'InternalCollectionsUtilities' in project 'swift-collections'
    Target 'HeapModule' in project 'swift-collections'
        ➜ Explicit dependency on target 'InternalCollectionsUtilities' in project 'swift-collections'
    Target 'Algorithms' in project 'swift-algorithms'
        ➜ Explicit dependency on target 'Algorithms' in project 'swift-algorithms'
        ➜ Explicit dependency on target 'RealModule' in project 'swift-numerics'
    Target 'Algorithms' in project 'swift-algorithms'
        ➜ Explicit dependency on target 'RealModule' in project 'swift-numerics'
    Target 'RealModule' in project 'swift-numerics'
        ➜ Explicit dependency on target 'RealModule' in project 'swift-numerics'
        ➜ Explicit dependency on target '_NumericsShims' in project 'swift-numerics'
    Target 'RealModule' in project 'swift-numerics'
        ➜ Explicit dependency on target '_NumericsShims' in project 'swift-numerics'
    Target '_NumericsShims' in project 'swift-numerics' (no dependencies)
    Target 'AsyncAlgorithms' in project 'swift-async-algorithms'
        ➜ Explicit dependency on target 'AsyncAlgorithms' in project 'swift-async-algorithms'
        ➜ Explicit dependency on target 'OrderedCollections' in project 'swift-collections'
        ➜ Explicit dependency on target 'DequeModule' in project 'swift-collections'
    Target 'AsyncAlgorithms' in project 'swift-async-algorithms'
        ➜ Explicit dependency on target 'OrderedCollections' in project 'swift-collections'
        ➜ Explicit dependency on target 'DequeModule' in project 'swift-collections'
    Target 'DequeModule' in project 'swift-collections'
        ➜ Explicit dependency on target 'DequeModule' in project 'swift-collections'
        ➜ Explicit dependency on target 'InternalCollectionsUtilities' in project 'swift-collections'
        ➜ Explicit dependency on target 'ContainersPreview' in project 'swift-collections'
    Target 'DequeModule' in project 'swift-collections'
        ➜ Explicit dependency on target 'InternalCollectionsUtilities' in project 'swift-collections'
        ➜ Explicit dependency on target 'ContainersPreview' in project 'swift-collections'
    Target 'ContainersPreview' in project 'swift-collections'
        ➜ Explicit dependency on target 'InternalCollectionsUtilities' in project 'swift-collections'
    Target 'OrderedCollections' in project 'swift-collections'
        ➜ Explicit dependency on target 'OrderedCollections' in project 'swift-collections'
        ➜ Explicit dependency on target 'InternalCollectionsUtilities' in project 'swift-collections'
    Target 'OrderedCollections' in project 'swift-collections'
        ➜ Explicit dependency on target 'InternalCollectionsUtilities' in project 'swift-collections'
    Target 'InternalCollectionsUtilities' in project 'swift-collections' (no dependencies)
    Target 'OpenWidgetExtension' in project 'OpenHikes'
        ➜ Explicit dependency on target 'SwiftLintBuildToolPlugin' in project 'SwiftLintPlugins'
        ➜ Explicit dependency on target 'OpenHikesShared' in project 'OpenHikesShared'
    Target 'OpenHikesShared' in project 'OpenHikesShared'
        ➜ Explicit dependency on target 'OpenHikesShared' in project 'OpenHikesShared'
    Target 'OpenHikesShared' in project 'OpenHikesShared' (no dependencies)
    Target 'SwiftLintBuildToolPlugin' in project 'SwiftLintPlugins'
        ➜ Explicit dependency on target 'SwiftLintBuildToolPlugin' in project 'SwiftLintPlugins'
    Target 'SwiftLintBuildToolPlugin' in project 'SwiftLintPlugins' (no dependencies)

GatherProvisioningInputs

CreateBuildDescription

ExecuteExternalTool /Applications/Xcode.app/Contents/Developer/Toolchains/XcodeDefault.xctoolchain/usr/bin/swiftc --version

ExecuteExternalTool /Applications/Xcode.app/Contents/Developer/usr/bin/actool --version --output-format xml1

ExecuteExternalTool /Applications/Xcode.app/Contents/Developer/Toolchains/XcodeDefault.xctoolchain/usr/bin/clang -v -E -dM -arch arm64 -isysroot /Applications/Xcode.app/Contents/Developer/Platforms/iPhoneSimulator.platform/Developer/SDKs/iPhoneSimulator26.5.sdk -x c -c /dev/null

ExecuteExternalTool /Applications/Xcode.app/Contents/Developer/Toolchains/XcodeDefault.xctoolchain/usr/bin/clang -v -E -dM -isysroot /Applications/Xcode.app/Contents/Developer/Platforms/MacOSX.platform/Developer/SDKs/MacOSX26.5.sdk -x c -c /dev/null

ExecuteExternalTool /Applications/Xcode.app/Contents/Developer/usr/bin/actool --print-asset-tag-combinations --output-format xml1 /Users/zsoraj/Documents/OpenHikes/OpenHikes/Assets.xcassets

ExecuteExternalTool /Applications/Xcode.app/Contents/Developer/Toolchains/XcodeDefault.xctoolchain/usr/bin/clang -v -E -dM -isysroot /Applications/Xcode.app/Contents/Developer/Platforms/iPhoneSimulator.platform/Developer/SDKs/iPhoneSimulator26.5.sdk -x c -c /dev/null

ExecuteExternalTool /Applications/Xcode.app/Contents/Developer/Toolchains/XcodeDefault.xctoolchain/usr/bin/ld -version_details

ReadFileContents /Applications/Xcode.app/Contents/Developer/Toolchains/XcodeDefault.xctoolchain/usr/share/docc/features.json

Build description signature: 8199b380cdd72195cab9bad1ba07d758
Build description path: /Users/zsoraj/Library/Developer/Xcode/DerivedData/OpenHikes-dsjbwflghsqoduenorzlwghaliyw/Build/Intermediates.noindex/XCBuildData/8199b380cdd72195cab9bad1ba07d758.xcbuilddata
ClangStatCache /Applications/Xcode.app/Contents/Developer/Toolchains/XcodeDefault.xctoolchain/usr/bin/clang-stat-cache /Applications/Xcode.app/Contents/Developer/Platforms/iPhoneSimulator.platform/Developer/SDKs/iPhoneSimulator26.5.sdk /Users/zsoraj/Library/Developer/Xcode/DerivedData/SDKStatCaches.noindex/iphonesimulator26.5-23F81a-6cfe768891a92b912361537c460fe42b.sdkstatcache
    cd /Users/zsoraj/Documents/OpenHikes/OpenHikes.xcodeproj
    /Applications/Xcode.app/Contents/Developer/Toolchains/XcodeDefault.xctoolchain/usr/bin/clang-stat-cache /Applications/Xcode.app/Contents/Developer/Platforms/iPhoneSimulator.platform/Developer/SDKs/iPhoneSimulator26.5.sdk -o /Users/zsoraj/Library/Developer/Xcode/DerivedData/SDKStatCaches.noindex/iphonesimulator26.5-23F81a-6cfe768891a92b912361537c460fe42b.sdkstatcache

ProcessInfoPlistFile /Users/zsoraj/Library/Developer/Xcode/DerivedData/OpenHikes-dsjbwflghsqoduenorzlwghaliyw/Build/Products/Debug-iphonesimulator/OpenWidgetExtension.appex/Info.plist /Users/zsoraj/Documents/OpenHikes/OpenWidget/Info.plist (in target 'OpenWidgetExtension' from project 'OpenHikes')
    cd /Users/zsoraj/Documents/OpenHikes
    builtin-infoPlistUtility /Users/zsoraj/Documents/OpenHikes/OpenWidget/Info.plist -producttype com.apple.product-type.app-extension -expandbuildsettings -format binary -platform iphonesimulator -additionalcontentfile /Users/zsoraj/Library/Developer/Xcode/DerivedData/OpenHikes-dsjbwflghsqoduenorzlwghaliyw/Build/Intermediates.noindex/OpenHikes.build/Debug-iphonesimulator/OpenWidgetExtension.build/assetcatalog_generated_info.plist -o /Users/zsoraj/Library/Developer/Xcode/DerivedData/OpenHikes-dsjbwflghsqoduenorzlwghaliyw/Build/Products/Debug-iphonesimulator/OpenWidgetExtension.appex/Info.plist

note: Disabling hardened runtime with ad-hoc codesigning. (in target 'OpenHikes' from project 'OpenHikes')
ProcessInfoPlistFile /Users/zsoraj/Library/Developer/Xcode/DerivedData/OpenHikes-dsjbwflghsqoduenorzlwghaliyw/Build/Products/Debug-iphonesimulator/OpenHikes.app/Info.plist /Users/zsoraj/Documents/OpenHikes/OpenHikes/Info.plist (in target 'OpenHikes' from project 'OpenHikes')
    cd /Users/zsoraj/Documents/OpenHikes
    builtin-infoPlistUtility /Users/zsoraj/Documents/OpenHikes/OpenHikes/Info.plist -producttype com.apple.product-type.application -genpkginfo /Users/zsoraj/Library/Developer/Xcode/DerivedData/OpenHikes-dsjbwflghsqoduenorzlwghaliyw/Build/Products/Debug-iphonesimulator/OpenHikes.app/PkgInfo -expandbuildsettings -format binary -platform iphonesimulator -additionalcontentfile /Users/zsoraj/Library/Developer/Xcode/DerivedData/OpenHikes-dsjbwflghsqoduenorzlwghaliyw/Build/Intermediates.noindex/OpenHikes.build/Debug-iphonesimulator/OpenHikes.build/assetcatalog_generated_info.plist -scanforprivacyfile /Users/zsoraj/Library/Developer/Xcode/DerivedData/OpenHikes-dsjbwflghsqoduenorzlwghaliyw/Build/Products/Debug-iphonesimulator/OpenHikes.app/PlugIns/OpenWidgetExtension.appex -o /Users/zsoraj/Library/Developer/Xcode/DerivedData/OpenHikes-dsjbwflghsqoduenorzlwghaliyw/Build/Products/Debug-iphonesimulator/OpenHikes.app/Info.plist

CopySwiftLibs /Users/zsoraj/Library/Developer/Xcode/DerivedData/OpenHikes-dsjbwflghsqoduenorzlwghaliyw/Build/Products/Debug-iphonesimulator/OpenHikes.app (in target 'OpenHikes' from project 'OpenHikes')
    cd /Users/zsoraj/Documents/OpenHikes
    builtin-swiftStdLibTool --copy --verbose --sign - --scan-executable /Users/zsoraj/Library/Developer/Xcode/DerivedData/OpenHikes-dsjbwflghsqoduenorzlwghaliyw/Build/Products/Debug-iphonesimulator/OpenHikes.app/OpenHikes.debug.dylib --scan-folder /Users/zsoraj/Library/Developer/Xcode/DerivedData/OpenHikes-dsjbwflghsqoduenorzlwghaliyw/Build/Products/Debug-iphonesimulator/OpenHikes.app/Frameworks --scan-folder /Users/zsoraj/Library/Developer/Xcode/DerivedData/OpenHikes-dsjbwflghsqoduenorzlwghaliyw/Build/Products/Debug-iphonesimulator/OpenHikes.app/PlugIns --scan-folder /Users/zsoraj/Library/Developer/Xcode/DerivedData/OpenHikes-dsjbwflghsqoduenorzlwghaliyw/Build/Products/Debug-iphonesimulator/OpenHikes.app/SystemExtensions --scan-folder /Users/zsoraj/Library/Developer/Xcode/DerivedData/OpenHikes-dsjbwflghsqoduenorzlwghaliyw/Build/Products/Debug-iphonesimulator/OpenHikes.app/Extensions --platform iphonesimulator --toolchain /Applications/Xcode.app/Contents/Developer/Toolchains/XcodeDefault.xctoolchain --destination /Users/zsoraj/Library/Developer/Xcode/DerivedData/OpenHikes-dsjbwflghsqoduenorzlwghaliyw/Build/Products/Debug-iphonesimulator/OpenHikes.app/Frameworks --strip-bitcode --strip-bitcode-tool /Applications/Xcode.app/Contents/Developer/Toolchains/XcodeDefault.xctoolchain/usr/bin/bitcode_strip --emit-dependency-info /Users/zsoraj/Library/Developer/Xcode/DerivedData/OpenHikes-dsjbwflghsqoduenorzlwghaliyw/Build/Intermediates.noindex/OpenHikes.build/Debug-iphonesimulator/OpenHikes.build/SwiftStdLibToolInputDependencies.dep --filter-for-swift-os

ProcessInfoPlistFile /Users/zsoraj/Library/Developer/Xcode/DerivedData/OpenHikes-dsjbwflghsqoduenorzlwghaliyw/Build/Products/Debug-iphonesimulator/OpenHikesUITests-Runner.app/PlugIns/OpenHikesUITests.xctest/Info.plist /Users/zsoraj/Library/Developer/Xcode/DerivedData/OpenHikes-dsjbwflghsqoduenorzlwghaliyw/Build/Intermediates.noindex/OpenHikes.build/Debug-iphonesimulator/OpenHikesUITests.build/empty-OpenHikesUITests.plist (in target 'OpenHikesUITests' from project 'OpenHikes')
    cd /Users/zsoraj/Documents/OpenHikes
    builtin-infoPlistUtility /Users/zsoraj/Library/Developer/Xcode/DerivedData/OpenHikes-dsjbwflghsqoduenorzlwghaliyw/Build/Intermediates.noindex/OpenHikes.build/Debug-iphonesimulator/OpenHikesUITests.build/empty-OpenHikesUITests.plist -producttype com.apple.product-type.bundle.ui-testing -expandbuildsettings -format binary -platform iphonesimulator -additionalcontentfile /Users/zsoraj/Library/Developer/Xcode/DerivedData/OpenHikes-dsjbwflghsqoduenorzlwghaliyw/Build/Intermediates.noindex/OpenHikes.build/Debug-iphonesimulator/OpenHikesUITests.build/ProductTypeInfoPlistAdditions.plist -o /Users/zsoraj/Library/Developer/Xcode/DerivedData/OpenHikes-dsjbwflghsqoduenorzlwghaliyw/Build/Products/Debug-iphonesimulator/OpenHikesUITests-Runner.app/PlugIns/OpenHikesUITests.xctest/Info.plist

2026-08-27 00:57:17.395047+0200 OpenHikesUITests-Runner[15338:1699632] [Default] Running tests...
    t =      nans Interface orientation changed to Portrait
Test Suite 'Selected tests' started at 2026-08-27 00:57:17.836.
Test Suite 'OpenHikesUITests.xctest' started at 2026-08-27 00:57:17.836.
Test Suite 'PerformanceUITests' started at 2026-08-27 00:57:17.836.
Test Case '-[OpenHikesUITests.PerformanceUITests testBackgroundRecordingCostsNothingPerFix]' started.
    t =     0.00s Start Test at 2026-08-27 00:57:17.837
    t =     0.02s Set Up
    t =     0.02s Open tappium.com.OpenHikes
    t =     0.02s     Launch tappium.com.OpenHikes
2026-08-27 00:57:17.928 xcodebuild[15297:1698954] [MT] IDELaunchParametersSnapshot: The operation couldn’t be completed. (DebuggerLLDB.DebuggerVersionStore.StoreError error 0.)
2026-08-27 00:57:17.928 xcodebuild[15297:1698954] [MT] IDELaunchParametersSnapshot: no debugger version
objc[15338]: Class UIAccessibilityLoaderWebShared is implemented in both /Library/Developer/CoreSimulator/Volumes/iOS_23F77/Library/Developer/CoreSimulator/Profiles/Runtimes/iOS 26.5.simruntime/Contents/Resources/RuntimeRoot/System/Library/AccessibilityBundles/WebCore.axbundle/WebCore (0x1089c4310) and /Library/Developer/CoreSimulator/Volumes/iOS_23F77/Library/Developer/CoreSimulator/Profiles/Runtimes/iOS 26.5.simruntime/Contents/Resources/RuntimeRoot/System/Library/AccessibilityBundles/WebKit.axbundle/WebKit (0x107e98398). This may cause spurious casting failures and mysterious crashes. One of the duplicates must be removed or renamed.
    t =     0.70s         Setting up automation session
    t =     1.40s         Wait for tappium.com.OpenHikes to idle
    t =     2.85s Wait for tappium.com.OpenHikes to become Running Foreground
    t =     2.86s Setting simulated location to <+47.71840000,+12.83180000> +/- 5.00m (speed -1.00 mps / course -1.00) @ 27.08.26, 00:57:20 Mitteleuropäische Sommerzeit
    t =     2.86s Open tappium.com.OpenHikes
    t =     2.86s     Activate tappium.com.OpenHikes
    t =     2.86s         Wait for tappium.com.OpenHikes to idle
    t =     3.01s Wait for tappium.com.OpenHikes to become Running Foreground
    t =     3.01s Tap Target Application 'tappium.com.OpenHikes'
    t =     3.01s     Wait for tappium.com.OpenHikes to idle
    t =     3.01s     Find the Target Application 'tappium.com.OpenHikes'
    t =     3.07s     Check for interrupting elements affecting "OpenHikes" Application
    t =     3.08s     Synthesize event
    t =     3.38s     Wait for tappium.com.OpenHikes to idle
    t =     3.76s Waiting 30.0s for "record-hike-button" Any to exist
    t =     4.83s     Checking `Expect predicate `existsNoRetry == 1` for object "record-hike-button" Any`
    t =     4.83s         Checking existence of `"record-hike-button" Any`
    t =     4.86s Tap "record-hike-button" Any
    t =     4.86s     Wait for tappium.com.OpenHikes to idle
    t =     4.87s     Find the "record-hike-button" Any
    t =     4.90s     Check for interrupting elements affecting "record-hike-button" Button
    t =     4.92s     Synthesize event
    t =     5.21s     Wait for tappium.com.OpenHikes to idle
    t =     6.06s Waiting 30.0s for "recording-point-count" Any to exist
    t =     7.13s     Checking `Expect predicate `existsNoRetry == 1` for object "recording-point-count" Any`
    t =     7.13s         Checking existence of `"recording-point-count" Any`
    t =     7.21s Waiting 30.0s for "performance-counters" Any to exist
    t =     8.29s     Checking `Expect predicate `existsNoRetry == 1` for object "performance-counters" Any`
    t =     8.29s         Checking existence of `"performance-counters" Any`
    t =     8.33s Find the "performance-counters" Any
    t =     8.85s Waiting 30.0s for "performance-counters" Any to exist
    t =     9.93s     Checking `Expect predicate `existsNoRetry == 1` for object "performance-counters" Any`
    t =     9.93s         Checking existence of `"performance-counters" Any`
    t =     9.96s Find the "performance-counters" Any
    t =     9.98s Waiting 30.0s for "performance-counters" Any to exist
    t =    11.06s     Checking `Expect predicate `existsNoRetry == 1` for object "performance-counters" Any`
    t =    11.06s         Checking existence of `"performance-counters" Any`
    t =    11.09s Find the "performance-counters" Any
    t =    11.11s Pressing Home button
    t =    15.58s Setting simulated location to <+47.71860000,+12.83180000> +/- 5.00m (speed -1.00 mps / course -1.00) @ 27.08.26, 00:57:33 Mitteleuropäische Sommerzeit
    t =    19.59s Setting simulated location to <+47.71880000,+12.83180000> +/- 5.00m (speed -1.00 mps / course -1.00) @ 27.08.26, 00:57:37 Mitteleuropäische Sommerzeit
    t =    23.60s Setting simulated location to <+47.71900000,+12.83180000> +/- 5.00m (speed -1.00 mps / course -1.00) @ 27.08.26, 00:57:41 Mitteleuropäische Sommerzeit
    t =    25.62s Open tappium.com.OpenHikes
    t =    25.62s     Activate tappium.com.OpenHikes
    t =    25.65s         Wait for tappium.com.OpenHikes to idle
    t =    25.70s Wait for tappium.com.OpenHikes to become Running Foreground
    t =    25.70s Waiting 30.0s for "recording-point-count" Any to exist
    t =    26.77s     Checking `Expect predicate `existsNoRetry == 1` for object "recording-point-count" Any`
    t =    26.77s         Checking existence of `"recording-point-count" Any`
    t =    26.84s Waiting 30.0s for "performance-counters" Any to exist
    t =    27.92s     Checking `Expect predicate `existsNoRetry == 1` for object "performance-counters" Any`
    t =    27.92s         Checking existence of `"performance-counters" Any`
    t =    27.93s Find the "performance-counters" Any
PERF-PHASE	background-recording	background-recording	1787785048.947736	1787785065.7829309
PERF-COUNT	background-recording	background-recording	CPU.s	0.6745810000000008	0.22486033333333358
PERF-COUNT	background-recording	background-recording	LiveFixAccepted	3.0	1.0
PERF-COUNT	background-recording	background-recording	LiveTrailMatchApplied	3.0	1.0
PERF-COUNT	background-recording	background-recording	LocationFixDelivered	1.0	0.3333333333333333
PERF-COUNT	background-recording	background-recording	LocationPublished	1.0	0.3333333333333333
PERF-COUNT	background-recording	background-recording	MapRecordingTraceApplied	1.0	0.3333333333333333
PERF-COUNT	background-recording	background-recording	MapSheetBody	4.0	1.3333333333333333
PERF-COUNT	background-recording	background-recording	OpenHikesViewBody	4.0	1.3333333333333333
PERF-COUNT	background-recording	background-recording	Process	17.0	5.666666666666667
PERF-COUNT	background-recording	background-recording	RecordingBody	4.0	1.3333333333333333
PERF-COUNT	background-recording	background-recording	RecordingClockTick	3.0	1.0
PERF-COUNT	background-recording	background-recording	RecordingFixReceived	3.0	1.0
PERF-COUNT	background-recording	background-recording	RecordingTailRebuilt	6.0	2.0
PERF-COUNT	background-recording	background-recording	ScenePhaseChanged	4.0	1.3333333333333333
PERF-COUNT	background-recording	background-recording	TileNetworkFetch	10.0	3.3333333333333335
PERF-COUNT	background-recording	background-recording	TrailMatcherWork	3.0	1.0
    t =    27.95s Pressing Home button
    t =    30.42s Resetting the simulated location
    t =    30.43s Tear Down
Test Case '-[OpenHikesUITests.PerformanceUITests testBackgroundRecordingCostsNothingPerFix]' passed (30.767 seconds).
Test Case '-[OpenHikesUITests.PerformanceUITests testChartScrubbingStaysInsideTheChart]' started.
    t =     0.00s Start Test at 2026-08-27 00:57:48.606
    t =     0.02s Set Up
    t =     0.02s Open tappium.com.OpenHikes
    t =     0.03s     Launch tappium.com.OpenHikes
    t =     0.03s         Terminate tappium.com.OpenHikes:15344
2026-08-27 00:57:49.717 xcodebuild[15297:1698954] [MT] IDELaunchParametersSnapshot: The operation couldn’t be completed. (DebuggerLLDB.DebuggerVersionStore.StoreError error 0.)
2026-08-27 00:57:49.717 xcodebuild[15297:1698954] [MT] IDELaunchParametersSnapshot: no debugger version
    t =     1.33s         Setting up automation session
    t =     2.14s         Wait for tappium.com.OpenHikes to idle
    t =     3.67s Wait for tappium.com.OpenHikes to become Running Foreground
    t =     3.67s Waiting 30.0s for "hike-row" Any to exist
    t =     4.73s     Checking `Expect predicate `existsNoRetry == 1` for object "hike-row" Any`
    t =     4.73s         Checking existence of `"hike-row" Any`
    t =     4.83s Tap "hike-row" Any
    t =     4.83s     Wait for tappium.com.OpenHikes to idle
    t =     4.84s     Find the "hike-row" Any
    t =     4.89s     Check for interrupting elements affecting "hike-row" Button
    t =     4.93s     Synthesize event
    t =     5.22s     Wait for tappium.com.OpenHikes to idle
    t =     6.07s Waiting 30.0s for "Thumsee Loop (fast, simulated)" NavigationBar to exist
    t =     7.14s     Checking `Expect predicate `existsNoRetry == 1` for object "Thumsee Loop (fast, simulated)" NavigationBar`
    t =     7.14s         Checking existence of `"Thumsee Loop (fast, simulated)" NavigationBar`
    t =     7.22s Waiting 30.0s for "elevation-chart" Any to exist
    t =     8.29s     Checking `Expect predicate `existsNoRetry == 1` for object "elevation-chart" Any`
    t =     8.29s         Checking existence of `"elevation-chart" Any`
    t =     8.37s Tap "elevation-chart" Any[0.50, 0.50]
    t =     8.37s     Wait for tappium.com.OpenHikes to idle
    t =     8.37s     Find the "elevation-chart" Any
    t =     8.42s     Check for interrupting elements affecting "elevation-chart" Other
    t =     8.46s     Synthesize event
    t =     8.46s         Find the "elevation-chart" Other
    t =     8.51s         Find the "elevation-chart" Other
    t =     8.56s         Find the "elevation-chart" Other
    t =     8.90s     Wait for tappium.com.OpenHikes to idle
    t =     9.61s Waiting 30.0s for "performance-counters" Any to exist
    t =    10.68s     Checking `Expect predicate `existsNoRetry == 1` for object "performance-counters" Any`
    t =    10.68s         Checking existence of `"performance-counters" Any`
    t =    10.71s Find the "performance-counters" Any
    t =    11.24s Waiting 30.0s for "performance-counters" Any to exist
    t =    12.31s     Checking `Expect predicate `existsNoRetry == 1` for object "performance-counters" Any`
    t =    12.32s         Checking existence of `"performance-counters" Any`
    t =    12.35s Find the "performance-counters" Any
    t =    12.37s Waiting 30.0s for "performance-counters" Any to exist
    t =    13.45s     Checking `Expect predicate `existsNoRetry == 1` for object "performance-counters" Any`
    t =    13.45s         Checking existence of `"performance-counters" Any`
    t =    13.49s Find the "performance-counters" Any
    t =    13.50s Tap "elevation-chart" Other[0.10, 0.50]
    t =    13.50s     Wait for tappium.com.OpenHikes to idle
    t =    13.50s     Find the "elevation-chart" Other
    t =    13.56s     Check for interrupting elements affecting "elevation-chart" Other
    t =    13.59s     Synthesize event
    t =    13.59s         Find the "elevation-chart" Other
    t =    13.64s         Find the "elevation-chart" Other
    t =    13.70s         Find the "elevation-chart" Other
    t =    14.03s     Wait for tappium.com.OpenHikes to idle
    t =    14.74s Tap "elevation-chart" Other[0.20, 0.50]
    t =    14.74s     Wait for tappium.com.OpenHikes to idle
    t =    14.75s     Find the "elevation-chart" Other
    t =    14.81s     Check for interrupting elements affecting "elevation-chart" Other
    t =    14.85s     Synthesize event
    t =    14.85s         Find the "elevation-chart" Other
    t =    14.90s         Find the "elevation-chart" Other
    t =    14.96s         Find the "elevation-chart" Other
    t =    15.29s     Wait for tappium.com.OpenHikes to idle
    t =    16.01s Tap "elevation-chart" Other[0.30, 0.50]
    t =    16.01s     Wait for tappium.com.OpenHikes to idle
    t =    16.01s     Find the "elevation-chart" Other
    t =    16.07s     Check for interrupting elements affecting "elevation-chart" Other
    t =    16.11s     Synthesize event
    t =    16.11s         Find the "elevation-chart" Other
    t =    16.17s         Find the "elevation-chart" Other
    t =    16.22s         Find the "elevation-chart" Other
    t =    16.56s     Wait for tappium.com.OpenHikes to idle
    t =    17.27s Tap "elevation-chart" Other[0.40, 0.50]
    t =    17.27s     Wait for tappium.com.OpenHikes to idle
    t =    17.28s     Find the "elevation-chart" Other
    t =    17.34s     Check for interrupting elements affecting "elevation-chart" Other
    t =    17.38s     Synthesize event
    t =    17.38s         Find the "elevation-chart" Other
    t =    17.44s         Find the "elevation-chart" Other
    t =    17.49s         Find the "elevation-chart" Other
    t =    17.83s     Wait for tappium.com.OpenHikes to idle
    t =    18.54s Tap "elevation-chart" Other[0.50, 0.50]
    t =    18.54s     Wait for tappium.com.OpenHikes to idle
    t =    18.55s     Find the "elevation-chart" Other
    t =    18.61s     Check for interrupting elements affecting "elevation-chart" Other
    t =    18.65s     Synthesize event
    t =    18.65s         Find the "elevation-chart" Other
    t =    18.70s         Find the "elevation-chart" Other
    t =    18.76s         Find the "elevation-chart" Other
    t =    19.09s     Wait for tappium.com.OpenHikes to idle
    t =    19.81s Tap "elevation-chart" Other[0.60, 0.50]
    t =    19.81s     Wait for tappium.com.OpenHikes to idle
    t =    19.81s     Find the "elevation-chart" Other
    t =    19.88s     Check for interrupting elements affecting "elevation-chart" Other
    t =    19.92s     Synthesize event
    t =    19.92s         Find the "elevation-chart" Other
    t =    19.97s         Find the "elevation-chart" Other
    t =    20.02s         Find the "elevation-chart" Other
    t =    20.35s     Wait for tappium.com.OpenHikes to idle
    t =    21.07s Tap "elevation-chart" Other[0.70, 0.50]
    t =    21.07s     Wait for tappium.com.OpenHikes to idle
    t =    21.07s     Find the "elevation-chart" Other
    t =    21.14s     Check for interrupting elements affecting "elevation-chart" Other
    t =    21.18s     Synthesize event
    t =    21.18s         Find the "elevation-chart" Other
    t =    21.23s         Find the "elevation-chart" Other
    t =    21.29s         Find the "elevation-chart" Other
    t =    21.62s     Wait for tappium.com.OpenHikes to idle
    t =    22.34s Tap "elevation-chart" Other[0.80, 0.50]
    t =    22.34s     Wait for tappium.com.OpenHikes to idle
    t =    22.34s     Find the "elevation-chart" Other
    t =    22.41s     Check for interrupting elements affecting "elevation-chart" Other
    t =    22.45s     Synthesize event
    t =    22.45s         Find the "elevation-chart" Other
    t =    22.50s         Find the "elevation-chart" Other
    t =    22.55s         Find the "elevation-chart" Other
    t =    22.89s     Wait for tappium.com.OpenHikes to idle
    t =    23.61s Tap "elevation-chart" Other[0.90, 0.50]
    t =    23.61s     Wait for tappium.com.OpenHikes to idle
    t =    23.61s     Find the "elevation-chart" Other
    t =    23.68s     Check for interrupting elements affecting "elevation-chart" Other
    t =    23.72s     Synthesize event
    t =    23.72s         Find the "elevation-chart" Other
    t =    23.77s         Find the "elevation-chart" Other
    t =    23.82s         Find the "elevation-chart" Other
    t =    24.16s     Wait for tappium.com.OpenHikes to idle
    t =    24.87s Waiting 30.0s for "performance-counters" Any to exist
    t =    25.94s     Checking `Expect predicate `existsNoRetry == 1` for object "performance-counters" Any`
    t =    25.94s         Checking existence of `"performance-counters" Any`
    t =    25.97s Find the "performance-counters" Any
PERF-PHASE	chart-scrub	scrub-taps	1787785082.107372	1787785094.597126
PERF-COUNT	chart-scrub	scrub-taps	CPU.s	2.2145989999999998	
PERF-COUNT	chart-scrub	scrub-taps	Footprint.MB	4.09375	
PERF-COUNT	chart-scrub	scrub-taps	HikeDetailBody	3.0	
PERF-COUNT	chart-scrub	scrub-taps	HikePhotoSectionBody	3.0	
PERF-COUNT	chart-scrub	scrub-taps	MapSheetBody	2.0	
PERF-COUNT	chart-scrub	scrub-taps	MapSheetHikesBody	1.0	
PERF-COUNT	chart-scrub	scrub-taps	OpenHikesViewBody	1.0	
PERF-COUNT	chart-scrub	scrub-taps	Process	12.0	
    t =    25.99s Waiting 30.0s for "performance-counters" Any to exist
    t =    27.05s     Checking `Expect predicate `existsNoRetry == 1` for object "performance-counters" Any`
    t =    27.05s         Checking existence of `"performance-counters" Any`
    t =    27.08s Find the "performance-counters" Any
    t =    27.61s Waiting 30.0s for "performance-counters" Any to exist
    t =    28.68s     Checking `Expect predicate `existsNoRetry == 1` for object "performance-counters" Any`
    t =    28.68s         Checking existence of `"performance-counters" Any`
    t =    28.71s Find the "performance-counters" Any
    t =    28.73s Waiting 30.0s for "performance-counters" Any to exist
    t =    29.79s     Checking `Expect predicate `existsNoRetry == 1` for object "performance-counters" Any`
    t =    29.79s         Checking existence of `"performance-counters" Any`
    t =    29.82s Find the "performance-counters" Any
    t =    29.84s Press "elevation-chart" Other[0.10, 0.50] for 0.1 seconds, then drag to "elevation-chart" Other[0.90, 0.50] with velocity of 500.00 pixels per second, and then hold for 0.0 seconds 
    t =    29.84s     Wait for tappium.com.OpenHikes to idle
    t =    29.84s     Find the "elevation-chart" Other
    t =    29.89s     Check for interrupting elements affecting "elevation-chart" Other
    t =    29.93s     Synthesize event
    t =    29.93s         Find the "elevation-chart" Other
    t =    29.98s         Find the "elevation-chart" Other
    t =    30.03s         Find the "elevation-chart" Other
    t =    30.08s         Find the "elevation-chart" Other
    t =    30.14s         Find the "elevation-chart" Other
    t =    31.11s     Wait for tappium.com.OpenHikes to idle
    t =    31.82s Waiting 30.0s for "performance-counters" Any to exist
    t =    32.87s     Checking `Expect predicate `existsNoRetry == 1` for object "performance-counters" Any`
    t =    32.87s         Checking existence of `"performance-counters" Any`
    t =    32.90s Find the "performance-counters" Any
PERF-PHASE	chart-scrub	scrub-drag	1787785098.441057	1787785101.521318
PERF-COUNT	chart-scrub	scrub-drag	CPU.s	0.9935480000000005	
PERF-COUNT	chart-scrub	scrub-drag	ElevationChartBody	17.0	
PERF-COUNT	chart-scrub	scrub-drag	HikeDetailBody	2.0	
PERF-COUNT	chart-scrub	scrub-drag	HikePhotoSectionBody	2.0	
PERF-COUNT	chart-scrub	scrub-drag	LiveFollowUpdate	1.0	
PERF-COUNT	chart-scrub	scrub-drag	Process	3.0	
    t =    32.92s Pressing Home button
    t =    35.39s Tear Down
Test Case '-[OpenHikesUITests.PerformanceUITests testChartScrubbingStaysInsideTheChart]' passed (35.714 seconds).
Test Case '-[OpenHikesUITests.PerformanceUITests testIdleCostsNothing]' started.
    t =     0.00s Start Test at 2026-08-27 00:58:24.321
    t =     0.02s Set Up
    t =     0.02s Open tappium.com.OpenHikes
    t =     0.02s     Launch tappium.com.OpenHikes
    t =     0.03s         Terminate tappium.com.OpenHikes:15387
2026-08-27 00:58:25.434 xcodebuild[15297:1698954] [MT] IDELaunchParametersSnapshot: The operation couldn’t be completed. (DebuggerLLDB.DebuggerVersionStore.StoreError error 0.)
2026-08-27 00:58:25.434 xcodebuild[15297:1698954] [MT] IDELaunchParametersSnapshot: no debugger version
    t =     1.33s         Setting up automation session
    t =     2.12s         Wait for tappium.com.OpenHikes to idle
    t =     3.67s Wait for tappium.com.OpenHikes to become Running Foreground
    t =     3.67s Waiting 30.0s for "hike-row" Any to exist
    t =     4.73s     Checking `Expect predicate `existsNoRetry == 1` for object "hike-row" Any`
    t =     4.73s         Checking existence of `"hike-row" Any`
    t =     4.82s Waiting 30.0s for "performance-counters" Any to exist
    t =     5.88s     Checking `Expect predicate `existsNoRetry == 1` for object "performance-counters" Any`
    t =     5.89s         Checking existence of `"performance-counters" Any`
    t =     5.93s Find the "performance-counters" Any
    t =     6.46s Waiting 30.0s for "performance-counters" Any to exist
    t =     7.52s     Checking `Expect predicate `existsNoRetry == 1` for object "performance-counters" Any`
    t =     7.52s         Checking existence of `"performance-counters" Any`
    t =     7.55s Find the "performance-counters" Any
    t =     7.57s Waiting 30.0s for "performance-counters" Any to exist
    t =     8.61s     Checking `Expect predicate `existsNoRetry == 1` for object "performance-counters" Any`
    t =     8.61s         Checking existence of `"performance-counters" Any`
    t =     8.64s Find the "performance-counters" Any
    t =    14.66s Waiting 30.0s for "performance-counters" Any to exist
    t =    15.72s     Checking `Expect predicate `existsNoRetry == 1` for object "performance-counters" Any`
    t =    15.72s         Checking existence of `"performance-counters" Any`
    t =    15.75s Find the "performance-counters" Any
PERF-PHASE	idle	idle	1787785112.975851	1787785120.084216
PERF-COUNT	idle	idle	CPU.s	0.04543800000000031	
PERF-COUNT	idle	idle	Process	7.0	
    t =    15.76s Waiting 30.0s for "performance-counters" Any to exist
    t =    16.82s     Checking `Expect predicate `existsNoRetry == 1` for object "performance-counters" Any`
    t =    16.82s         Checking existence of `"performance-counters" Any`
    t =    16.85s Find the "performance-counters" Any
    t =    16.86s Pressing Home button
    t =    19.34s Tear Down
Test Case '-[OpenHikesUITests.PerformanceUITests testIdleCostsNothing]' passed (19.593 seconds).
Test Case '-[OpenHikesUITests.PerformanceUITests testLaunchAndSteadyStateResourceMetrics]' started.
    t =     0.00s Start Test at 2026-08-27 00:58:43.915
    t =     0.03s Set Up
    t =     0.03s Open tappium.com.OpenHikes
    t =     0.03s     Launch tappium.com.OpenHikes
    t =     0.04s         Terminate tappium.com.OpenHikes:15408
2026-08-27 00:58:45.037 xcodebuild[15297:1698954] [MT] IDELaunchParametersSnapshot: The operation couldn’t be completed. (DebuggerLLDB.DebuggerVersionStore.StoreError error 0.)
2026-08-27 00:58:45.037 xcodebuild[15297:1698954] [MT] IDELaunchParametersSnapshot: no debugger version
    t =     1.34s         Setting up automation session
    t =     2.18s         Wait for tappium.com.OpenHikes to idle
    t =     3.71s Waiting 30.0s for "hike-row" Any to exist
    t =     4.79s     Checking `Expect predicate `existsNoRetry == 1` for object "hike-row" Any`
    t =     4.79s         Checking existence of `"hike-row" Any`
    t =     4.89s Terminate tappium.com.OpenHikes:15439
2026-08-27 00:58:55.298603+0200 OpenHikesUITests-Runner[15338:1700440] [Default] Unable to reset the peak interval footprint of pid 15408
    t =    11.38s Open tappium.com.OpenHikes
    t =    11.39s     Launch tappium.com.OpenHikes
2026-08-27 00:58:55.311 xcodebuild[15297:1698954] [MT] IDELaunchParametersSnapshot: The operation couldn’t be completed. (DebuggerLLDB.DebuggerVersionStore.StoreError error 0.)
2026-08-27 00:58:55.311 xcodebuild[15297:1698954] [MT] IDELaunchParametersSnapshot: no debugger version
    t =    11.60s         Setting up automation session
    t =    12.36s         Wait for tappium.com.OpenHikes to idle
    t =    13.89s Waiting 30.0s for "hike-row" Any to exist
    t =    14.96s     Checking `Expect predicate `existsNoRetry == 1` for object "hike-row" Any`
    t =    14.96s         Checking existence of `"hike-row" Any`
    t =    15.05s Terminate tappium.com.OpenHikes:15450
2026-08-27 00:59:01.772661+0200 OpenHikesUITests-Runner[15338:1701485] [Default] Unable to reset the peak interval footprint of pid 15408
    t =    17.86s Open tappium.com.OpenHikes
    t =    17.86s     Launch tappium.com.OpenHikes
2026-08-27 00:59:01.779 xcodebuild[15297:1698954] [MT] IDELaunchParametersSnapshot: The operation couldn’t be completed. (DebuggerLLDB.DebuggerVersionStore.StoreError error 0.)
2026-08-27 00:59:01.779 xcodebuild[15297:1698954] [MT] IDELaunchParametersSnapshot: no debugger version
    t =    18.08s         Setting up automation session
    t =    18.82s         Wait for tappium.com.OpenHikes to idle
    t =    20.36s Waiting 30.0s for "hike-row" Any to exist
    t =    21.42s     Checking `Expect predicate `existsNoRetry == 1` for object "hike-row" Any`
    t =    21.42s         Checking existence of `"hike-row" Any`
    t =    21.52s Terminate tappium.com.OpenHikes:15456
2026-08-27 00:59:08.177317+0200 OpenHikesUITests-Runner[15338:1701954] [Default] Unable to reset the peak interval footprint of pid 15408
    t =    24.26s Open tappium.com.OpenHikes
    t =    24.26s     Launch tappium.com.OpenHikes
2026-08-27 00:59:08.184 xcodebuild[15297:1698954] [MT] IDELaunchParametersSnapshot: The operation couldn’t be completed. (DebuggerLLDB.DebuggerVersionStore.StoreError error 0.)
2026-08-27 00:59:08.184 xcodebuild[15297:1698954] [MT] IDELaunchParametersSnapshot: no debugger version
    t =    24.48s         Setting up automation session
    t =    25.22s         Wait for tappium.com.OpenHikes to idle
    t =    26.77s Waiting 30.0s for "hike-row" Any to exist
    t =    27.81s     Checking `Expect predicate `existsNoRetry == 1` for object "hike-row" Any`
    t =    27.81s         Checking existence of `"hike-row" Any`
    t =    27.91s Terminate tappium.com.OpenHikes:15463
/Users/zsoraj/Documents/OpenHikes/OpenHikesUITests/PerformanceUITests.swift:497: Test Case '-[OpenHikesUITests.PerformanceUITests testLaunchAndSteadyStateResourceMetrics]' measured [Duration (ApplicationFirstFramePresentationResponsive), s] average: 1.471, relative standard deviation: 0.177%, values: [1.470802, 1.467654, 1.474039], performanceMetricID:com.apple.dt.XCTMetric_ApplicationLaunch-ApplicationFirstFramePresentationResponsive.duration, baselineName: "", baselineAverage: , polarity: prefers smaller, maxPercentRegression: 10.000%, maxPercentRelativeStandardDeviation: 10.000%, maxRegression: 0.000, maxStandardDeviation: 0.000
    t =    30.74s Tear Down
Test Case '-[OpenHikesUITests.PerformanceUITests testLaunchAndSteadyStateResourceMetrics]' passed (30.840 seconds).
Test Case '-[OpenHikesUITests.PerformanceUITests testLiveRecordingCostPerFix]' started.
    t =     0.00s Start Test at 2026-08-27 00:59:14.755
    t =     0.01s Set Up
    t =     0.01s Open tappium.com.OpenHikes
    t =     0.01s     Launch tappium.com.OpenHikes
2026-08-27 00:59:14.769 xcodebuild[15297:1698954] [MT] IDELaunchParametersSnapshot: The operation couldn’t be completed. (DebuggerLLDB.DebuggerVersionStore.StoreError error 0.)
2026-08-27 00:59:14.769 xcodebuild[15297:1698954] [MT] IDELaunchParametersSnapshot: no debugger version
    t =     0.22s         Setting up automation session
    t =     0.98s         Wait for tappium.com.OpenHikes to idle
    t =     2.37s Wait for tappium.com.OpenHikes to become Running Foreground
    t =     2.37s Setting simulated location to <+47.71840000,+12.83180000> +/- 5.00m (speed -1.00 mps / course -1.00) @ 27.08.26, 00:59:17 Mitteleuropäische Sommerzeit
    t =     2.37s Open tappium.com.OpenHikes
    t =     2.37s     Activate tappium.com.OpenHikes
    t =     2.38s         Wait for tappium.com.OpenHikes to idle
    t =     2.40s Wait for tappium.com.OpenHikes to become Running Foreground
    t =     2.40s Tap Target Application 'tappium.com.OpenHikes'
    t =     2.40s     Wait for tappium.com.OpenHikes to idle
    t =     2.40s     Find the Target Application 'tappium.com.OpenHikes'
    t =     2.45s     Check for interrupting elements affecting "OpenHikes" Application
    t =     2.46s     Synthesize event
    t =     2.75s     Wait for tappium.com.OpenHikes to idle
    t =     3.13s Waiting 30.0s for "record-hike-button" Any to exist
    t =     4.20s     Checking `Expect predicate `existsNoRetry == 1` for object "record-hike-button" Any`
    t =     4.20s         Checking existence of `"record-hike-button" Any`
    t =     4.25s Tap "record-hike-button" Any
    t =     4.25s     Wait for tappium.com.OpenHikes to idle
    t =     4.26s     Find the "record-hike-button" Any
    t =     4.29s     Check for interrupting elements affecting "record-hike-button" Button
    t =     4.31s     Synthesize event
    t =     4.60s     Wait for tappium.com.OpenHikes to idle
    t =     5.46s Waiting 30.0s for "Record Hike" NavigationBar to exist
    t =     6.54s     Checking `Expect predicate `existsNoRetry == 1` for object "Record Hike" NavigationBar`
    t =     6.54s         Checking existence of `"Record Hike" NavigationBar`
    t =     6.59s Waiting 30.0s for "recording-point-count" Any to exist
    t =     7.67s     Checking `Expect predicate `existsNoRetry == 1` for object "recording-point-count" Any`
    t =     7.67s         Checking existence of `"recording-point-count" Any`
    t =     7.74s Waiting 30.0s for "performance-counters" Any to exist
    t =     8.82s     Checking `Expect predicate `existsNoRetry == 1` for object "performance-counters" Any`
    t =     8.82s         Checking existence of `"performance-counters" Any`
    t =     8.86s Find the "performance-counters" Any
    t =     9.38s Waiting 30.0s for "performance-counters" Any to exist
    t =    10.45s     Checking `Expect predicate `existsNoRetry == 1` for object "performance-counters" Any`
    t =    10.45s         Checking existence of `"performance-counters" Any`
    t =    10.48s Find the "performance-counters" Any
    t =    10.49s Waiting 30.0s for "performance-counters" Any to exist
    t =    11.55s     Checking `Expect predicate `existsNoRetry == 1` for object "performance-counters" Any`
    t =    11.55s         Checking existence of `"performance-counters" Any`
    t =    11.58s Find the "performance-counters" Any
    t =    11.60s Find the "recording-point-count" Any
    t =    15.67s Setting simulated location to <+47.71860000,+12.83180000> +/- 5.00m (speed -1.00 mps / course -1.00) @ 27.08.26, 00:59:30 Mitteleuropäische Sommerzeit
    t =    15.67s Find the "recording-point-count" Other
    t =    19.76s Setting simulated location to <+47.71860000,+12.83180000> +/- 5.00m (speed -1.00 mps / course -1.00) @ 27.08.26, 00:59:34 Mitteleuropäische Sommerzeit
    t =    19.76s Find the "recording-point-count" Other
    t =    23.84s Setting simulated location to <+47.71880000,+12.83180000> +/- 5.00m (speed -1.00 mps / course -1.00) @ 27.08.26, 00:59:38 Mitteleuropäische Sommerzeit
    t =    23.85s Find the "recording-point-count" Other
    t =    27.93s Setting simulated location to <+47.71900000,+12.83180000> +/- 5.00m (speed -1.00 mps / course -1.00) @ 27.08.26, 00:59:42 Mitteleuropäische Sommerzeit
    t =    27.93s Find the "recording-point-count" Other
    t =    32.01s Setting simulated location to <+47.71900000,+12.83180000> +/- 5.00m (speed -1.00 mps / course -1.00) @ 27.08.26, 00:59:46 Mitteleuropäische Sommerzeit
    t =    32.01s Find the "recording-point-count" Other
    t =    32.09s Waiting 30.0s for "performance-counters" Any to exist
    t =    33.14s     Checking `Expect predicate `existsNoRetry == 1` for object "performance-counters" Any`
    t =    33.14s         Checking existence of `"performance-counters" Any`
    t =    33.18s Find the "performance-counters" Any
PERF-PHASE	recording	recording	1787785166.3580499	1787785187.953652
PERF-COUNT	recording	recording	CPU.s	1.4631169999999996	0.48770566666666654
PERF-COUNT	recording	recording	LiveFixAccepted	3.0	1.0
PERF-COUNT	recording	recording	LiveTrailMatchApplied	3.0	1.0
PERF-COUNT	recording	recording	LocationFixDelivered	1.0	0.3333333333333333
PERF-COUNT	recording	recording	LocationPublished	1.0	0.3333333333333333
PERF-COUNT	recording	recording	MapRecordingTraceApplied	6.0	2.0
PERF-COUNT	recording	recording	Process	22.0	7.333333333333333
PERF-COUNT	recording	recording	RecordingClockTick	21.0	7.0
PERF-COUNT	recording	recording	RecordingFixReceived	3.0	1.0
PERF-COUNT	recording	recording	RecordingTailRebuilt	6.0	2.0
PERF-COUNT	recording	recording	TrailMatcherWork	3.0	1.0
    t =    33.20s Pressing Home button
    t =    35.68s Resetting the simulated location
    t =    35.68s Tear Down
Test Case '-[OpenHikesUITests.PerformanceUITests testLiveRecordingCostPerFix]' passed (35.998 seconds).
Test Case '-[OpenHikesUITests.PerformanceUITests testMapBrowsingDoesNotReRenderTheSheet]' started.
    t =     0.00s Start Test at 2026-08-27 00:59:50.754
    t =     0.02s Set Up
    t =     0.03s Open tappium.com.OpenHikes
    t =     0.03s     Launch tappium.com.OpenHikes
    t =     0.03s         Terminate tappium.com.OpenHikes:15469
2026-08-27 00:59:51.867 xcodebuild[15297:1698954] [MT] IDELaunchParametersSnapshot: The operation couldn’t be completed. (DebuggerLLDB.DebuggerVersionStore.StoreError error 0.)
2026-08-27 00:59:51.867 xcodebuild[15297:1698954] [MT] IDELaunchParametersSnapshot: no debugger version
    t =     1.33s         Setting up automation session
    t =     2.12s         Wait for tappium.com.OpenHikes to idle
    t =     3.67s Wait for tappium.com.OpenHikes to become Running Foreground
    t =     3.67s Waiting 30.0s for "hike-row" Any to exist
    t =     4.75s     Checking `Expect predicate `existsNoRetry == 1` for object "hike-row" Any`
    t =     4.75s         Checking existence of `"hike-row" Any`
    t =     4.84s Waiting 30.0s for "performance-counters" Any to exist
    t =     5.91s     Checking `Expect predicate `existsNoRetry == 1` for object "performance-counters" Any`
    t =     5.91s         Checking existence of `"performance-counters" Any`
    t =     5.94s Find the "performance-counters" Any
    t =     6.46s Waiting 30.0s for "performance-counters" Any to exist
    t =     7.53s     Checking `Expect predicate `existsNoRetry == 1` for object "performance-counters" Any`
    t =     7.53s         Checking existence of `"performance-counters" Any`
    t =     7.55s Find the "performance-counters" Any
    t =     7.56s Waiting 30.0s for "performance-counters" Any to exist
    t =     8.63s     Checking `Expect predicate `existsNoRetry == 1` for object "performance-counters" Any`
    t =     8.63s         Checking existence of `"performance-counters" Any`
    t =     8.66s Find the "performance-counters" Any
    t =     8.68s Swipe up "trail-map" Any
    t =     8.68s     Wait for tappium.com.OpenHikes to idle
    t =     8.68s     Find the "trail-map" Any
    t =     8.69s     Check for interrupting elements affecting "trail-map" Other
    t =     8.72s     Synthesize event
    t =     9.14s     Wait for tappium.com.OpenHikes to idle
    t =     9.82s Swipe left "trail-map" Other
    t =     9.82s     Wait for tappium.com.OpenHikes to idle
    t =     9.82s     Find the "trail-map" Other
    t =     9.85s     Check for interrupting elements affecting "trail-map" Other
    t =     9.87s     Synthesize event
    t =    10.30s     Wait for tappium.com.OpenHikes to idle
    t =    10.31s Pinch with scale 2, velocity 1 in "trail-map" Other
    t =    10.31s     Wait for tappium.com.OpenHikes to idle
    t =    10.31s     Find the "trail-map" Other
    t =    10.33s     Check for interrupting elements affecting "trail-map" Other
    t =    10.35s     Synthesize event
    t =    10.36s         Pinching with rect {{50, 50}, {302, 774}}
    t =    12.70s     Wait for tappium.com.OpenHikes to idle
    t =    12.70s Pinch with scale 0.5, velocity -1 in "trail-map" Other
    t =    12.70s     Wait for tappium.com.OpenHikes to idle
    t =    12.71s     Find the "trail-map" Other
    t =    12.73s     Check for interrupting elements affecting "trail-map" Other
    t =    12.75s     Synthesize event
    t =    12.76s         Pinching with rect {{50, 50}, {302, 774}}
    t =    13.62s     Wait for tappium.com.OpenHikes to idle
    t =    14.01s Swipe up "trail-map" Other
    t =    14.01s     Wait for tappium.com.OpenHikes to idle
    t =    14.02s     Find the "trail-map" Other
    t =    14.04s     Check for interrupting elements affecting "trail-map" Other
    t =    14.06s     Synthesize event
    t =    14.49s     Wait for tappium.com.OpenHikes to idle
    t =    14.98s Swipe left "trail-map" Other
    t =    14.98s     Wait for tappium.com.OpenHikes to idle
    t =    14.99s     Find the "trail-map" Other
    t =    15.00s     Check for interrupting elements affecting "trail-map" Other
    t =    15.02s     Synthesize event
    t =    15.45s     Wait for tappium.com.OpenHikes to idle
    t =    15.46s Pinch with scale 2, velocity 1 in "trail-map" Other
    t =    15.46s     Wait for tappium.com.OpenHikes to idle
    t =    15.46s     Find the "trail-map" Other
    t =    15.48s     Check for interrupting elements affecting "trail-map" Other
    t =    15.51s     Synthesize event
    t =    15.52s         Pinching with rect {{50, 50}, {302, 774}}
    t =    17.85s     Wait for tappium.com.OpenHikes to idle
    t =    17.85s Pinch with scale 0.5, velocity -1 in "trail-map" Other
    t =    17.85s     Wait for tappium.com.OpenHikes to idle
    t =    17.85s     Find the "trail-map" Other
    t =    17.87s     Check for interrupting elements affecting "trail-map" Other
    t =    17.88s     Synthesize event
    t =    17.89s         Pinching with rect {{50, 50}, {302, 774}}
    t =    18.75s     Wait for tappium.com.OpenHikes to idle
    t =    19.13s Swipe up "trail-map" Other
    t =    19.13s     Wait for tappium.com.OpenHikes to idle
    t =    19.13s     Find the "trail-map" Other
    t =    19.16s     Check for interrupting elements affecting "trail-map" Other
    t =    19.18s     Synthesize event
    t =    19.61s     Wait for tappium.com.OpenHikes to idle
    t =    20.10s Swipe left "trail-map" Other
    t =    20.10s     Wait for tappium.com.OpenHikes to idle
    t =    20.10s     Find the "trail-map" Other
    t =    20.12s     Check for interrupting elements affecting "trail-map" Other
    t =    20.14s     Synthesize event
    t =    20.58s     Wait for tappium.com.OpenHikes to idle
    t =    20.58s Pinch with scale 2, velocity 1 in "trail-map" Other
    t =    20.58s     Wait for tappium.com.OpenHikes to idle
    t =    20.58s     Find the "trail-map" Other
    t =    20.60s     Check for interrupting elements affecting "trail-map" Other
    t =    20.62s     Synthesize event
    t =    20.63s         Pinching with rect {{50, 50}, {302, 774}}
    t =    22.97s     Wait for tappium.com.OpenHikes to idle
    t =    22.98s Pinch with scale 0.5, velocity -1 in "trail-map" Other
    t =    22.98s     Wait for tappium.com.OpenHikes to idle
    t =    22.98s     Find the "trail-map" Other
    t =    23.00s     Check for interrupting elements affecting "trail-map" Other
    t =    23.02s     Synthesize event
    t =    23.03s         Pinching with rect {{50, 50}, {302, 774}}
    t =    23.89s     Wait for tappium.com.OpenHikes to idle
    t =    24.28s Waiting 30.0s for "performance-counters" Any to exist
    t =    25.34s     Checking `Expect predicate `existsNoRetry == 1` for object "performance-counters" Any`
    t =    25.34s         Checking existence of `"performance-counters" Any`
    t =    25.36s Find the "performance-counters" Any
PERF-PHASE	map-browsing	browsing	1787785199.4303079	1787785216.1250849
PERF-COUNT	map-browsing	browsing	CPU.s	1.376843	
PERF-COUNT	map-browsing	browsing	Footprint.MB	1.0625	
PERF-COUNT	map-browsing	browsing	MapSheetBody	2.0	
PERF-COUNT	map-browsing	browsing	Process	17.0	
    t =    25.37s Pressing Home button
    t =    27.85s Tear Down
Test Case '-[OpenHikesUITests.PerformanceUITests testMapBrowsingDoesNotReRenderTheSheet]' passed (28.104 seconds).
Test Case '-[OpenHikesUITests.PerformanceUITests testOfflineBrowsingOpensNoConnection]' started.
    t =     0.00s Start Test at 2026-08-27 01:00:18.859
    t =     0.02s Set Up
    t =     0.02s Open tappium.com.OpenHikes
    t =     0.02s     Launch tappium.com.OpenHikes
    t =     0.02s         Terminate tappium.com.OpenHikes:15512
2026-08-27 01:00:19.960 xcodebuild[15297:1698954] [MT] IDELaunchParametersSnapshot: The operation couldn’t be completed. (DebuggerLLDB.DebuggerVersionStore.StoreError error 0.)
2026-08-27 01:00:19.960 xcodebuild[15297:1698954] [MT] IDELaunchParametersSnapshot: no debugger version
    t =     1.32s         Setting up automation session
    t =     2.11s         Wait for tappium.com.OpenHikes to idle
    t =     3.66s Wait for tappium.com.OpenHikes to become Running Foreground
    t =     3.66s Waiting 30.0s for "hike-row" Any to exist
    t =     4.73s     Checking `Expect predicate `existsNoRetry == 1` for object "hike-row" Any`
    t =     4.73s         Checking existence of `"hike-row" Any`
    t =     4.83s Waiting 30.0s for "performance-counters" Any to exist
    t =     5.90s     Checking `Expect predicate `existsNoRetry == 1` for object "performance-counters" Any`
    t =     5.90s         Checking existence of `"performance-counters" Any`
    t =     5.93s Find the "performance-counters" Any
    t =     6.45s Waiting 30.0s for "performance-counters" Any to exist
    t =     7.51s     Checking `Expect predicate `existsNoRetry == 1` for object "performance-counters" Any`
    t =     7.51s         Checking existence of `"performance-counters" Any`
    t =     7.55s Find the "performance-counters" Any
    t =     7.57s Waiting 30.0s for "performance-counters" Any to exist
    t =     8.64s     Checking `Expect predicate `existsNoRetry == 1` for object "performance-counters" Any`
    t =     8.64s         Checking existence of `"performance-counters" Any`
    t =     8.67s Find the "performance-counters" Any
    t =     8.68s Waiting 30.0s for "performance-counters" Any to exist
    t =     9.76s     Checking `Expect predicate `existsNoRetry == 1` for object "performance-counters" Any`
    t =     9.76s         Checking existence of `"performance-counters" Any`
    t =     9.79s Find the "performance-counters" Any
    t =     9.81s Swipe up "trail-map" Any
    t =     9.81s     Wait for tappium.com.OpenHikes to idle
    t =     9.81s     Find the "trail-map" Any
    t =     9.83s     Check for interrupting elements affecting "trail-map" Other
    t =     9.85s     Synthesize event
    t =    10.28s     Wait for tappium.com.OpenHikes to idle
    t =    10.96s Swipe left "trail-map" Other
    t =    10.96s     Wait for tappium.com.OpenHikes to idle
    t =    10.97s     Find the "trail-map" Other
    t =    10.99s     Check for interrupting elements affecting "trail-map" Other
    t =    11.01s     Synthesize event
    t =    11.45s     Wait for tappium.com.OpenHikes to idle
    t =    11.45s Pinch with scale 2, velocity 1 in "trail-map" Other
    t =    11.45s     Wait for tappium.com.OpenHikes to idle
    t =    11.45s     Find the "trail-map" Other
    t =    11.47s     Check for interrupting elements affecting "trail-map" Other
    t =    11.50s     Synthesize event
    t =    11.51s         Pinching with rect {{50, 50}, {302, 774}}
    t =    13.84s     Wait for tappium.com.OpenHikes to idle
    t =    13.85s Pinch with scale 0.5, velocity -1 in "trail-map" Other
    t =    13.85s     Wait for tappium.com.OpenHikes to idle
    t =    13.86s     Find the "trail-map" Other
    t =    13.88s     Check for interrupting elements affecting "trail-map" Other
    t =    13.90s     Synthesize event
    t =    13.91s         Pinching with rect {{50, 50}, {302, 774}}
    t =    14.76s     Wait for tappium.com.OpenHikes to idle
    t =    15.15s Swipe up "trail-map" Other
    t =    15.15s     Wait for tappium.com.OpenHikes to idle
    t =    15.16s     Find the "trail-map" Other
    t =    15.18s     Check for interrupting elements affecting "trail-map" Other
    t =    15.20s     Synthesize event
    t =    15.63s     Wait for tappium.com.OpenHikes to idle
    t =    16.12s Swipe left "trail-map" Other
    t =    16.12s     Wait for tappium.com.OpenHikes to idle
    t =    16.12s     Find the "trail-map" Other
    t =    16.15s     Check for interrupting elements affecting "trail-map" Other
    t =    16.17s     Synthesize event
    t =    16.60s     Wait for tappium.com.OpenHikes to idle
    t =    16.61s Pinch with scale 2, velocity 1 in "trail-map" Other
    t =    16.61s     Wait for tappium.com.OpenHikes to idle
    t =    16.61s     Find the "trail-map" Other
    t =    16.64s     Check for interrupting elements affecting "trail-map" Other
    t =    16.66s     Synthesize event
    t =    16.68s         Pinching with rect {{50, 50}, {302, 774}}
    t =    19.01s     Wait for tappium.com.OpenHikes to idle
    t =    19.02s Pinch with scale 0.5, velocity -1 in "trail-map" Other
    t =    19.02s     Wait for tappium.com.OpenHikes to idle
    t =    19.02s     Find the "trail-map" Other
    t =    19.05s     Check for interrupting elements affecting "trail-map" Other
    t =    19.07s     Synthesize event
    t =    19.08s         Pinching with rect {{50, 50}, {302, 774}}
    t =    19.93s     Wait for tappium.com.OpenHikes to idle
    t =    20.32s Swipe up "trail-map" Other
    t =    20.32s     Wait for tappium.com.OpenHikes to idle
    t =    20.32s     Find the "trail-map" Other
    t =    20.33s     Check for interrupting elements affecting "trail-map" Other
    t =    20.35s     Synthesize event
    t =    20.78s     Wait for tappium.com.OpenHikes to idle
    t =    21.26s Swipe left "trail-map" Other
    t =    21.26s     Wait for tappium.com.OpenHikes to idle
    t =    21.26s     Find the "trail-map" Other
    t =    21.29s     Check for interrupting elements affecting "trail-map" Other
    t =    21.31s     Synthesize event
    t =    21.74s     Wait for tappium.com.OpenHikes to idle
    t =    21.75s Pinch with scale 2, velocity 1 in "trail-map" Other
    t =    21.75s     Wait for tappium.com.OpenHikes to idle
    t =    21.75s     Find the "trail-map" Other
    t =    21.78s     Check for interrupting elements affecting "trail-map" Other
    t =    21.80s     Synthesize event
    t =    21.81s         Pinching with rect {{50, 50}, {302, 774}}
    t =    24.15s     Wait for tappium.com.OpenHikes to idle
    t =    24.15s Pinch with scale 0.5, velocity -1 in "trail-map" Other
    t =    24.15s     Wait for tappium.com.OpenHikes to idle
    t =    24.16s     Find the "trail-map" Other
    t =    24.19s     Check for interrupting elements affecting "trail-map" Other
    t =    24.21s     Synthesize event
    t =    24.22s         Pinching with rect {{50, 50}, {302, 774}}
    t =    25.08s     Wait for tappium.com.OpenHikes to idle
    t =    25.48s Waiting 30.0s for "performance-counters" Any to exist
    t =    26.53s     Checking `Expect predicate `existsNoRetry == 1` for object "performance-counters" Any`
    t =    26.53s         Checking existence of `"performance-counters" Any`
    t =    26.56s Find the "performance-counters" Any
PERF-PHASE	offline-browsing	offline-browsing	1787785228.667208	1787785245.4363132
PERF-COUNT	offline-browsing	offline-browsing	CPU.s	1.270086	
PERF-COUNT	offline-browsing	offline-browsing	Footprint.MB	1.171875	
PERF-COUNT	offline-browsing	offline-browsing	MapSheetBody	2.0	
PERF-COUNT	offline-browsing	offline-browsing	Process	17.0	
    t =    26.58s Waiting 30.0s for "performance-counters" Any to exist
    t =    27.64s     Checking `Expect predicate `existsNoRetry == 1` for object "performance-counters" Any`
    t =    27.65s         Checking existence of `"performance-counters" Any`
    t =    27.67s Find the "performance-counters" Any
    t =    27.69s Pressing Home button
    t =    30.17s Tear Down
Test Case '-[OpenHikesUITests.PerformanceUITests testOfflineBrowsingOpensNoConnection]' passed (30.408 seconds).
Test Case '-[OpenHikesUITests.PerformanceUITests testPhotoDiscoverySelectionStaysInsideTheCell]' started.
    t =     0.00s Start Test at 2026-08-27 01:00:49.267
    t =     0.02s Set Up
    t =     0.02s Open tappium.com.OpenHikes
    t =     0.02s     Launch tappium.com.OpenHikes
    t =     0.02s         Terminate tappium.com.OpenHikes:15580
2026-08-27 01:00:50.385 xcodebuild[15297:1698954] [MT] IDELaunchParametersSnapshot: The operation couldn’t be completed. (DebuggerLLDB.DebuggerVersionStore.StoreError error 0.)
2026-08-27 01:00:50.385 xcodebuild[15297:1698954] [MT] IDELaunchParametersSnapshot: no debugger version
    t =     1.34s         Setting up automation session
    t =     2.12s         Wait for tappium.com.OpenHikes to idle
    t =     3.65s Wait for tappium.com.OpenHikes to become Running Foreground
    t =     3.65s Waiting 30.0s for "hike-row" Any to exist
    t =     4.72s     Checking `Expect predicate `existsNoRetry == 1` for object "hike-row" Any`
    t =     4.72s         Checking existence of `"hike-row" Any`
    t =     4.82s Waiting 15.0s for "hike-row" Any to exist
    t =     5.89s     Checking `Expect predicate `existsNoRetry == 1` for object "hike-row" Any`
    t =     5.89s         Checking existence of `"hike-row" Any`
    t =     5.96s Tap "hike-row" Any
    t =     5.96s     Wait for tappium.com.OpenHikes to idle
    t =     5.96s     Find the "hike-row" Any
    t =     6.01s     Check for interrupting elements affecting "hike-row" Button
    t =     6.04s     Synthesize event
    t =     6.33s     Wait for tappium.com.OpenHikes to idle
    t =     7.19s Waiting 10.0s for "Thumsee Loop (fast, simulated)" NavigationBar to exist
    t =     8.25s     Checking `Expect predicate `existsNoRetry == 1` for object "Thumsee Loop (fast, simulated)" NavigationBar`
    t =     8.25s         Checking existence of `"Thumsee Loop (fast, simulated)" NavigationBar`
    t =     8.34s Waiting 30.0s for "performance-counters" Any to exist
    t =     9.41s     Checking `Expect predicate `existsNoRetry == 1` for object "performance-counters" Any`
    t =     9.41s         Checking existence of `"performance-counters" Any`
    t =     9.44s Find the "performance-counters" Any
    t =     9.96s Waiting 30.0s for "performance-counters" Any to exist
    t =    11.01s     Checking `Expect predicate `existsNoRetry == 1` for object "performance-counters" Any`
    t =    11.01s         Checking existence of `"performance-counters" Any`
    t =    11.03s Find the "performance-counters" Any
    t =    11.04s Checking existence of `ScrollView (First Match)`
    t =    11.06s Checking existence of `"photo-discovery-button" Any`
    t =    11.12s Find the "photo-discovery-button" Any
    t =    11.18s Swipe up ScrollView (First Match)
    t =    11.18s     Wait for tappium.com.OpenHikes to idle
    t =    11.18s     Find the ScrollView (First Match)
    t =    11.21s     Check for interrupting elements affecting ScrollView
    t =    11.24s     Synthesize event
    t =    11.68s     Wait for tappium.com.OpenHikes to idle
    t =    12.42s Checking existence of `"photo-discovery-button" Button`
    t =    12.47s Find the "photo-discovery-button" Button
    t =    12.53s Swipe up ScrollView at {{8.0, 415.0}, {386.0, 451.0}}
    t =    12.53s     Wait for tappium.com.OpenHikes to idle
    t =    12.53s     Find the ScrollView at {{8.0, 415.0}, {386.0, 451.0}}
    t =    12.55s     Check for interrupting elements affecting ScrollView
    t =    12.58s     Synthesize event
    t =    13.03s     Wait for tappium.com.OpenHikes to idle
    t =    14.46s Checking existence of `"photo-discovery-button" Button`
    t =    14.53s Find the "photo-discovery-button" Button
    t =    14.59s Find the "photo-discovery-button" Button
    t =    14.64s Find the Target Application 'tappium.com.OpenHikes'
    t =    14.66s Tap "photo-discovery-button" Button
    t =    14.66s     Wait for tappium.com.OpenHikes to idle
    t =    14.78s     Find the "photo-discovery-button" Button
    t =    14.84s     Check for interrupting elements affecting "photo-discovery-button" Button
    t =    14.88s     Synthesize event
    t =    15.17s     Wait for tappium.com.OpenHikes to idle
    t =    15.61s Waiting 30.0s for "performance-counters" Any to exist
    t =    16.65s     Checking `Expect predicate `existsNoRetry == 1` for object "performance-counters" Any`
    t =    16.65s         Checking existence of `"performance-counters" Any`
    t =    16.69s Find the "performance-counters" Any
    t =    16.71s Waiting 30.0s for "photo-discovery-grid" Any to exist
    t =    17.76s     Checking `Expect predicate `existsNoRetry == 1` for object "photo-discovery-grid" Any`
    t =    17.76s         Checking existence of `"photo-discovery-grid" Any`
    t =    19.86s Waiting 30.0s for "performance-counters" Any to exist
    t =    20.88s     Checking `Expect predicate `existsNoRetry == 1` for object "performance-counters" Any`
    t =    20.88s         Checking existence of `"performance-counters" Any`
    t =    20.92s Find the "performance-counters" Any
PERF-PHASE	photo-discovery	discovery-open	1787785265.979285	1787785270.200611
PERF-COUNT	photo-discovery	discovery-open	CPU.s	0.25797699999999946	
PERF-COUNT	photo-discovery	discovery-open	HikeDetailBody	3.0	
PERF-COUNT	photo-discovery	discovery-open	HikePhotoSectionBody	3.0	
PERF-COUNT	photo-discovery	discovery-open	MapSheetBody	2.0	
PERF-COUNT	photo-discovery	discovery-open	MapSheetHikesBody	1.0	
PERF-COUNT	photo-discovery	discovery-open	OpenHikesViewBody	1.0	
PERF-COUNT	photo-discovery	discovery-open	PhotoDiscoveryBody	3.0	
PERF-COUNT	photo-discovery	discovery-open	Process	4.0	
    t =    20.93s Waiting 30.0s for "performance-counters" Any to exist
    t =    21.96s     Checking `Expect predicate `existsNoRetry == 1` for object "performance-counters" Any`
    t =    21.96s         Checking existence of `"performance-counters" Any`
    t =    21.99s Find the "performance-counters" Any
    t =    22.52s Waiting 30.0s for "performance-counters" Any to exist
    t =    23.60s     Checking `Expect predicate `existsNoRetry == 1` for object "performance-counters" Any`
    t =    23.60s         Checking existence of `"performance-counters" Any`
    t =    23.63s Find the "performance-counters" Any
    t =    23.65s Waiting 30.0s for "discovered-photo-0" Any to exist
    t =    24.72s     Checking `Expect predicate `existsNoRetry == 1` for object "discovered-photo-0" Any`
    t =    24.72s         Checking existence of `"discovered-photo-0" Any`
    t =    24.86s Tap "photo-discovery-selection-count" Any[0.50, 0.50]
    t =    24.86s     Wait for tappium.com.OpenHikes to idle
    t =    24.87s     Find the "photo-discovery-selection-count" Any
    t =    24.93s     Check for interrupting elements affecting "photo-discovery-selection-count" StaticText
    t =    24.98s     Synthesize event
    t =    24.98s         Find the "photo-discovery-selection-count" StaticText
    t =    25.04s         Find the "photo-discovery-selection-count" StaticText
    t =    25.10s         Find the "photo-discovery-selection-count" StaticText
    t =    25.46s     Wait for tappium.com.OpenHikes to idle
    t =    25.46s Waiting 30.0s for "performance-counters" Any to exist
    t =    26.50s     Checking `Expect predicate `existsNoRetry == 1` for object "performance-counters" Any`
    t =    26.50s         Checking existence of `"performance-counters" Any`
    t =    26.54s Find the "performance-counters" Any
    t =    27.06s Waiting 30.0s for "performance-counters" Any to exist
    t =    28.12s     Checking `Expect predicate `existsNoRetry == 1` for object "performance-counters" Any`
    t =    28.12s         Checking existence of `"performance-counters" Any`
    t =    28.16s Find the "performance-counters" Any
    t =    28.17s Waiting 30.0s for "performance-counters" Any to exist
    t =    29.25s     Checking `Expect predicate `existsNoRetry == 1` for object "performance-counters" Any`
    t =    29.25s         Checking existence of `"performance-counters" Any`
    t =    29.28s Find the "performance-counters" Any
    t =    29.30s Tap "discovered-photo-0" Any
    t =    29.30s     Wait for tappium.com.OpenHikes to idle
    t =    29.30s     Find the "discovered-photo-0" Any
    t =    29.43s     Check for interrupting elements affecting "discovered-photo-0" Button
    t =    29.48s     Synthesize event
    t =    29.78s     Wait for tappium.com.OpenHikes to idle
    t =    29.78s Tap "discovered-photo-1" Any
    t =    29.78s     Wait for tappium.com.OpenHikes to idle
    t =    29.78s     Find the "discovered-photo-1" Any
    t =    29.93s     Check for interrupting elements affecting "discovered-photo-1" Button
    t =    29.98s     Synthesize event
    t =    30.28s     Wait for tappium.com.OpenHikes to idle
    t =    30.28s Tap "discovered-photo-2" Any
    t =    30.28s     Wait for tappium.com.OpenHikes to idle
    t =    30.29s     Find the "discovered-photo-2" Any
    t =    30.43s     Check for interrupting elements affecting "discovered-photo-2" Button
    t =    30.49s     Synthesize event
    t =    30.78s     Wait for tappium.com.OpenHikes to idle
    t =    30.78s Tap "discovered-photo-3" Any
    t =    30.78s     Wait for tappium.com.OpenHikes to idle
    t =    30.79s     Find the "discovered-photo-3" Any
    t =    30.92s     Check for interrupting elements affecting "discovered-photo-3" Button
    t =    30.97s     Synthesize event
    t =    31.26s     Wait for tappium.com.OpenHikes to idle
    t =    32.27s Waiting 30.0s for "performance-counters" Any to exist
    t =    33.35s     Checking `Expect predicate `existsNoRetry == 1` for object "performance-counters" Any`
    t =    33.35s         Checking existence of `"performance-counters" Any`
    t =    33.38s Find the "performance-counters" Any
PERF-PHASE	photo-discovery	discovery-select	1787785278.5666451	1787785282.664258
PERF-COUNT	photo-discovery	discovery-select	CPU.s	0.8304300000000007	
PERF-COUNT	photo-discovery	discovery-select	Process	4.0	
    t =    33.40s Waiting 30.0s for "photo-discovery-select-all-button" Any to exist
    t =    34.47s     Checking `Expect predicate `existsNoRetry == 1` for object "photo-discovery-select-all-button" Any`
    t =    34.47s         Checking existence of `"photo-discovery-select-all-button" Any`
    t =    34.55s Waiting 30.0s for "performance-counters" Any to exist
    t =    35.62s     Checking `Expect predicate `existsNoRetry == 1` for object "performance-counters" Any`
    t =    35.62s         Checking existence of `"performance-counters" Any`
    t =    35.65s Find the "performance-counters" Any
    t =    35.67s Tap "photo-discovery-select-all-button" Any
    t =    35.67s     Wait for tappium.com.OpenHikes to idle
    t =    35.68s     Find the "photo-discovery-select-all-button" Any
    t =    35.74s     Check for interrupting elements affecting "photo-discovery-select-all-button" Button
    t =    35.79s     Synthesize event
    t =    36.08s     Wait for tappium.com.OpenHikes to idle
    t =    37.09s Waiting 30.0s for "performance-counters" Any to exist
    t =    38.17s     Checking `Expect predicate `existsNoRetry == 1` for object "performance-counters" Any`
    t =    38.17s         Checking existence of `"performance-counters" Any`
    t =    38.20s Find the "performance-counters" Any
PERF-PHASE	photo-discovery	discovery-select-all	1787785284.940493	1787785287.4837298
PERF-COUNT	photo-discovery	discovery-select-all	CPU.s	0.1926199999999998	
PERF-COUNT	photo-discovery	discovery-select-all	Footprint.MB	0.125	
PERF-COUNT	photo-discovery	discovery-select-all	Process	3.0	
    t =    38.22s Pressing Home button
    t =    40.69s Tear Down
Test Case '-[OpenHikesUITests.PerformanceUITests testPhotoDiscoverySelectionStaysInsideTheCell]' passed (41.016 seconds).
Test Case '-[OpenHikesUITests.PerformanceUITests testPhotoGalleryStaysInsideTheStrip]' started.
    t =     0.00s Start Test at 2026-08-27 01:01:30.283
    t =     0.02s Set Up
    t =     0.02s Open tappium.com.OpenHikes
    t =     0.02s     Launch tappium.com.OpenHikes
    t =     0.02s         Terminate tappium.com.OpenHikes:15618
2026-08-27 01:01:31.364 xcodebuild[15297:1698954] [MT] IDELaunchParametersSnapshot: The operation couldn’t be completed. (DebuggerLLDB.DebuggerVersionStore.StoreError error 0.)
2026-08-27 01:01:31.364 xcodebuild[15297:1698954] [MT] IDELaunchParametersSnapshot: no debugger version
    t =     1.30s         Setting up automation session
    t =     2.09s         Wait for tappium.com.OpenHikes to idle
    t =     3.64s Wait for tappium.com.OpenHikes to become Running Foreground
    t =     3.64s Waiting 30.0s for "hike-row" Any to exist
    t =     4.65s     Checking `Expect predicate `existsNoRetry == 1` for object "hike-row" Any`
    t =     4.65s         Checking existence of `"hike-row" Any`
    t =     4.77s Waiting 15.0s for "hike-row" Any to exist
    t =     5.80s     Checking `Expect predicate `existsNoRetry == 1` for object "hike-row" Any`
    t =     5.80s         Checking existence of `"hike-row" Any`
    t =     5.88s Tap "hike-row" Any
    t =     5.88s     Wait for tappium.com.OpenHikes to idle
    t =     5.88s     Find the "hike-row" Any
    t =     5.93s     Check for interrupting elements affecting "hike-row" Button
    t =     5.96s     Synthesize event
    t =     6.25s     Wait for tappium.com.OpenHikes to idle
    t =     7.14s Waiting 10.0s for "Thumsee Loop (fast, simulated)" NavigationBar to exist
    t =     8.19s     Checking `Expect predicate `existsNoRetry == 1` for object "Thumsee Loop (fast, simulated)" NavigationBar`
    t =     8.20s         Checking existence of `"Thumsee Loop (fast, simulated)" NavigationBar`
    t =     8.29s Waiting 30.0s for "performance-counters" Any to exist
    t =     9.33s     Checking `Expect predicate `existsNoRetry == 1` for object "performance-counters" Any`
    t =     9.33s         Checking existence of `"performance-counters" Any`
    t =     9.36s Find the "performance-counters" Any
    t =     9.89s Waiting 30.0s for "performance-counters" Any to exist
    t =    10.93s     Checking `Expect predicate `existsNoRetry == 1` for object "performance-counters" Any`
    t =    10.93s         Checking existence of `"performance-counters" Any`
    t =    10.96s Find the "performance-counters" Any
    t =    10.98s Tap "elevation-chart" Any[0.50, 0.50]
    t =    10.98s     Wait for tappium.com.OpenHikes to idle
    t =    10.98s     Find the "elevation-chart" Any
    t =    11.05s     Check for interrupting elements affecting "elevation-chart" Other
    t =    11.09s     Synthesize event
    t =    11.09s         Find the "elevation-chart" Other
    t =    11.17s         Find the "elevation-chart" Other
    t =    11.25s         Find the "elevation-chart" Other
    t =    11.61s     Wait for tappium.com.OpenHikes to idle
    t =    12.32s Waiting 30.0s for "performance-counters" Any to exist
    t =    13.37s     Checking `Expect predicate `existsNoRetry == 1` for object "performance-counters" Any`
    t =    13.38s         Checking existence of `"performance-counters" Any`
    t =    13.41s Find the "performance-counters" Any
    t =    13.92s Waiting 30.0s for "performance-counters" Any to exist
    t =    14.94s     Checking `Expect predicate `existsNoRetry == 1` for object "performance-counters" Any`
    t =    14.95s         Checking existence of `"performance-counters" Any`
    t =    14.98s Find the "performance-counters" Any
    t =    14.99s Checking existence of `ScrollView (First Match)`
    t =    15.03s Checking existence of `"hike-photo-strip" Any`
    t =    15.10s Find the "hike-photo-strip" Any
    t =    15.19s Swipe up ScrollView (First Match)
    t =    15.19s     Wait for tappium.com.OpenHikes to idle
    t =    15.19s     Find the ScrollView (First Match)
    t =    15.22s     Check for interrupting elements affecting ScrollView
    t =    15.25s     Synthesize event
    t =    15.69s     Wait for tappium.com.OpenHikes to idle
    t =    16.47s Checking existence of `"hike-photo-strip" ScrollView`
    t =    16.56s Find the "hike-photo-strip" ScrollView
    t =    16.64s Swipe up ScrollView at {{8.0, 415.0}, {386.0, 451.0}}
    t =    16.64s     Wait for tappium.com.OpenHikes to idle
    t =    16.64s     Find the ScrollView at {{8.0, 415.0}, {386.0, 451.0}}
    t =    16.67s     Check for interrupting elements affecting ScrollView
    t =    16.70s     Synthesize event
    t =    17.15s     Wait for tappium.com.OpenHikes to idle
    t =    19.20s Checking existence of `"hike-photo-strip" ScrollView`
    t =    19.29s Find the "hike-photo-strip" ScrollView
    t =    19.37s Find the "hike-photo-strip" ScrollView
    t =    19.44s Find the Target Application 'tappium.com.OpenHikes'
    t =    19.47s Waiting 30.0s for "performance-counters" Any to exist
    t =    20.48s     Checking `Expect predicate `existsNoRetry == 1` for object "performance-counters" Any`
    t =    20.48s         Checking existence of `"performance-counters" Any`
    t =    20.50s Find the "performance-counters" Any
    t =    21.02s Waiting 30.0s for "performance-counters" Any to exist
    t =    22.08s     Checking `Expect predicate `existsNoRetry == 1` for object "performance-counters" Any`
    t =    22.08s         Checking existence of `"performance-counters" Any`
    t =    22.11s Find the "performance-counters" Any
    t =    22.13s Waiting 30.0s for "performance-counters" Any to exist
    t =    23.19s     Checking `Expect predicate `existsNoRetry == 1` for object "performance-counters" Any`
    t =    23.20s         Checking existence of `"performance-counters" Any`
    t =    23.22s Find the "performance-counters" Any
    t =    23.24s Swipe left "hike-photo-strip" ScrollView
    t =    23.24s     Wait for tappium.com.OpenHikes to idle
    t =    23.24s     Find the "hike-photo-strip" ScrollView
    t =    23.32s     Check for interrupting elements affecting "hike-photo-strip" ScrollView
    t =    23.36s     Synthesize event
    t =    23.80s     Wait for tappium.com.OpenHikes to idle
    t =    24.38s Swipe right "hike-photo-strip" ScrollView
    t =    24.38s     Wait for tappium.com.OpenHikes to idle
    t =    24.39s     Find the "hike-photo-strip" ScrollView
    t =    24.47s     Check for interrupting elements affecting "hike-photo-strip" ScrollView
    t =    24.51s     Synthesize event
    t =    24.96s     Wait for tappium.com.OpenHikes to idle
    t =    26.53s Waiting 30.0s for "performance-counters" Any to exist
    t =    27.59s     Checking `Expect predicate `existsNoRetry == 1` for object "performance-counters" Any`
    t =    27.60s         Checking existence of `"performance-counters" Any`
    t =    27.62s Find the "performance-counters" Any
PERF-PHASE	photo-gallery	photo-strip	1787785313.523211	1787785317.922364
PERF-COUNT	photo-gallery	photo-strip	CPU.s	0.4586110000000003	
PERF-COUNT	photo-gallery	photo-strip	Process	4.0	
    t =    27.64s Waiting 30.0s for "performance-counters" Any to exist
    t =    28.72s     Checking `Expect predicate `existsNoRetry == 1` for object "performance-counters" Any`
    t =    28.72s         Checking existence of `"performance-counters" Any`
    t =    28.74s Find the "performance-counters" Any
    t =    28.76s Tap Button (First Match)
    t =    28.76s     Wait for tappium.com.OpenHikes to idle
    t =    28.76s     Find the Button (First Match)
    t =    28.82s     Check for interrupting elements affecting "hike-photo-582FBBCC-4FAC-445E-88F0-B8955CC46C56" Button
    t =    28.85s     Synthesize event
    t =    29.15s     Wait for tappium.com.OpenHikes to idle
    t =    30.99s Waiting 30.0s for "performance-counters" Any to exist
    t =    32.06s     Checking `Expect predicate `existsNoRetry == 1` for object "performance-counters" Any`
    t =    32.06s         Checking existence of `"performance-counters" Any`
    t =    32.09s Find the "performance-counters" Any
PERF-PHASE	photo-gallery	photo-viewer	1787785319.0425858	1787785322.3883371
PERF-COUNT	photo-gallery	photo-viewer	CPU.s	0.6346630000000006	
PERF-COUNT	photo-gallery	photo-viewer	Footprint.MB	3.1406707763671875	
PERF-COUNT	photo-gallery	photo-viewer	HikeDetailBody	1.0	
PERF-COUNT	photo-gallery	photo-viewer	HikePhotoSectionBody	1.0	
PERF-COUNT	photo-gallery	photo-viewer	MapPhotoPinsRebuilt	1.0	
PERF-COUNT	photo-gallery	photo-viewer	MapSheetBody	1.0	
PERF-COUNT	photo-gallery	photo-viewer	PhotoImageDecoded	2.0	
PERF-COUNT	photo-gallery	photo-viewer	PhotoOrderComputed	5.0	
PERF-COUNT	photo-gallery	photo-viewer	PhotoViewerBody	4.0	
PERF-COUNT	photo-gallery	photo-viewer	Process	4.0	
    t =    32.11s Waiting 30.0s for "photo-viewer" Any to exist
    t =    33.17s     Checking `Expect predicate `existsNoRetry == 1` for object "photo-viewer" Any`
    t =    33.17s         Checking existence of `"photo-viewer" Any`
    t =    33.23s Waiting 30.0s for "performance-counters" Any to exist
    t =    34.29s     Checking `Expect predicate `existsNoRetry == 1` for object "performance-counters" Any`
    t =    34.30s         Checking existence of `"performance-counters" Any`
    t =    34.34s Find the "performance-counters" Any
    t =    34.36s Swipe left "photo-viewer" Any
    t =    34.36s     Wait for tappium.com.OpenHikes to idle
    t =    34.36s     Find the "photo-viewer" Any
    t =    34.40s     Check for interrupting elements affecting "photo-viewer" ScrollView
    t =    34.43s     Synthesize event
    t =    34.88s     Wait for tappium.com.OpenHikes to idle
    t =    36.40s Waiting 30.0s for "performance-counters" Any to exist
    t =    37.46s     Checking `Expect predicate `existsNoRetry == 1` for object "performance-counters" Any`
    t =    37.46s         Checking existence of `"performance-counters" Any`
    t =    37.49s Find the "performance-counters" Any
PERF-PHASE	photo-gallery	photo-paging	1787785324.639419	1787785327.788948
PERF-COUNT	photo-gallery	photo-paging	CPU.s	0.24426599999999965	
PERF-COUNT	photo-gallery	photo-paging	Footprint.MB	0.14064788818359375	
PERF-COUNT	photo-gallery	photo-paging	PhotoImageDecoded	1.0	
PERF-COUNT	photo-gallery	photo-paging	PhotoOrderComputed	1.0	
PERF-COUNT	photo-gallery	photo-paging	PhotoViewerBody	1.0	
PERF-COUNT	photo-gallery	photo-paging	Process	3.0	
    t =    37.51s Pressing Home button
    t =    39.98s Tear Down
Test Case '-[OpenHikesUITests.PerformanceUITests testPhotoGalleryStaysInsideTheStrip]' passed (40.326 seconds).
Test Case '-[OpenHikesUITests.PerformanceUITests testSettingsDoesNotFollowTheHikeStore]' started.
    t =     0.00s Start Test at 2026-08-27 01:02:10.611
    t =     0.03s Set Up
    t =     0.03s Open tappium.com.OpenHikes
    t =     0.03s     Launch tappium.com.OpenHikes
    t =     0.03s         Terminate tappium.com.OpenHikes:15652
2026-08-27 01:02:11.726 xcodebuild[15297:1698954] [MT] IDELaunchParametersSnapshot: The operation couldn’t be completed. (DebuggerLLDB.DebuggerVersionStore.StoreError error 0.)
2026-08-27 01:02:11.726 xcodebuild[15297:1698954] [MT] IDELaunchParametersSnapshot: no debugger version
    t =     1.33s         Setting up automation session
    t =     2.15s         Wait for tappium.com.OpenHikes to idle
    t =     3.68s Wait for tappium.com.OpenHikes to become Running Foreground
    t =     3.68s Waiting 30.0s for "hike-row" Any to exist
    t =     4.73s     Checking `Expect predicate `existsNoRetry == 1` for object "hike-row" Any`
    t =     4.74s         Checking existence of `"hike-row" Any`
    t =     4.83s Waiting 30.0s for "performance-counters" Any to exist
    t =     5.87s     Checking `Expect predicate `existsNoRetry == 1` for object "performance-counters" Any`
    t =     5.87s         Checking existence of `"performance-counters" Any`
    t =     5.90s Find the "performance-counters" Any
    t =     6.43s Waiting 30.0s for "performance-counters" Any to exist
    t =     7.47s     Checking `Expect predicate `existsNoRetry == 1` for object "performance-counters" Any`
    t =     7.47s         Checking existence of `"performance-counters" Any`
    t =     7.50s Find the "performance-counters" Any
    t =     7.52s Tap "settings-button" Any
    t =     7.52s     Wait for tappium.com.OpenHikes to idle
    t =     7.52s     Find the "settings-button" Any
    t =     7.55s     Check for interrupting elements affecting "settings-button" Button
    t =     7.58s     Synthesize event
    t =     7.87s     Wait for tappium.com.OpenHikes to idle
    t =     8.69s Waiting 30.0s for "settings-screen" Any to exist
    t =     9.72s     Checking `Expect predicate `existsNoRetry == 1` for object "settings-screen" Any`
    t =     9.73s         Checking existence of `"settings-screen" Any`
    t =     9.77s Waiting 30.0s for "performance-counters" Any to exist
    t =    10.82s     Checking `Expect predicate `existsNoRetry == 1` for object "performance-counters" Any`
    t =    10.82s         Checking existence of `"performance-counters" Any`
    t =    10.84s Find the "performance-counters" Any
    t =    11.36s Waiting 30.0s for "performance-counters" Any to exist
    t =    12.43s     Checking `Expect predicate `existsNoRetry == 1` for object "performance-counters" Any`
    t =    12.43s         Checking existence of `"performance-counters" Any`
    t =    12.46s Find the "performance-counters" Any
    t =    12.47s Checking existence of `ScrollView (First Match)`
    t =    12.54s Checking existence of `CollectionView (First Match)`
    t =    12.56s Checking existence of `"save-photos-to-library-toggle" Any`
    t =    12.68s Swipe up CollectionView (First Match)
    t =    12.68s     Wait for tappium.com.OpenHikes to idle
    t =    12.68s     Find the CollectionView (First Match)
    t =    12.70s     Check for interrupting elements affecting CollectionView
    t =    12.73s     Synthesize event
    t =    13.17s     Wait for tappium.com.OpenHikes to idle
    t =    15.30s Checking existence of `"save-photos-to-library-toggle" Any`
    t =    15.43s Find the "save-photos-to-library-toggle" Any
    t =    15.55s Find the "save-photos-to-library-toggle" Switch
    t =    15.66s Find the Target Application 'tappium.com.OpenHikes'
    t =    15.68s Tap "save-photos-to-library-toggle" Switch[0.50, 0.50]
    t =    15.68s     Wait for tappium.com.OpenHikes to idle
    t =    15.69s     Find the "save-photos-to-library-toggle" Switch
    t =    15.79s     Check for interrupting elements affecting "save-photos-to-library-toggle" Switch
    t =    15.83s     Synthesize event
    t =    15.84s         Find the "save-photos-to-library-toggle" Switch
    t =    15.94s         Find the "save-photos-to-library-toggle" Switch
    t =    16.05s         Find the "save-photos-to-library-toggle" Switch
    t =    16.45s     Wait for tappium.com.OpenHikes to idle
    t =    16.46s Waiting 30.0s for "performance-counters" Any to exist
    t =    17.53s     Checking `Expect predicate `existsNoRetry == 1` for object "performance-counters" Any`
    t =    17.54s         Checking existence of `"performance-counters" Any`
    t =    17.56s Find the "performance-counters" Any
    t =    18.09s Waiting 30.0s for "performance-counters" Any to exist
    t =    19.15s     Checking `Expect predicate `existsNoRetry == 1` for object "performance-counters" Any`
    t =    19.15s         Checking existence of `"performance-counters" Any`
    t =    19.18s Find the "performance-counters" Any
    t =    19.20s Waiting 30.0s for "performance-counters" Any to exist
    t =    20.27s     Checking `Expect predicate `existsNoRetry == 1` for object "performance-counters" Any`
    t =    20.27s         Checking existence of `"performance-counters" Any`
    t =    20.30s Find the "performance-counters" Any
    t =    20.31s Tap "save-photos-to-library-toggle" Switch
    t =    20.31s     Wait for tappium.com.OpenHikes to idle
    t =    20.32s     Find the "save-photos-to-library-toggle" Switch
    t =    20.42s     Check for interrupting elements affecting "save-photos-to-library-toggle" Switch
    t =    20.47s     Synthesize event
    t =    20.76s     Wait for tappium.com.OpenHikes to idle
    t =    20.76s Tap "save-photos-to-library-toggle" Switch
    t =    20.76s     Wait for tappium.com.OpenHikes to idle
    t =    20.76s     Find the "save-photos-to-library-toggle" Switch
    t =    20.88s     Check for interrupting elements affecting "save-photos-to-library-toggle" Switch
    t =    20.92s     Synthesize event
    t =    21.21s     Wait for tappium.com.OpenHikes to idle
    t =    22.23s Waiting 30.0s for "performance-counters" Any to exist
    t =    23.30s     Checking `Expect predicate `existsNoRetry == 1` for object "performance-counters" Any`
    t =    23.30s         Checking existence of `"performance-counters" Any`
    t =    23.33s Find the "performance-counters" Any
PERF-PHASE	settings	settings-toggle	1787785350.923732	1787785353.95696
PERF-COUNT	settings	settings-toggle	CPU.s	0.28161900000000006	
PERF-COUNT	settings	settings-toggle	Footprint.MB	0.015625	
PERF-COUNT	settings	settings-toggle	Process	3.0	
    t =    23.35s Checking existence of `ScrollView (First Match)`
    t =    23.42s Checking existence of `CollectionView (First Match)`
    t =    23.43s Checking existence of `"Clear Map Cache" Button`
    t =    23.46s Swipe up CollectionView (First Match)
    t =    23.46s     Wait for tappium.com.OpenHikes to idle
    t =    23.46s     Find the CollectionView (First Match)
    t =    23.49s     Check for interrupting elements affecting CollectionView
    t =    23.51s     Synthesize event
    t =    23.95s     Wait for tappium.com.OpenHikes to idle
    t =    25.44s Checking existence of `"Clear Map Cache" Button`
    t =    25.49s Find the "Clear Map Cache" Button
    t =    25.53s Find the "Clear Map Cache" Button
    t =    25.56s Find the Target Application 'tappium.com.OpenHikes'
    t =    25.58s Find the "Clear Map Cache" Button
    t =    25.61s Waiting 30.0s for "performance-counters" Any to exist
    t =    26.65s     Checking `Expect predicate `existsNoRetry == 1` for object "performance-counters" Any`
    t =    26.65s         Checking existence of `"performance-counters" Any`
    t =    26.68s Find the "performance-counters" Any
    t =    26.70s Tap "Clear Map Cache" Button
    t =    26.70s     Wait for tappium.com.OpenHikes to idle
    t =    26.70s     Find the "Clear Map Cache" Button
    t =    26.73s     Check for interrupting elements affecting "Clear Map Cache" Button
    t =    26.76s     Synthesize event
    t =    27.05s     Wait for tappium.com.OpenHikes to idle
    t =    29.31s Waiting 30.0s for "performance-counters" Any to exist
    t =    30.37s     Checking `Expect predicate `existsNoRetry == 1` for object "performance-counters" Any`
    t =    30.37s         Checking existence of `"performance-counters" Any`
    t =    30.40s Find the "performance-counters" Any
PERF-PHASE	settings	settings-clear-cache	1787785357.305908	1787785361.026026
PERF-COUNT	settings	settings-clear-cache	CPU.s	0.15584500000000023	
PERF-COUNT	settings	settings-clear-cache	Process	4.0	
PERF-COUNT	settings	settings-clear-cache	SettingsBody	2.0	
PERF-COUNT	settings	settings-clear-cache	TileDiskUsageMeasured	1.0	
PERF-COUNT	settings	settings-clear-cache	TileDiskUsageScan	1.0	
PERF-COUNT	settings	settings-clear-cache	TileUnclaimedSweep	1.0	
PERF-COUNT	settings	settings-clear-cache	TileUnclaimedSwept	1.0	
    t =    30.42s Pressing Home button
    t =    32.89s Tear Down
Test Case '-[OpenHikesUITests.PerformanceUITests testSettingsDoesNotFollowTheHikeStore]' passed (33.211 seconds).
Test Suite 'PerformanceUITests' passed at 2026-08-27 01:02:43.822.
	 Executed 10 tests, with 0 failures (0 unexpected) in 325.978 (325.986) seconds
Test Suite 'OpenHikesUITests.xctest' passed at 2026-08-27 01:02:43.823.
	 Executed 10 tests, with 0 failures (0 unexpected) in 325.978 (325.987) seconds
Test Suite 'Selected tests' passed at 2026-08-27 01:02:43.824.
	 Executed 10 tests, with 0 failures (0 unexpected) in 325.978 (325.988) seconds
2026-08-27 01:02:44.204 xcodebuild[15297:1698954] [MT] IDETestOperationsObserverDebug: 330.065 elapsed -- Testing started completed.
2026-08-27 01:02:44.204 xcodebuild[15297:1698954] [MT] IDETestOperationsObserverDebug: 0.000 sec, +0.000 sec -- start
2026-08-27 01:02:44.204 xcodebuild[15297:1698954] [MT] IDETestOperationsObserverDebug: 330.065 sec, +330.065 sec -- end

Test session results, code coverage, and logs:
	/Users/zsoraj/Documents/OpenHikes/PerformanceReports/20260827-005708/result.xcresult

** TEST SUCCEEDED **

Testing started
