Command line invocation:
    /Applications/Xcode.app/Contents/Developer/usr/bin/xcodebuild test -project /Users/zsoraj/Documents/OpenHikes/OpenHikes.xcodeproj -scheme OpenHikesUI -configuration Debug -destination "platform=iOS Simulator,id=18D7364B-BF16-41C4-A2B0-B0D39E981CC3" "-only-testing:OpenHikesUITests/PerformanceUITests" -resultBundlePath /Users/zsoraj/Documents/OpenHikes/PerformanceReports/20260907-184004/result.xcresult -skipPackagePluginValidation

2026-09-07 18:40:17.313 xcodebuild[41528:12785490]  DVTDeviceOperation: Encountered a build number "" that is incompatible with DVTBuildVersion.
2026-09-07 18:40:17.434 xcodebuild[41528:12785411] [MT] DVTDeviceOperation: Encountered a build number "" that is incompatible with DVTBuildVersion.
Resolve Package Graph


Resolved source packages:
  swift-async-algorithms: https://github.com/apple/swift-async-algorithms/ @ 1.1.5
  swift-numerics: https://github.com/apple/swift-numerics.git @ 1.1.1
  OpenHikesShared: /Users/zsoraj/Documents/OpenHikes/OpenHikesShared @ local
  swift-algorithms: https://github.com/apple/swift-algorithms/ @ 1.2.1
  swift-collections: https://github.com/apple/swift-collections/ @ 1.6.0
  SwiftLintPlugins: https://github.com/SimplyDanny/SwiftLintPlugins @ 0.65.1

Writing result bundle at path:
	/Users/zsoraj/Documents/OpenHikes/PerformanceReports/20260907-184004/result.xcresult

ComputePackagePrebuildTargetDependencyGraph

Prepare packages

Compile plug-in “SwiftLintBuildToolPlugin” in package “swiftlintplugins”
[debug]: Compiling plugin to executable at /Users/zsoraj/Library/Developer/Xcode/DerivedData/OpenHikes-dsjbwflghsqoduenorzlwghaliyw/Build/Products/PluginExecutables/SwiftLintBuildToolPlugin
[debug]: Using compiler /Applications/Xcode.app/Contents/Developer/Toolchains/XcodeDefault.xctoolchain/usr/bin/swiftc
[debug]: Plugin compilation output directory '/Users/zsoraj/Library/Developer/Xcode/DerivedData/OpenHikes-dsjbwflghsqoduenorzlwghaliyw/Build/Products/PluginExecutables'
[debug]: Computed hash of plugin compilation inputs: 8fc90fb3d158f1ce1fbd24aa636a1a1621e413da578700522ec4c67249780087


Apply build tool plug-in “SwiftLintBuildToolPlugin” to target “OpenWidgetExtension” in project “OpenHikes”

working directory:
   /Users/zsoraj/Documents/OpenHikes
tool mapping:
   swiftlint: /Users/zsoraj/Library/Developer/Xcode/DerivedData/OpenHikes-dsjbwflghsqoduenorzlwghaliyw/SourcePackages/artifacts/swiftlintplugins/SwiftLintBinary/SwiftLintBinary.artifactbundle/macos/swiftlint [arm64-apple-macosx]
tool search paths:
   /Applications/Xcode.app/Contents/Developer/Toolchains/XcodeDefault.xctoolchain/usr/bin
   /Applications/Xcode.app/Contents/Developer/usr/bin
   /Library/Apple/usr/bin
   /System/Cryptexes/App/usr/bin
   /Users/zsoraj/Library/Android/sdk/platform-tools
   /Users/zsoraj/bin
   /bin
   /opt/homebrew/bin
   /opt/homebrew/opt/ruby/bin
   /opt/homebrew/sbin
   /pkg/env/global/bin
   /sbin
   /usr/bin
   /usr/local/bin
   /usr/sbin
   /var/run/com.apple.security.cryptexd/codex.system/bootstrap/usr/appleinternal/bin
   /var/run/com.apple.security.cryptexd/codex.system/bootstrap/usr/bin
   /var/run/com.apple.security.cryptexd/codex.system/bootstrap/usr/local/bin

/usr/bin/sandbox-exec -p "(version 1)
(deny default)
(import \"system.sb\")
(allow file-read*)
(allow process*)
(allow mach-lookup (global-name \"com.apple.lsd.mapdb\"))
(allow mach-lookup (global-name \"com.apple.mobileassetd.v2\"))
(allow file-write*
    (subpath \"/private/tmp\")
    (subpath \"/private/var/tmp\")
    (subpath \"/private/var/folders/ds/8wdj8_sj45zc3q_c60w292zc0000gn/T\")
    (subpath \"/private/var/folders/ds/8wdj8_sj45zc3q_c60w292zc0000gn/C\")
)
(deny file-write*
    (subpath \"/Users/zsoraj/Documents/OpenHikes\")
)
(allow file-write*
    (subpath \"/Users/zsoraj/Library/Developer/Xcode/DerivedData/OpenHikes-dsjbwflghsqoduenorzlwghaliyw/Build/Intermediates.noindex/BuildToolPluginIntermediates/OpenHikes.output/OpenWidgetExtension/SwiftLintBuildToolPlugin\")
    (subpath \"/private/var/folders/ds/8wdj8_sj45zc3q_c60w292zc0000gn/T/TemporaryItems\")
)
" /Users/zsoraj/Library/Developer/Xcode/DerivedData/OpenHikes-dsjbwflghsqoduenorzlwghaliyw/SourcePackages/artifacts/swiftlintplugins/SwiftLintBinary/SwiftLintBinary.artifactbundle/macos/swiftlint lint --quiet --force-exclude --cache-path /Users/zsoraj/Library/Developer/Xcode/DerivedData/OpenHikes-dsjbwflghsqoduenorzlwghaliyw/Build/Intermediates.noindex/BuildToolPluginIntermediates/OpenHikes.output/OpenWidgetExtension/SwiftLintBuildToolPlugin/Cache /Users/zsoraj/Documents/OpenHikes/OpenWidget/HikeLiveActivity.swift /Users/zsoraj/Documents/OpenHikes/OpenWidget/HikeLiveActivityViews.swift /Users/zsoraj/Documents/OpenHikes/OpenWidget/HikeRecordingControl.swift /Users/zsoraj/Documents/OpenHikes/OpenWidget/OpenWidgetBundle.swift /Users/zsoraj/Documents/OpenHikes/OpenWidget/TrailWidget.swift /Users/zsoraj/Documents/OpenHikes/OpenWidget/TrailWidgetComponents.swift /Users/zsoraj/Documents/OpenHikes/OpenWidget/TrailWidgetPlaceholder.swift

/usr/bin/sandbox-exec -p "(version 1)
(deny default)
(import \"system.sb\")
(allow file-read*)
(allow process*)
(allow mach-lookup (global-name \"com.apple.lsd.mapdb\"))
(allow mach-lookup (global-name \"com.apple.mobileassetd.v2\"))
(allow file-write*
    (subpath \"/private/tmp\")
    (subpath \"/private/var/tmp\")
    (subpath \"/private/var/folders/ds/8wdj8_sj45zc3q_c60w292zc0000gn/T\")
    (subpath \"/private/var/folders/ds/8wdj8_sj45zc3q_c60w292zc0000gn/C\")
)
(deny file-write*
    (subpath \"/Users/zsoraj/Documents/OpenHikes\")
)
(allow file-write*
    (subpath \"/Users/zsoraj/Library/Developer/Xcode/DerivedData/OpenHikes-dsjbwflghsqoduenorzlwghaliyw/Build/Intermediates.noindex/BuildToolPluginIntermediates/OpenHikes.output/OpenHikes/SwiftLintBuildToolPlugin\")
    (subpath \"/private/var/folders/ds/8wdj8_sj45zc3q_c60w292zc0000gn/T/TemporaryItems\")
)
" /Users/zsoraj/Library/Developer/Xcode/DerivedData/OpenHikes-dsjbwflghsqoduenorzlwghaliyw/SourcePackages/artifacts/swiftlintplugins/SwiftLintBinary/SwiftLintBinary.artifactbundle/macos/swiftlint lint --quiet --force-exclude --cache-path /Users/zsoraj/Library/Developer/Xcode/DerivedData/OpenHikes-dsjbwflghsqoduenorzlwghaliyw/Build/Intermediates.noindex/BuildToolPluginIntermediates/OpenHikes.output/OpenHikes/SwiftLintBuildToolPlugin/Cache /Users/zsoraj/Documents/OpenHikes/OpenHikes/App/Configuration/ModelConfiguration+OpenHikes.swift /Users/zsoraj/Documents/OpenHikes/OpenHikes/App/Configuration/Secrets.swift /Users/zsoraj/Documents/OpenHikes/OpenHikes/App/Configuration/SettingsKey.swift /Users/zsoraj/Documents/OpenHikes/OpenHikes/App/Navigation/OpenHikesView.swift /Users/zsoraj/Documents/OpenHikes/OpenHikes/App/Navigation/OpenHikesView+Photos.swift /Users/zsoraj/Documents/OpenHikes/OpenHikes/App/Navigation/SheetLayoutReader.swift /Users/zsoraj/Documents/OpenHikes/OpenHikes/App/Navigation/SheetPresentation.swift /Users/zsoraj/Documents/OpenHikes/OpenHikes/App/Navigation/SheetRoute.swift /Users/zsoraj/Documents/OpenHikes/OpenHikes/App/AppLaunchEnvironment.swift /Users/zsoraj/Documents/OpenHikes/OpenHikes/App/OpenHikesApp.swift /Users/zsoraj/Documents/OpenHikes/OpenHikes/App/OpenHikesModel.swift /Users/zsoraj/Documents/OpenHikes/OpenHikes/App/OpenHikesModel+Composition.swift /Users/zsoraj/Documents/OpenHikes/OpenHikes/App/OpenHikesModel+LaunchSweeps.swift /Users/zsoraj/Documents/OpenHikes/OpenHikes/App/OpenHikesModel+SceneLifecycle.swift /Users/zsoraj/Documents/OpenHikes/OpenHikes/App/OpenHikesModel+Weather.swift /Users/zsoraj/Documents/OpenHikes/OpenHikes/App/SceneLifecycleGate.swift /Users/zsoraj/Documents/OpenHikes/OpenHikes/General/Diagnostics/FieldMetrics/FieldMetrics.swift /Users/zsoraj/Documents/OpenHikes/OpenHikes/General/Diagnostics/FieldMetrics/FieldMetricsDigest.swift /Users/zsoraj/Documents/OpenHikes/OpenHikes/General/Diagnostics/FieldMetrics/FieldMetricsDigest+MetricKit.swift /Users/zsoraj/Documents/OpenHikes/OpenHikes/General/Diagnostics/FieldMetrics/FieldMetricsStore.swift /Users/zsoraj/Documents/OpenHikes/OpenHikes/General/Diagnostics/FieldMetrics/FieldSignpost.swift /Users/zsoraj/Documents/OpenHikes/OpenHikes/General/Diagnostics/FieldMetrics/SeededFieldMetricsFixture.swift /Users/zsoraj/Documents/OpenHikes/OpenHikes/General/Diagnostics/MainThreadWatchdog.swift /Users/zsoraj/Documents/OpenHikes/OpenHikes/General/Diagnostics/PerformanceCounterProbe.swift /Users/zsoraj/Documents/OpenHikes/OpenHikes/General/Diagnostics/PerformanceLog.swift /Users/zsoraj/Documents/OpenHikes/OpenHikes/General/Diagnostics/ProcessResourceSample.swift /Users/zsoraj/Documents/OpenHikes/OpenHikes/General/Diagnostics/RenderInstrumentation.swift /Users/zsoraj/Documents/OpenHikes/OpenHikes/General/Color+Hex.swift /Users/zsoraj/Documents/OpenHikes/OpenHikes/General/Dismissal.swift /Users/zsoraj/Documents/OpenHikes/OpenHikes/General/GlassButtonStyle.swift /Users/zsoraj/Documents/OpenHikes/OpenHikes/General/LiquidGlass.swift /Users/zsoraj/Documents/OpenHikes/OpenHikes/General/MainActorDelivery.swift /Users/zsoraj/Documents/OpenHikes/OpenHikes/General/PowerStateMonitor.swift /Users/zsoraj/Documents/OpenHikes/OpenHikes/General/TapTarget.swift /Users/zsoraj/Documents/OpenHikes/OpenHikes/Hikes/ElevationChartView.swift /Users/zsoraj/Documents/OpenHikes/OpenHikes/Hikes/GPXExport.swift /Users/zsoraj/Documents/OpenHikes/OpenHikes/Hikes/GPXImport.swift /Users/zsoraj/Documents/OpenHikes/OpenHikes/Hikes/GPXInbox.swift /Users/zsoraj/Documents/OpenHikes/OpenHikes/Hikes/Hike.swift /Users/zsoraj/Documents/OpenHikes/OpenHikes/Hikes/Hike+Presentation.swift /Users/zsoraj/Documents/OpenHikes/OpenHikes/Hikes/Hike+Statistics.swift /Users/zsoraj/Documents/OpenHikes/OpenHikes/Hikes/Hike+TrailBreakdowns.swift /Users/zsoraj/Documents/OpenHikes/OpenHikes/Hikes/HikeAutoFollow.swift /Users/zsoraj/Documents/OpenHikes/OpenHikes/Hikes/HikeDeletion.swift /Users/zsoraj/Documents/OpenHikes/OpenHikes/Hikes/HikeDetailComponents.swift /Users/zsoraj/Documents/OpenHikes/OpenHikes/Hikes/HikeDetailInteraction.swift /Users/zsoraj/Documents/OpenHikes/OpenHikes/Hikes/HikeDetailPreparation.swift /Users/zsoraj/Documents/OpenHikes/OpenHikes/Hikes/HikeDetailView.swift /Users/zsoraj/Documents/OpenHikes/OpenHikes/Hikes/HikeDetailView+OfflineStorage.swift /Users/zsoraj/Documents/OpenHikes/OpenHikes/Hikes/HikeDifficultySection.swift /Users/zsoraj/Documents/OpenHikes/OpenHikes/Hikes/HikeFormat.swift /Users/zsoraj/Documents/OpenHikes/OpenHikes/Hikes/HikeImport.swift /Users/zsoraj/Documents/OpenHikes/OpenHikes/Hikes/HikeLocalState.swift /Users/zsoraj/Documents/OpenHikes/OpenHikes/Hikes/HikeRow.swift /Users/zsoraj/Documents/OpenHikes/OpenHikes/Hikes/HikeStatsViews.swift /Users/zsoraj/Documents/OpenHikes/OpenHikes/Hikes/HikeSupportingTypes.swift /Users/zsoraj/Documents/OpenHikes/OpenHikes/Hikes/HikeSurfaceSection.swift /Users/zsoraj/Documents/OpenHikes/OpenHikes/Hikes/HikeTitle.swift /Users/zsoraj/Documents/OpenHikes/OpenHikes/Hikes/HikeTrailAnalysis.swift /Users/zsoraj/Documents/OpenHikes/OpenHikes/Hikes/HikeWalk.swift /Users/zsoraj/Documents/OpenHikes/OpenHikes/Hikes/HikeWalkHistory.swift /Users/zsoraj/Documents/OpenHikes/OpenHikes/Hikes/OpenHikesSchema.swift /Users/zsoraj/Documents/OpenHikes/OpenHikes/Hikes/RouteInference.swift /Users/zsoraj/Documents/OpenHikes/OpenHikes/Hikes/RouteLinePatternPicker.swift /Users/zsoraj/Documents/OpenHikes/OpenHikes/Hikes/RouteProfile.swift /Users/zsoraj/Documents/OpenHikes/OpenHikes/Hikes/SeededWalkFixture.swift /Users/zsoraj/Documents/OpenHikes/OpenHikes/Hikes/TrailBreakdown.swift /Users/zsoraj/Documents/OpenHikes/OpenHikes/Hikes/TrailDifficulty.swift /Users/zsoraj/Documents/OpenHikes/OpenHikes/Hikes/TrailSurface.swift /Users/zsoraj/Documents/OpenHikes/OpenHikes/Hikes/TrailWalk.swift /Users/zsoraj/Documents/OpenHikes/OpenHikes/Hikes/TrailWalkSession.swift /Users/zsoraj/Documents/OpenHikes/OpenHikes/Hikes/WalkControls.swift /Users/zsoraj/Documents/OpenHikes/OpenHikes/Hikes/WalkRow.swift /Users/zsoraj/Documents/OpenHikes/OpenHikes/Hikes/WalkSummaryView.swift /Users/zsoraj/Documents/OpenHikes/OpenHikes/Intents/HikeIntentContext.swift /Users/zsoraj/Documents/OpenHikes/OpenHikes/Intents/HikeIntentCoordinator.swift /Users/zsoraj/Documents/OpenHikes/OpenHikes/Intents/HikeIntentFailure.swift /Users/zsoraj/Documents/OpenHikes/OpenHikes/Intents/HikeIntentReports.swift /Users/zsoraj/Documents/OpenHikes/OpenHikes/Intents/HikeReportIntents.swift /Users/zsoraj/Documents/OpenHikes/OpenHikes/Intents/OpenHikesShortcuts.swift /Users/zsoraj/Documents/OpenHikes/OpenHikes/Intents/RecordingIntents.swift /Users/zsoraj/Documents/OpenHikes/OpenHikes/LiveActivity/HikeActivityPresenting.swift /Users/zsoraj/Documents/OpenHikes/OpenHikes/LiveActivity/HikeLiveActivityController.swift /Users/zsoraj/Documents/OpenHikes/OpenHikes/LiveActivity/SystemHikeActivityPresenter.swift /Users/zsoraj/Documents/OpenHikes/OpenHikes/Map/Location/BackgroundTrailTracker.swift /Users/zsoraj/Documents/OpenHikes/OpenHikes/Map/Location/BackgroundTrailTracker+LiveActivity.swift /Users/zsoraj/Documents/OpenHikes/OpenHikes/Map/Location/BackgroundTrailTracker+Snapshot.swift /Users/zsoraj/Documents/OpenHikes/OpenHikes/Map/Location/BackgroundTrailTracker+SnapshotWriter.swift /Users/zsoraj/Documents/OpenHikes/OpenHikes/Map/Location/DormantLocationSource.swift /Users/zsoraj/Documents/OpenHikes/OpenHikes/Map/Location/LocationManager.swift /Users/zsoraj/Documents/OpenHikes/OpenHikes/Map/Location/SignificantLocationFeed.swift /Users/zsoraj/Documents/OpenHikes/OpenHikes/Map/Location/SignificantLocationMonitor+CoreLocation.swift /Users/zsoraj/Documents/OpenHikes/OpenHikes/Map/Rendering/DirectionalPolylineRenderer.swift /Users/zsoraj/Documents/OpenHikes/OpenHikes/Map/Rendering/RouteLinePattern.swift /Users/zsoraj/Documents/OpenHikes/OpenHikes/Map/Rendering/TrailBasemapRenderer.swift /Users/zsoraj/Documents/OpenHikes/OpenHikes/Map/Search/HikeSearch.swift /Users/zsoraj/Documents/OpenHikes/OpenHikes/Map/Search/SearchCompleter.swift /Users/zsoraj/Documents/OpenHikes/OpenHikes/Map/Search/SearchFailure.swift /Users/zsoraj/Documents/OpenHikes/OpenHikes/Map/Search/SearchQueryPolicy.swift /Users/zsoraj/Documents/OpenHikes/OpenHikes/Map/DisplayedRoute.swift /Users/zsoraj/Documents/OpenHikes/OpenHikes/Map/MapCoordinator.swift /Users/zsoraj/Documents/OpenHikes/OpenHikes/Map/MapCoordinator+Attribution.swift /Users/zsoraj/Documents/OpenHikes/OpenHikes/Map/MapCoordinator+Highlight.swift /Users/zsoraj/Documents/OpenHikes/OpenHikes/Map/MapCoordinator+RouteStyles.swift /Users/zsoraj/Documents/OpenHikes/OpenHikes/Map/MapCoordinator+TrackingButton.swift /Users/zsoraj/Documents/OpenHikes/OpenHikes/Map/MapCoordinator+WalkHighlight.swift /Users/zsoraj/Documents/OpenHikes/OpenHikes/Map/MapSheet.swift /Users/zsoraj/Documents/OpenHikes/OpenHikes/Map/MapSheetHikes.swift /Users/zsoraj/Documents/OpenHikes/OpenHikes/Map/MapSidePanel.swift /Users/zsoraj/Documents/OpenHikes/OpenHikes/Map/MapState.swift /Users/zsoraj/Documents/OpenHikes/OpenHikes/Map/MapView.swift /Users/zsoraj/Documents/OpenHikes/OpenHikes/Map/TopEdgeReader.swift /Users/zsoraj/Documents/OpenHikes/OpenHikes/Map/TrailWidgetReload.swift /Users/zsoraj/Documents/OpenHikes/OpenHikes/Photos/CameraCaptureMetadata.swift /Users/zsoraj/Documents/OpenHikes/OpenHikes/Photos/CameraPicker.swift /Users/zsoraj/Documents/OpenHikes/OpenHikes/Photos/HikePhoto.swift /Users/zsoraj/Documents/OpenHikes/OpenHikes/Photos/HikePhotoImage.swift /Users/zsoraj/Documents/OpenHikes/OpenHikes/Photos/HikePhotoImport.swift /Users/zsoraj/Documents/OpenHikes/OpenHikes/Photos/HikePhotoSection.swift /Users/zsoraj/Documents/OpenHikes/OpenHikes/Photos/HikePhotoStore.swift /Users/zsoraj/Documents/OpenHikes/OpenHikes/Photos/HikePhotoTimeline.swift /Users/zsoraj/Documents/OpenHikes/OpenHikes/Photos/HikePhotoViewer.swift /Users/zsoraj/Documents/OpenHikes/OpenHikes/Photos/LibraryPhotoMatch.swift /Users/zsoraj/Documents/OpenHikes/OpenHikes/Photos/LimitedLibraryPresenter.swift /Users/zsoraj/Documents/OpenHikes/OpenHikes/Photos/MapPhotoAnnotations.swift /Users/zsoraj/Documents/OpenHikes/OpenHikes/Photos/MapPhotoControls.swift /Users/zsoraj/Documents/OpenHikes/OpenHikes/Photos/PhotoCaptureController.swift /Users/zsoraj/Documents/OpenHikes/OpenHikes/Photos/PhotoCapturePresentation.swift /Users/zsoraj/Documents/OpenHikes/OpenHikes/Photos/PhotoCaptureSubject.swift /Users/zsoraj/Documents/OpenHikes/OpenHikes/Photos/PhotoDiscoveryController.swift /Users/zsoraj/Documents/OpenHikes/OpenHikes/Photos/PhotoDiscoverySheet.swift /Users/zsoraj/Documents/OpenHikes/OpenHikes/Photos/PhotoLibraryReader.swift /Users/zsoraj/Documents/OpenHikes/OpenHikes/Photos/PhotoLibrarySource.swift /Users/zsoraj/Documents/OpenHikes/OpenHikes/Photos/PhotoLibraryWriter.swift /Users/zsoraj/Documents/OpenHikes/OpenHikes/Photos/PhotoMapPin.swift /Users/zsoraj/Documents/OpenHikes/OpenHikes/Photos/PhotoMetadataStamp.swift /Users/zsoraj/Documents/OpenHikes/OpenHikes/Photos/PhotoTrailAnchor.swift /Users/zsoraj/Documents/OpenHikes/OpenHikes/Photos/PhotoViewerSelection.swift /Users/zsoraj/Documents/OpenHikes/OpenHikes/Photos/SeededPhotoFixture.swift /Users/zsoraj/Documents/OpenHikes/OpenHikes/Purchases/MapEntitlement.swift /Users/zsoraj/Documents/OpenHikes/OpenHikes/Purchases/MapEntitlementStore.swift /Users/zsoraj/Documents/OpenHikes/OpenHikes/Purchases/MapPaywallView.swift /Users/zsoraj/Documents/OpenHikes/OpenHikes/Purchases/MapPurchaseLinks.swift /Users/zsoraj/Documents/OpenHikes/OpenHikes/Purchases/MapSubscriptionTerms.swift /Users/zsoraj/Documents/OpenHikes/OpenHikes/Recording/BundledTrailGraphProvider.swift /Users/zsoraj/Documents/OpenHikes/OpenHikes/Recording/HikeRecorder.swift /Users/zsoraj/Documents/OpenHikes/OpenHikes/Recording/HikeRecorder+Energy.swift /Users/zsoraj/Documents/OpenHikes/OpenHikes/Recording/HikeRecorder+Helpers.swift /Users/zsoraj/Documents/OpenHikes/OpenHikes/Recording/HikeRecorder+Lifecycle.swift /Users/zsoraj/Documents/OpenHikes/OpenHikes/Recording/HikeRecorder+Persistence.swift /Users/zsoraj/Documents/OpenHikes/OpenHikes/Recording/HikeRecorder+Reminders.swift /Users/zsoraj/Documents/OpenHikes/OpenHikes/Recording/HikeRecorder+State.swift /Users/zsoraj/Documents/OpenHikes/OpenHikes/Recording/OverpassDecodable.swift /Users/zsoraj/Documents/OpenHikes/OpenHikes/Recording/OverpassTrailGraphDecoding.swift /Users/zsoraj/Documents/OpenHikes/OpenHikes/Recording/OverpassTrailGraphProvider.swift /Users/zsoraj/Documents/OpenHikes/OpenHikes/Recording/RecordedWalk.swift /Users/zsoraj/Documents/OpenHikes/OpenHikes/Recording/RecordingDistanceAccumulator.swift /Users/zsoraj/Documents/OpenHikes/OpenHikes/Recording/RecordingEnergyPolicy.swift /Users/zsoraj/Documents/OpenHikes/OpenHikes/Recording/RecordingModels.swift /Users/zsoraj/Documents/OpenHikes/OpenHikes/Recording/RecordingObservables.swift /Users/zsoraj/Documents/OpenHikes/OpenHikes/Recording/RecordingPreparation.swift /Users/zsoraj/Documents/OpenHikes/OpenHikes/Recording/RecordingRouteReviewControls.swift /Users/zsoraj/Documents/OpenHikes/OpenHikes/Recording/RecordingSensors.swift /Users/zsoraj/Documents/OpenHikes/OpenHikes/Recording/RecordingSharedStateStore.swift /Users/zsoraj/Documents/OpenHikes/OpenHikes/Recording/RecordingTrailContext.swift /Users/zsoraj/Documents/OpenHikes/OpenHikes/Recording/RecordingView.swift /Users/zsoraj/Documents/OpenHikes/OpenHikes/Recording/RouteReviewSection.swift /Users/zsoraj/Documents/OpenHikes/OpenHikes/Recording/SerialAsyncQueue.swift /Users/zsoraj/Documents/OpenHikes/OpenHikes/Recording/TrackJournal.swift /Users/zsoraj/Documents/OpenHikes/OpenHikes/Recording/TrailGraph.swift /Users/zsoraj/Documents/OpenHikes/OpenHikes/Recording/TrailGraphCorridor.swift /Users/zsoraj/Documents/OpenHikes/OpenHikes/Recording/TrailMatcher.swift /Users/zsoraj/Documents/OpenHikes/OpenHikes/Recording/TrailMatcher+Interpolation.swift /Users/zsoraj/Documents/OpenHikes/OpenHikes/Recording/TrailMatcher+Scoring.swift /Users/zsoraj/Documents/OpenHikes/OpenHikes/Recording/TrailMatcherGraphIndex.swift /Users/zsoraj/Documents/OpenHikes/OpenHikes/Recording/TrailMatcherGraphIndex+EdgeGrid.swift /Users/zsoraj/Documents/OpenHikes/OpenHikes/Recording/TrailMatcherGraphIndex+Routing.swift /Users/zsoraj/Documents/OpenHikes/OpenHikes/Recording/TrailMatcherLegs.swift /Users/zsoraj/Documents/OpenHikes/OpenHikes/Recording/TrailMatcherModels.swift /Users/zsoraj/Documents/OpenHikes/OpenHikes/Reminders/MovementReminder.swift /Users/zsoraj/Documents/OpenHikes/OpenHikes/Reminders/MovementReminderActions.swift /Users/zsoraj/Documents/OpenHikes/OpenHikes/Reminders/MovementReminderController.swift /Users/zsoraj/Documents/OpenHikes/OpenHikes/Reminders/MovementReminderNotifying.swift /Users/zsoraj/Documents/OpenHikes/OpenHikes/Reminders/MovementReminderPolicy.swift /Users/zsoraj/Documents/OpenHikes/OpenHikes/Reminders/SystemMovementReminderNotifier.swift /Users/zsoraj/Documents/OpenHikes/OpenHikes/Settings/CloudSyncSection.swift /Users/zsoraj/Documents/OpenHikes/OpenHikes/Settings/FieldMetricsFormat.swift /Users/zsoraj/Documents/OpenHikes/OpenHikes/Settings/FieldMetricsSection.swift /Users/zsoraj/Documents/OpenHikes/OpenHikes/Settings/OfflineStorageActions.swift /Users/zsoraj/Documents/OpenHikes/OpenHikes/Settings/SettingsView.swift /Users/zsoraj/Documents/OpenHikes/OpenHikes/Sync/CloudSyncCoordinator.swift /Users/zsoraj/Documents/OpenHikes/OpenHikes/Sync/CloudSyncOutcome.swift /Users/zsoraj/Documents/OpenHikes/OpenHikes/Sync/CloudSyncStatus.swift /Users/zsoraj/Documents/OpenHikes/OpenHikes/Sync/SyncedSettings.swift /Users/zsoraj/Documents/OpenHikes/OpenHikes/Tiles/AutoSave/AutoSaveController.swift /Users/zsoraj/Documents/OpenHikes/OpenHikes/Tiles/AutoSave/AutoSaveTileStore.swift /Users/zsoraj/Documents/OpenHikes/OpenHikes/Tiles/Cache/TileCache.swift /Users/zsoraj/Documents/OpenHikes/OpenHikes/Tiles/Cache/TileCache+DiskReads.swift /Users/zsoraj/Documents/OpenHikes/OpenHikes/Tiles/Cache/TileCache+DurableQuota.swift /Users/zsoraj/Documents/OpenHikes/OpenHikes/Tiles/Cache/TileCache+FileHelpers.swift /Users/zsoraj/Documents/OpenHikes/OpenHikes/Tiles/Cache/TileCache+LegacyKeys.swift /Users/zsoraj/Documents/OpenHikes/OpenHikes/Tiles/Cache/TileCache+MemoryTier.swift /Users/zsoraj/Documents/OpenHikes/OpenHikes/Tiles/Cache/TileCache+MutationVersions.swift /Users/zsoraj/Documents/OpenHikes/OpenHikes/Tiles/Cache/TileCache+Network.swift /Users/zsoraj/Documents/OpenHikes/OpenHikes/Tiles/Cache/TileCache+StorageManagement.swift /Users/zsoraj/Documents/OpenHikes/OpenHikes/Tiles/Cache/TileCache+TierDuplicates.swift /Users/zsoraj/Documents/OpenHikes/OpenHikes/Tiles/Cache/TileCache+Transport.swift /Users/zsoraj/Documents/OpenHikes/OpenHikes/Tiles/Cache/TileFailureLog.swift /Users/zsoraj/Documents/OpenHikes/OpenHikes/Tiles/Cache/TileLoadGate.swift /Users/zsoraj/Documents/OpenHikes/OpenHikes/Tiles/Cache/TileLoadResult.swift /Users/zsoraj/Documents/OpenHikes/OpenHikes/Tiles/Cache/TileOwnership.swift /Users/zsoraj/Documents/OpenHikes/OpenHikes/Tiles/Cache/TileRetryAdvice.swift /Users/zsoraj/Documents/OpenHikes/OpenHikes/Tiles/Offline/OfflineDownloadClaim.swift /Users/zsoraj/Documents/OpenHikes/OpenHikes/Tiles/Offline/OfflineDownloadRegistry.swift /Users/zsoraj/Documents/OpenHikes/OpenHikes/Tiles/Offline/OfflineStorageAlerts.swift /Users/zsoraj/Documents/OpenHikes/OpenHikes/Tiles/Offline/OfflineTileDownloader.swift /Users/zsoraj/Documents/OpenHikes/OpenHikes/Tiles/Offline/OfflineTileDownloader+Completion.swift /Users/zsoraj/Documents/OpenHikes/OpenHikes/Tiles/Offline/OfflineTileDownloader+Planning.swift /Users/zsoraj/Documents/OpenHikes/OpenHikes/Tiles/Offline/OfflineTileDownloader+Quota.swift /Users/zsoraj/Documents/OpenHikes/OpenHikes/Tiles/Offline/StoredTileDeletion.swift /Users/zsoraj/Documents/OpenHikes/OpenHikes/Tiles/Rendering/CachingTileOverlayRenderer.swift /Users/zsoraj/Documents/OpenHikes/OpenHikes/Tiles/Rendering/TileOverlay.swift /Users/zsoraj/Documents/OpenHikes/OpenHikes/Tiles/LegacyTileKeyMigration.swift /Users/zsoraj/Documents/OpenHikes/OpenHikes/Tiles/MapAttributionView.swift /Users/zsoraj/Documents/OpenHikes/OpenHikes/Tiles/SlippyTileMath.swift /Users/zsoraj/Documents/OpenHikes/OpenHikes/Tiles/TileAttribution.swift /Users/zsoraj/Documents/OpenHikes/OpenHikes/Tiles/TileAttributionView.swift /Users/zsoraj/Documents/OpenHikes/OpenHikes/Tiles/TileCacheKey.swift /Users/zsoraj/Documents/OpenHikes/OpenHikes/Tiles/TileCorridor.swift /Users/zsoraj/Documents/OpenHikes/OpenHikes/Tiles/TileNetworkPolicy.swift /Users/zsoraj/Documents/OpenHikes/OpenHikes/Tiles/TileProvider.swift /Users/zsoraj/Documents/OpenHikes/OpenHikes/Tiles/TileURLRedaction.swift /Users/zsoraj/Documents/OpenHikes/OpenHikes/Weather/WeatherAttribution.swift /Users/zsoraj/Documents/OpenHikes/OpenHikes/Weather/WeatherBadge.swift /Users/zsoraj/Documents/OpenHikes/OpenHikes/Weather/WeatherDetailSheet.swift /Users/zsoraj/Documents/OpenHikes/OpenHikes/Weather/WeatherFocusModifier.swift /Users/zsoraj/Documents/OpenHikes/OpenHikes/Weather/WeatherManager.swift /Users/zsoraj/Documents/OpenHikes/OpenHikes/Weather/WeatherReadingFormat.swift /Users/zsoraj/Documents/OpenHikes/OpenHikes/Weather/WeatherReadingStore.swift /Users/zsoraj/Documents/OpenHikes/OpenHikes/Weather/WeatherRequestState.swift /Users/zsoraj/Documents/OpenHikes/OpenHikes/Weather/WeatherSubject.swift

Process build tool plug-in results

CreateBuildRequest

SendProjectDescription

CreateBuildOperation

ComputeTargetDependencyGraph
note: Building targets in dependency order
note: Target dependency graph (22 targets)
    Target 'OpenHikesUITests' in project 'OpenHikes'
        ➜ Explicit dependency on target 'OpenHikes' in project 'OpenHikes'
    Target 'OpenHikes' in project 'OpenHikes'
        ➜ Explicit dependency on target 'SwiftLintBuildToolPlugin' in project 'SwiftLintPlugins'
        ➜ Explicit dependency on target 'OpenWidgetExtension' in project 'OpenHikes'
        ➜ Explicit dependency on target 'AsyncAlgorithms' in project 'swift-async-algorithms'
        ➜ Explicit dependency on target 'Algorithms' in project 'swift-algorithms'
        ➜ Explicit dependency on target 'DequeModule' in project 'swift-collections'
        ➜ Explicit dependency on target 'HeapModule' in project 'swift-collections'
        ➜ Explicit dependency on target 'OrderedCollections' in project 'swift-collections'
        ➜ Explicit dependency on target 'OpenHikesShared' in project 'OpenHikesShared'
    Target 'HeapModule' in project 'swift-collections'
        ➜ Explicit dependency on target 'HeapModule' in project 'swift-collections'
        ➜ Explicit dependency on target 'InternalCollectionsUtilities' in project 'swift-collections'
    Target 'HeapModule' in project 'swift-collections'
        ➜ Explicit dependency on target 'InternalCollectionsUtilities' in project 'swift-collections'
    Target 'Algorithms' in project 'swift-algorithms'
        ➜ Explicit dependency on target 'Algorithms' in project 'swift-algorithms'
        ➜ Explicit dependency on target 'RealModule' in project 'swift-numerics'
    Target 'Algorithms' in project 'swift-algorithms'
        ➜ Explicit dependency on target 'RealModule' in project 'swift-numerics'
    Target 'RealModule' in project 'swift-numerics'
        ➜ Explicit dependency on target 'RealModule' in project 'swift-numerics'
        ➜ Explicit dependency on target '_NumericsShims' in project 'swift-numerics'
    Target 'RealModule' in project 'swift-numerics'
        ➜ Explicit dependency on target '_NumericsShims' in project 'swift-numerics'
    Target '_NumericsShims' in project 'swift-numerics' (no dependencies)
    Target 'AsyncAlgorithms' in project 'swift-async-algorithms'
        ➜ Explicit dependency on target 'AsyncAlgorithms' in project 'swift-async-algorithms'
        ➜ Explicit dependency on target 'OrderedCollections' in project 'swift-collections'
        ➜ Explicit dependency on target 'DequeModule' in project 'swift-collections'
    Target 'AsyncAlgorithms' in project 'swift-async-algorithms'
        ➜ Explicit dependency on target 'OrderedCollections' in project 'swift-collections'
        ➜ Explicit dependency on target 'DequeModule' in project 'swift-collections'
    Target 'DequeModule' in project 'swift-collections'
        ➜ Explicit dependency on target 'DequeModule' in project 'swift-collections'
        ➜ Explicit dependency on target 'InternalCollectionsUtilities' in project 'swift-collections'
        ➜ Explicit dependency on target 'ContainersPreview' in project 'swift-collections'
    Target 'DequeModule' in project 'swift-collections'
        ➜ Explicit dependency on target 'InternalCollectionsUtilities' in project 'swift-collections'
        ➜ Explicit dependency on target 'ContainersPreview' in project 'swift-collections'
    Target 'ContainersPreview' in project 'swift-collections'
        ➜ Explicit dependency on target 'InternalCollectionsUtilities' in project 'swift-collections'
    Target 'OrderedCollections' in project 'swift-collections'
        ➜ Explicit dependency on target 'OrderedCollections' in project 'swift-collections'
        ➜ Explicit dependency on target 'InternalCollectionsUtilities' in project 'swift-collections'
    Target 'OrderedCollections' in project 'swift-collections'
        ➜ Explicit dependency on target 'InternalCollectionsUtilities' in project 'swift-collections'
    Target 'InternalCollectionsUtilities' in project 'swift-collections' (no dependencies)
    Target 'OpenWidgetExtension' in project 'OpenHikes'
        ➜ Explicit dependency on target 'SwiftLintBuildToolPlugin' in project 'SwiftLintPlugins'
        ➜ Explicit dependency on target 'OpenHikesShared' in project 'OpenHikesShared'
    Target 'OpenHikesShared' in project 'OpenHikesShared'
        ➜ Explicit dependency on target 'OpenHikesShared' in project 'OpenHikesShared'
    Target 'OpenHikesShared' in project 'OpenHikesShared' (no dependencies)
    Target 'SwiftLintBuildToolPlugin' in project 'SwiftLintPlugins'
        ➜ Explicit dependency on target 'SwiftLintBuildToolPlugin' in project 'SwiftLintPlugins'
    Target 'SwiftLintBuildToolPlugin' in project 'SwiftLintPlugins' (no dependencies)

GatherProvisioningInputs

CreateBuildDescription

ExecuteExternalTool /Applications/Xcode.app/Contents/Developer/Toolchains/XcodeDefault.xctoolchain/usr/bin/swiftc --version

ExecuteExternalTool /Applications/Xcode.app/Contents/Developer/usr/bin/actool --version --output-format xml1

ExecuteExternalTool /Applications/Xcode.app/Contents/Developer/Toolchains/XcodeDefault.xctoolchain/usr/bin/clang -v -E -dM -arch arm64 -isysroot /Applications/Xcode.app/Contents/Developer/Platforms/iPhoneSimulator.platform/Developer/SDKs/iPhoneSimulator26.5.sdk -x c -c /dev/null

ExecuteExternalTool /Applications/Xcode.app/Contents/Developer/Toolchains/XcodeDefault.xctoolchain/usr/bin/clang -v -E -dM -isysroot /Applications/Xcode.app/Contents/Developer/Platforms/MacOSX.platform/Developer/SDKs/MacOSX26.5.sdk -x c -c /dev/null

ExecuteExternalTool /Applications/Xcode.app/Contents/Developer/usr/bin/actool --print-asset-tag-combinations --output-format xml1 /Users/zsoraj/Documents/OpenHikes/OpenHikes/Assets.xcassets

ExecuteExternalTool /Applications/Xcode.app/Contents/Developer/Toolchains/XcodeDefault.xctoolchain/usr/bin/clang -v -E -dM -isysroot /Applications/Xcode.app/Contents/Developer/Platforms/iPhoneSimulator.platform/Developer/SDKs/iPhoneSimulator26.5.sdk -x c -c /dev/null

ExecuteExternalTool /Applications/Xcode.app/Contents/Developer/Toolchains/XcodeDefault.xctoolchain/usr/bin/ld -version_details

ReadFileContents /Applications/Xcode.app/Contents/Developer/Toolchains/XcodeDefault.xctoolchain/usr/share/docc/features.json

Build description signature: 04339c8dcbf6e2aa9847ebfb0644a23e
Build description path: /Users/zsoraj/Library/Developer/Xcode/DerivedData/OpenHikes-dsjbwflghsqoduenorzlwghaliyw/Build/Intermediates.noindex/XCBuildData/04339c8dcbf6e2aa9847ebfb0644a23e.xcbuilddata
ClangStatCache /Applications/Xcode.app/Contents/Developer/Toolchains/XcodeDefault.xctoolchain/usr/bin/clang-stat-cache /Applications/Xcode.app/Contents/Developer/Platforms/iPhoneSimulator.platform/Developer/SDKs/iPhoneSimulator26.5.sdk /Users/zsoraj/Library/Developer/Xcode/DerivedData/SDKStatCaches.noindex/iphonesimulator26.5-23F81a-6cfe768891a92b912361537c460fe42b.sdkstatcache
    cd /Users/zsoraj/Documents/OpenHikes/OpenHikes.xcodeproj
    /Applications/Xcode.app/Contents/Developer/Toolchains/XcodeDefault.xctoolchain/usr/bin/clang-stat-cache /Applications/Xcode.app/Contents/Developer/Platforms/iPhoneSimulator.platform/Developer/SDKs/iPhoneSimulator26.5.sdk -o /Users/zsoraj/Library/Developer/Xcode/DerivedData/SDKStatCaches.noindex/iphonesimulator26.5-23F81a-6cfe768891a92b912361537c460fe42b.sdkstatcache

WriteAuxiliaryFile /Users/zsoraj/Library/Developer/Xcode/DerivedData/OpenHikes-dsjbwflghsqoduenorzlwghaliyw/Build/Intermediates.noindex/OpenHikes.build/Debug-iphonesimulator/OpenWidgetExtension.build/Objects-normal/arm64/OpenWidgetExtension.LinkFileList (in target 'OpenWidgetExtension' from project 'OpenHikes')
    cd /Users/zsoraj/Documents/OpenHikes
    write-file /Users/zsoraj/Library/Developer/Xcode/DerivedData/OpenHikes-dsjbwflghsqoduenorzlwghaliyw/Build/Intermediates.noindex/OpenHikes.build/Debug-iphonesimulator/OpenWidgetExtension.build/Objects-normal/arm64/OpenWidgetExtension.LinkFileList

WriteAuxiliaryFile /Users/zsoraj/Library/Developer/Xcode/DerivedData/OpenHikes-dsjbwflghsqoduenorzlwghaliyw/Build/Intermediates.noindex/OpenHikes.build/Debug-iphonesimulator/OpenHikes.build/Objects-normal/arm64/OpenHikes.LinkFileList (in target 'OpenHikes' from project 'OpenHikes')
    cd /Users/zsoraj/Documents/OpenHikes
    write-file /Users/zsoraj/Library/Developer/Xcode/DerivedData/OpenHikes-dsjbwflghsqoduenorzlwghaliyw/Build/Intermediates.noindex/OpenHikes.build/Debug-iphonesimulator/OpenHikes.build/Objects-normal/arm64/OpenHikes.LinkFileList

WriteAuxiliaryFile /Users/zsoraj/Library/Developer/Xcode/DerivedData/OpenHikes-dsjbwflghsqoduenorzlwghaliyw/Build/Intermediates.noindex/OpenHikes.build/Debug-iphonesimulator/OpenWidgetExtension.build/OpenWidgetExtension.DependencyMetadataFileList (in target 'OpenWidgetExtension' from project 'OpenHikes')
    cd /Users/zsoraj/Documents/OpenHikes
    write-file /Users/zsoraj/Library/Developer/Xcode/DerivedData/OpenHikes-dsjbwflghsqoduenorzlwghaliyw/Build/Intermediates.noindex/OpenHikes.build/Debug-iphonesimulator/OpenWidgetExtension.build/OpenWidgetExtension.DependencyMetadataFileList

Ld /Users/zsoraj/Library/Developer/Xcode/DerivedData/OpenHikes-dsjbwflghsqoduenorzlwghaliyw/Build/Products/Debug-iphonesimulator/OpenWidgetExtension.appex/OpenWidgetExtension.debug.dylib normal (in target 'OpenWidgetExtension' from project 'OpenHikes')
    cd /Users/zsoraj/Documents/OpenHikes
    /Applications/Xcode.app/Contents/Developer/Toolchains/XcodeDefault.xctoolchain/usr/bin/clang -Xlinker -reproducible -target arm64-apple-ios26.0-simulator -dynamiclib -isysroot /Applications/Xcode.app/Contents/Developer/Platforms/iPhoneSimulator.platform/Developer/SDKs/iPhoneSimulator26.5.sdk -O0 -L/Users/zsoraj/Library/Developer/Xcode/DerivedData/OpenHikes-dsjbwflghsqoduenorzlwghaliyw/Build/Intermediates.noindex/EagerLinkingTBDs/Debug-iphonesimulator -L/Users/zsoraj/Library/Developer/Xcode/DerivedData/OpenHikes-dsjbwflghsqoduenorzlwghaliyw/Build/Products/Debug-iphonesimulator -F/Users/zsoraj/Library/Developer/Xcode/DerivedData/OpenHikes-dsjbwflghsqoduenorzlwghaliyw/Build/Intermediates.noindex/EagerLinkingTBDs/Debug-iphonesimulator -F/Users/zsoraj/Library/Developer/Xcode/DerivedData/OpenHikes-dsjbwflghsqoduenorzlwghaliyw/Build/Products/Debug-iphonesimulator/PackageFrameworks -F/Users/zsoraj/Library/Developer/Xcode/DerivedData/OpenHikes-dsjbwflghsqoduenorzlwghaliyw/Build/Products/Debug-iphonesimulator -filelist /Users/zsoraj/Library/Developer/Xcode/DerivedData/OpenHikes-dsjbwflghsqoduenorzlwghaliyw/Build/Intermediates.noindex/OpenHikes.build/Debug-iphonesimulator/OpenWidgetExtension.build/Objects-normal/arm64/OpenWidgetExtension.LinkFileList -install_name @rpath/OpenWidgetExtension.debug.dylib -Xlinker -rpath -Xlinker /Users/zsoraj/Library/Developer/Xcode/DerivedData/OpenHikes-dsjbwflghsqoduenorzlwghaliyw/Build/Products/Debug-iphonesimulator/PackageFrameworks -Xlinker -rpath -Xlinker @executable_path/Frameworks -Xlinker -rpath -Xlinker @executable_path/../../Frameworks -Xlinker -dead_strip -Xlinker -object_path_lto -Xlinker /Users/zsoraj/Library/Developer/Xcode/DerivedData/OpenHikes-dsjbwflghsqoduenorzlwghaliyw/Build/Intermediates.noindex/OpenHikes.build/Debug-iphonesimulator/OpenWidgetExtension.build/Objects-normal/arm64/OpenWidgetExtension_lto.o -rdynamic -Xlinker -no_deduplicate -Xlinker -objc_abi_version -Xlinker 2 -Xlinker -debug_variant -Xlinker -dependency_info -Xlinker /Users/zsoraj/Library/Developer/Xcode/DerivedData/OpenHikes-dsjbwflghsqoduenorzlwghaliyw/Build/Intermediates.noindex/OpenHikes.build/Debug-iphonesimulator/OpenWidgetExtension.build/Objects-normal/arm64/OpenWidgetExtension_dependency_info.dat -fapplication-extension -fobjc-link-runtime -fprofile-instr-generate -L/Applications/Xcode.app/Contents/Developer/Toolchains/XcodeDefault.xctoolchain/usr/lib/swift/iphonesimulator -L/usr/lib/swift -Xlinker -add_ast_path -Xlinker /Users/zsoraj/Library/Developer/Xcode/DerivedData/OpenHikes-dsjbwflghsqoduenorzlwghaliyw/Build/Intermediates.noindex/OpenHikes.build/Debug-iphonesimulator/OpenWidgetExtension.build/Objects-normal/arm64/OpenWidgetExtension.swiftmodule @/Users/zsoraj/Library/Developer/Xcode/DerivedData/OpenHikes-dsjbwflghsqoduenorzlwghaliyw/Build/Intermediates.noindex/OpenHikes.build/Debug-iphonesimulator/OpenWidgetExtension.build/Objects-normal/arm64/OpenWidgetExtension-linker-args.resp -Wl,-no_warn_duplicate_libraries -Xlinker -alias -Xlinker _NSExtensionMain -Xlinker ___debug_main_executable_dylib_entry_point -framework SwiftUI -framework WidgetKit -Xlinker -no_adhoc_codesign -o /Users/zsoraj/Library/Developer/Xcode/DerivedData/OpenHikes-dsjbwflghsqoduenorzlwghaliyw/Build/Products/Debug-iphonesimulator/OpenWidgetExtension.appex/OpenWidgetExtension.debug.dylib -Xlinker -add_ast_path -Xlinker /Users/zsoraj/Library/Developer/Xcode/DerivedData/OpenHikes-dsjbwflghsqoduenorzlwghaliyw/Build/Intermediates.noindex/OpenHikesShared.build/Debug-iphonesimulator/OpenHikesShared.build/Objects-normal/arm64/OpenHikesShared.swiftmodule @/Users/zsoraj/Library/Developer/Xcode/DerivedData/OpenHikes-dsjbwflghsqoduenorzlwghaliyw/Build/Intermediates.noindex/OpenHikesShared.build/Debug-iphonesimulator/OpenHikesShared.build/Objects-normal/arm64/OpenHikesShared-linker-args.resp

WriteAuxiliaryFile /Users/zsoraj/Library/Developer/Xcode/DerivedData/OpenHikes-dsjbwflghsqoduenorzlwghaliyw/Build/Intermediates.noindex/OpenHikes.build/Debug-iphonesimulator/OpenHikesUITests.build/OpenHikesUITests.DependencyMetadataFileList (in target 'OpenHikesUITests' from project 'OpenHikes')
    cd /Users/zsoraj/Documents/OpenHikes
    write-file /Users/zsoraj/Library/Developer/Xcode/DerivedData/OpenHikes-dsjbwflghsqoduenorzlwghaliyw/Build/Intermediates.noindex/OpenHikes.build/Debug-iphonesimulator/OpenHikesUITests.build/OpenHikesUITests.DependencyMetadataFileList

WriteAuxiliaryFile /Users/zsoraj/Library/Developer/Xcode/DerivedData/OpenHikes-dsjbwflghsqoduenorzlwghaliyw/Build/Intermediates.noindex/OpenHikes.build/Debug-iphonesimulator/OpenHikes.build/OpenHikes.DependencyMetadataFileList (in target 'OpenHikes' from project 'OpenHikes')
    cd /Users/zsoraj/Documents/OpenHikes
    write-file /Users/zsoraj/Library/Developer/Xcode/DerivedData/OpenHikes-dsjbwflghsqoduenorzlwghaliyw/Build/Intermediates.noindex/OpenHikes.build/Debug-iphonesimulator/OpenHikes.build/OpenHikes.DependencyMetadataFileList

ProcessInfoPlistFile /Users/zsoraj/Library/Developer/Xcode/DerivedData/OpenHikes-dsjbwflghsqoduenorzlwghaliyw/Build/Products/Debug-iphonesimulator/OpenWidgetExtension.appex/Info.plist /Users/zsoraj/Documents/OpenHikes/OpenWidget/Info.plist (in target 'OpenWidgetExtension' from project 'OpenHikes')
    cd /Users/zsoraj/Documents/OpenHikes
    builtin-infoPlistUtility /Users/zsoraj/Documents/OpenHikes/OpenWidget/Info.plist -producttype com.apple.product-type.app-extension -expandbuildsettings -format binary -platform iphonesimulator -additionalcontentfile /Users/zsoraj/Library/Developer/Xcode/DerivedData/OpenHikes-dsjbwflghsqoduenorzlwghaliyw/Build/Intermediates.noindex/OpenHikes.build/Debug-iphonesimulator/OpenWidgetExtension.build/assetcatalog_generated_info.plist -o /Users/zsoraj/Library/Developer/Xcode/DerivedData/OpenHikes-dsjbwflghsqoduenorzlwghaliyw/Build/Products/Debug-iphonesimulator/OpenWidgetExtension.appex/Info.plist

ConstructStubExecutorLinkFileList /Users/zsoraj/Library/Developer/Xcode/DerivedData/OpenHikes-dsjbwflghsqoduenorzlwghaliyw/Build/Intermediates.noindex/OpenHikes.build/Debug-iphonesimulator/OpenWidgetExtension.build/OpenWidgetExtension-ExecutorLinkFileList-normal-arm64.txt (in target 'OpenWidgetExtension' from project 'OpenHikes')
    cd /Users/zsoraj/Documents/OpenHikes
    construct-stub-executor-link-file-list /Users/zsoraj/Library/Developer/Xcode/DerivedData/OpenHikes-dsjbwflghsqoduenorzlwghaliyw/Build/Products/Debug-iphonesimulator/OpenWidgetExtension.appex/OpenWidgetExtension.debug.dylib /Applications/Xcode.app/Contents/Developer/Platforms/iPhoneSimulator.platform/Developer/usr/lib/libPreviewsJITStubExecutor_no_swift_entry_point.a /Applications/Xcode.app/Contents/Developer/Platforms/iPhoneSimulator.platform/Developer/usr/lib/libPreviewsJITStubExecutor.a --output /Users/zsoraj/Library/Developer/Xcode/DerivedData/OpenHikes-dsjbwflghsqoduenorzlwghaliyw/Build/Intermediates.noindex/OpenHikes.build/Debug-iphonesimulator/OpenWidgetExtension.build/OpenWidgetExtension-ExecutorLinkFileList-normal-arm64.txt
note: Using stub executor library with Swift entry point. (in target 'OpenWidgetExtension' from project 'OpenHikes')

Ld /Users/zsoraj/Library/Developer/Xcode/DerivedData/OpenHikes-dsjbwflghsqoduenorzlwghaliyw/Build/Products/Debug-iphonesimulator/OpenWidgetExtension.appex/OpenWidgetExtension normal (in target 'OpenWidgetExtension' from project 'OpenHikes')
    cd /Users/zsoraj/Documents/OpenHikes
    /Applications/Xcode.app/Contents/Developer/Toolchains/XcodeDefault.xctoolchain/usr/bin/clang -Xlinker -reproducible -target arm64-apple-ios26.0-simulator -isysroot /Applications/Xcode.app/Contents/Developer/Platforms/iPhoneSimulator.platform/Developer/SDKs/iPhoneSimulator26.5.sdk -O0 -L/Users/zsoraj/Library/Developer/Xcode/DerivedData/OpenHikes-dsjbwflghsqoduenorzlwghaliyw/Build/Products/Debug-iphonesimulator -F/Users/zsoraj/Library/Developer/Xcode/DerivedData/OpenHikes-dsjbwflghsqoduenorzlwghaliyw/Build/Products/Debug-iphonesimulator/PackageFrameworks -F/Users/zsoraj/Library/Developer/Xcode/DerivedData/OpenHikes-dsjbwflghsqoduenorzlwghaliyw/Build/Products/Debug-iphonesimulator -Xlinker -rpath -Xlinker @executable_path -Xlinker -rpath -Xlinker /Users/zsoraj/Library/Developer/Xcode/DerivedData/OpenHikes-dsjbwflghsqoduenorzlwghaliyw/Build/Products/Debug-iphonesimulator/PackageFrameworks -Xlinker -rpath -Xlinker @executable_path/Frameworks -Xlinker -rpath -Xlinker @executable_path/../../Frameworks -rdynamic -Xlinker -no_deduplicate -Xlinker -objc_abi_version -Xlinker 2 -Xlinker -debug_variant -e ___debug_blank_executor_main -Xlinker -sectcreate -Xlinker __TEXT -Xlinker __debug_dylib -Xlinker /Users/zsoraj/Library/Developer/Xcode/DerivedData/OpenHikes-dsjbwflghsqoduenorzlwghaliyw/Build/Intermediates.noindex/OpenHikes.build/Debug-iphonesimulator/OpenWidgetExtension.build/OpenWidgetExtension-DebugDylibPath-normal-arm64.txt -Xlinker -sectcreate -Xlinker __TEXT -Xlinker __debug_entry -Xlinker /Users/zsoraj/Library/Developer/Xcode/DerivedData/OpenHikes-dsjbwflghsqoduenorzlwghaliyw/Build/Intermediates.noindex/OpenHikes.build/Debug-iphonesimulator/OpenWidgetExtension.build/OpenWidgetExtension-DebugEntryPoint-normal-arm64.txt -Xlinker -sectcreate -Xlinker __TEXT -Xlinker __debug_instlnm -Xlinker /Users/zsoraj/Library/Developer/Xcode/DerivedData/OpenHikes-dsjbwflghsqoduenorzlwghaliyw/Build/Intermediates.noindex/OpenHikes.build/Debug-iphonesimulator/OpenWidgetExtension.build/OpenWidgetExtension-DebugDylibInstallName-normal-arm64.txt -Xlinker -filelist -Xlinker /Users/zsoraj/Library/Developer/Xcode/DerivedData/OpenHikes-dsjbwflghsqoduenorzlwghaliyw/Build/Intermediates.noindex/OpenHikes.build/Debug-iphonesimulator/OpenWidgetExtension.build/OpenWidgetExtension-ExecutorLinkFileList-normal-arm64.txt -Xlinker -sectcreate -Xlinker __TEXT -Xlinker __entitlements -Xlinker /Users/zsoraj/Library/Developer/Xcode/DerivedData/OpenHikes-dsjbwflghsqoduenorzlwghaliyw/Build/Intermediates.noindex/OpenHikes.build/Debug-iphonesimulator/OpenWidgetExtension.build/OpenWidgetExtension.appex-Simulated.xcent -Xlinker -sectcreate -Xlinker __TEXT -Xlinker __ents_der -Xlinker /Users/zsoraj/Library/Developer/Xcode/DerivedData/OpenHikes-dsjbwflghsqoduenorzlwghaliyw/Build/Intermediates.noindex/OpenHikes.build/Debug-iphonesimulator/OpenWidgetExtension.build/OpenWidgetExtension.appex-Simulated.xcent.der /Users/zsoraj/Library/Developer/Xcode/DerivedData/OpenHikes-dsjbwflghsqoduenorzlwghaliyw/Build/Products/Debug-iphonesimulator/OpenWidgetExtension.appex/OpenWidgetExtension.debug.dylib -Xlinker -no_adhoc_codesign -o /Users/zsoraj/Library/Developer/Xcode/DerivedData/OpenHikes-dsjbwflghsqoduenorzlwghaliyw/Build/Products/Debug-iphonesimulator/OpenWidgetExtension.appex/OpenWidgetExtension

ExtractAppIntentsMetadata (in target 'OpenWidgetExtension' from project 'OpenHikes')
    cd /Users/zsoraj/Documents/OpenHikes
    /Applications/Xcode.app/Contents/Developer/Toolchains/XcodeDefault.xctoolchain/usr/bin/appintentsmetadataprocessor --toolchain-dir /Applications/Xcode.app/Contents/Developer/Toolchains/XcodeDefault.xctoolchain --module-name OpenWidgetExtension --sdk-root /Applications/Xcode.app/Contents/Developer/Platforms/iPhoneSimulator.platform/Developer/SDKs/iPhoneSimulator26.5.sdk --xcode-version 17F113 --platform-family iOS --deployment-target 26.0 --bundle-identifier tappium.com.OpenHikes.OpenWidget --output /Users/zsoraj/Library/Developer/Xcode/DerivedData/OpenHikes-dsjbwflghsqoduenorzlwghaliyw/Build/Products/Debug-iphonesimulator/OpenWidgetExtension.appex --target-triple arm64-apple-ios26.0-simulator --binary-file /Users/zsoraj/Library/Developer/Xcode/DerivedData/OpenHikes-dsjbwflghsqoduenorzlwghaliyw/Build/Products/Debug-iphonesimulator/OpenWidgetExtension.appex/OpenWidgetExtension --dependency-file /Users/zsoraj/Library/Developer/Xcode/DerivedData/OpenHikes-dsjbwflghsqoduenorzlwghaliyw/Build/Intermediates.noindex/OpenHikes.build/Debug-iphonesimulator/OpenWidgetExtension.build/Objects-normal/arm64/OpenWidgetExtension_dependency_info.dat --stringsdata-file /Users/zsoraj/Library/Developer/Xcode/DerivedData/OpenHikes-dsjbwflghsqoduenorzlwghaliyw/Build/Intermediates.noindex/OpenHikes.build/Debug-iphonesimulator/OpenWidgetExtension.build/Objects-normal/arm64/ExtractedAppShortcutsMetadata.stringsdata --source-file-list /Users/zsoraj/Library/Developer/Xcode/DerivedData/OpenHikes-dsjbwflghsqoduenorzlwghaliyw/Build/Intermediates.noindex/OpenHikes.build/Debug-iphonesimulator/OpenWidgetExtension.build/Objects-normal/arm64/OpenWidgetExtension.SwiftFileList --metadata-file-list /Users/zsoraj/Library/Developer/Xcode/DerivedData/OpenHikes-dsjbwflghsqoduenorzlwghaliyw/Build/Intermediates.noindex/OpenHikes.build/Debug-iphonesimulator/OpenWidgetExtension.build/OpenWidgetExtension.DependencyMetadataFileList --static-metadata-file-list /Users/zsoraj/Library/Developer/Xcode/DerivedData/OpenHikes-dsjbwflghsqoduenorzlwghaliyw/Build/Intermediates.noindex/OpenHikes.build/Debug-iphonesimulator/OpenWidgetExtension.build/OpenWidgetExtension.DependencyStaticMetadataFileList --swift-const-vals-list /Users/zsoraj/Library/Developer/Xcode/DerivedData/OpenHikes-dsjbwflghsqoduenorzlwghaliyw/Build/Intermediates.noindex/OpenHikes.build/Debug-iphonesimulator/OpenWidgetExtension.build/Objects-normal/arm64/OpenWidgetExtension.SwiftConstValuesFileList --compile-time-extraction --deployment-aware-processing --validate-assistant-intents --no-app-shortcuts-localization
2026-09-07 18:40:22.647 appintentsmetadataprocessor[41595:12786032] Starting appintentsmetadataprocessor export
2026-09-07 18:40:22.664 appintentsmetadataprocessor[41595:12786032] Writing Metadata.appintents
2026-09-07 18:40:22.664 appintentsmetadataprocessor[41595:12786032] Metadata root: /Users/zsoraj/Library/Developer/Xcode/DerivedData/OpenHikes-dsjbwflghsqoduenorzlwghaliyw/Build/Products/Debug-iphonesimulator/OpenWidgetExtension.appex/Metadata.appintents

AppIntentsSSUTraining (in target 'OpenWidgetExtension' from project 'OpenHikes')
    cd /Users/zsoraj/Documents/OpenHikes
    /Applications/Xcode.app/Contents/Developer/Toolchains/XcodeDefault.xctoolchain/usr/bin/appintentsnltrainingprocessor --infoplist-path /Users/zsoraj/Library/Developer/Xcode/DerivedData/OpenHikes-dsjbwflghsqoduenorzlwghaliyw/Build/Products/Debug-iphonesimulator/OpenWidgetExtension.appex/Info.plist --temp-dir-path /Users/zsoraj/Library/Developer/Xcode/DerivedData/OpenHikes-dsjbwflghsqoduenorzlwghaliyw/Build/Intermediates.noindex/OpenHikes.build/Debug-iphonesimulator/OpenWidgetExtension.build/ssu --bundle-id tappium.com.OpenHikes.OpenWidget --product-path /Users/zsoraj/Library/Developer/Xcode/DerivedData/OpenHikes-dsjbwflghsqoduenorzlwghaliyw/Build/Products/Debug-iphonesimulator/OpenWidgetExtension.appex --extracted-metadata-path /Users/zsoraj/Library/Developer/Xcode/DerivedData/OpenHikes-dsjbwflghsqoduenorzlwghaliyw/Build/Products/Debug-iphonesimulator/OpenWidgetExtension.appex/Metadata.appintents --metadata-file-list /Users/zsoraj/Library/Developer/Xcode/DerivedData/OpenHikes-dsjbwflghsqoduenorzlwghaliyw/Build/Intermediates.noindex/OpenHikes.build/Debug-iphonesimulator/OpenWidgetExtension.build/OpenWidgetExtension.DependencyMetadataFileList --source-file /Users/zsoraj/Library/Developer/Xcode/DerivedData/OpenHikes-dsjbwflghsqoduenorzlwghaliyw/Build/Products/Debug-iphonesimulator/OpenWidgetExtension.appex/Info.plist --archive-ssu-assets
2026-09-07 18:40:22.720 appintentsnltrainingprocessor[41596:12786035] Parsing options for appintentsnltrainingprocessor
2026-09-07 18:40:22.720 appintentsnltrainingprocessor[41596:12786035] Starting AppIntents SSU YAML Generation
2026-09-07 18:40:22.727 appintentsnltrainingprocessor[41596:12786035] No AppShortcuts found - Skipping.

CodeSign /Users/zsoraj/Library/Developer/Xcode/DerivedData/OpenHikes-dsjbwflghsqoduenorzlwghaliyw/Build/Products/Debug-iphonesimulator/OpenWidgetExtension.appex/OpenWidgetExtension.debug.dylib (in target 'OpenWidgetExtension' from project 'OpenHikes')
    cd /Users/zsoraj/Documents/OpenHikes
    
    Signing Identity:     "Sign to Run Locally"
    
    /usr/bin/codesign --force --sign - --timestamp\=none --generate-entitlement-der /Users/zsoraj/Library/Developer/Xcode/DerivedData/OpenHikes-dsjbwflghsqoduenorzlwghaliyw/Build/Products/Debug-iphonesimulator/OpenWidgetExtension.appex/OpenWidgetExtension.debug.dylib

CodeSign /Users/zsoraj/Library/Developer/Xcode/DerivedData/OpenHikes-dsjbwflghsqoduenorzlwghaliyw/Build/Products/Debug-iphonesimulator/OpenWidgetExtension.appex (in target 'OpenWidgetExtension' from project 'OpenHikes')
    cd /Users/zsoraj/Documents/OpenHikes
    
    Signing Identity:     "Sign to Run Locally"
    
    /usr/bin/codesign --force --sign - --entitlements /Users/zsoraj/Library/Developer/Xcode/DerivedData/OpenHikes-dsjbwflghsqoduenorzlwghaliyw/Build/Intermediates.noindex/OpenHikes.build/Debug-iphonesimulator/OpenWidgetExtension.build/OpenWidgetExtension.appex.xcent --timestamp\=none --generate-entitlement-der /Users/zsoraj/Library/Developer/Xcode/DerivedData/OpenHikes-dsjbwflghsqoduenorzlwghaliyw/Build/Products/Debug-iphonesimulator/OpenWidgetExtension.appex

Ld /Users/zsoraj/Library/Developer/Xcode/DerivedData/OpenHikes-dsjbwflghsqoduenorzlwghaliyw/Build/Products/Debug-iphonesimulator/OpenHikes.app/OpenHikes.debug.dylib normal (in target 'OpenHikes' from project 'OpenHikes')
    cd /Users/zsoraj/Documents/OpenHikes
    /Applications/Xcode.app/Contents/Developer/Toolchains/XcodeDefault.xctoolchain/usr/bin/clang -Xlinker -reproducible -target arm64-apple-ios26.0-simulator -dynamiclib -isysroot /Applications/Xcode.app/Contents/Developer/Platforms/iPhoneSimulator.platform/Developer/SDKs/iPhoneSimulator26.5.sdk -O0 -L/Users/zsoraj/Library/Developer/Xcode/DerivedData/OpenHikes-dsjbwflghsqoduenorzlwghaliyw/Build/Intermediates.noindex/EagerLinkingTBDs/Debug-iphonesimulator -L/Users/zsoraj/Library/Developer/Xcode/DerivedData/OpenHikes-dsjbwflghsqoduenorzlwghaliyw/Build/Products/Debug-iphonesimulator -F/Users/zsoraj/Library/Developer/Xcode/DerivedData/OpenHikes-dsjbwflghsqoduenorzlwghaliyw/Build/Intermediates.noindex/EagerLinkingTBDs/Debug-iphonesimulator -F/Users/zsoraj/Library/Developer/Xcode/DerivedData/OpenHikes-dsjbwflghsqoduenorzlwghaliyw/Build/Products/Debug-iphonesimulator/PackageFrameworks -F/Users/zsoraj/Library/Developer/Xcode/DerivedData/OpenHikes-dsjbwflghsqoduenorzlwghaliyw/Build/Products/Debug-iphonesimulator/PackageFrameworks -F/Users/zsoraj/Library/Developer/Xcode/DerivedData/OpenHikes-dsjbwflghsqoduenorzlwghaliyw/Build/Products/Debug-iphonesimulator/PackageFrameworks -F/Users/zsoraj/Library/Developer/Xcode/DerivedData/OpenHikes-dsjbwflghsqoduenorzlwghaliyw/Build/Products/Debug-iphonesimulator/PackageFrameworks -F/Users/zsoraj/Library/Developer/Xcode/DerivedData/OpenHikes-dsjbwflghsqoduenorzlwghaliyw/Build/Products/Debug-iphonesimulator/PackageFrameworks -F/Users/zsoraj/Library/Developer/Xcode/DerivedData/OpenHikes-dsjbwflghsqoduenorzlwghaliyw/Build/Products/Debug-iphonesimulator/PackageFrameworks -F/Users/zsoraj/Library/Developer/Xcode/DerivedData/OpenHikes-dsjbwflghsqoduenorzlwghaliyw/Build/Products/Debug-iphonesimulator/PackageFrameworks -F/Users/zsoraj/Library/Developer/Xcode/DerivedData/OpenHikes-dsjbwflghsqoduenorzlwghaliyw/Build/Products/Debug-iphonesimulator/PackageFrameworks -F/Users/zsoraj/Library/Developer/Xcode/DerivedData/OpenHikes-dsjbwflghsqoduenorzlwghaliyw/Build/Products/Debug-iphonesimulator/PackageFrameworks -F/Users/zsoraj/Library/Developer/Xcode/DerivedData/OpenHikes-dsjbwflghsqoduenorzlwghaliyw/Build/Products/Debug-iphonesimulator/PackageFrameworks -F/Users/zsoraj/Library/Developer/Xcode/DerivedData/OpenHikes-dsjbwflghsqoduenorzlwghaliyw/Build/Products/Debug-iphonesimulator -filelist /Users/zsoraj/Library/Developer/Xcode/DerivedData/OpenHikes-dsjbwflghsqoduenorzlwghaliyw/Build/Intermediates.noindex/OpenHikes.build/Debug-iphonesimulator/OpenHikes.build/Objects-normal/arm64/OpenHikes.LinkFileList -install_name @rpath/OpenHikes.debug.dylib -Xlinker -rpath -Xlinker /Users/zsoraj/Library/Developer/Xcode/DerivedData/OpenHikes-dsjbwflghsqoduenorzlwghaliyw/Build/Products/Debug-iphonesimulator/PackageFrameworks -Xlinker -rpath -Xlinker @executable_path/Frameworks -Xlinker -dead_strip -Xlinker -object_path_lto -Xlinker /Users/zsoraj/Library/Developer/Xcode/DerivedData/OpenHikes-dsjbwflghsqoduenorzlwghaliyw/Build/Intermediates.noindex/OpenHikes.build/Debug-iphonesimulator/OpenHikes.build/Objects-normal/arm64/OpenHikes_lto.o -rdynamic -Xlinker -no_deduplicate -Xlinker -objc_abi_version -Xlinker 2 -Xlinker -debug_variant -Xlinker -dependency_info -Xlinker /Users/zsoraj/Library/Developer/Xcode/DerivedData/OpenHikes-dsjbwflghsqoduenorzlwghaliyw/Build/Intermediates.noindex/OpenHikes.build/Debug-iphonesimulator/OpenHikes.build/Objects-normal/arm64/OpenHikes_dependency_info.dat -fobjc-link-runtime -fprofile-instr-generate -L/Applications/Xcode.app/Contents/Developer/Toolchains/XcodeDefault.xctoolchain/usr/lib/swift/iphonesimulator -L/usr/lib/swift -Xlinker -add_ast_path -Xlinker /Users/zsoraj/Library/Developer/Xcode/DerivedData/OpenHikes-dsjbwflghsqoduenorzlwghaliyw/Build/Intermediates.noindex/OpenHikes.build/Debug-iphonesimulator/OpenHikes.build/Objects-normal/arm64/OpenHikes.swiftmodule @/Users/zsoraj/Library/Developer/Xcode/DerivedData/OpenHikes-dsjbwflghsqoduenorzlwghaliyw/Build/Intermediates.noindex/OpenHikes.build/Debug-iphonesimulator/OpenHikes.build/Objects-normal/arm64/OpenHikes-linker-args.resp -Wl,-no_warn_duplicate_libraries -Wl,-no_warn_duplicate_libraries -Wl,-no_warn_duplicate_libraries -Wl,-no_warn_duplicate_libraries -Wl,-no_warn_duplicate_libraries -Wl,-no_warn_duplicate_libraries -Wl,-no_warn_duplicate_libraries -Wl,-no_warn_duplicate_libraries -Wl,-no_warn_duplicate_libraries -Wl,-no_warn_duplicate_libraries -Xlinker -alias -Xlinker _main -Xlinker ___debug_main_executable_dylib_entry_point -Xlinker -no_adhoc_codesign -o /Users/zsoraj/Library/Developer/Xcode/DerivedData/OpenHikes-dsjbwflghsqoduenorzlwghaliyw/Build/Products/Debug-iphonesimulator/OpenHikes.app/OpenHikes.debug.dylib -Xlinker -add_ast_path -Xlinker /Users/zsoraj/Library/Developer/Xcode/DerivedData/OpenHikes-dsjbwflghsqoduenorzlwghaliyw/Build/Intermediates.noindex/swift-async-algorithms.build/Debug-iphonesimulator/AsyncAlgorithms.build/Objects-normal/arm64/AsyncAlgorithms.swiftmodule @/Users/zsoraj/Library/Developer/Xcode/DerivedData/OpenHikes-dsjbwflghsqoduenorzlwghaliyw/Build/Intermediates.noindex/swift-async-algorithms.build/Debug-iphonesimulator/AsyncAlgorithms.build/Objects-normal/arm64/AsyncAlgorithms-linker-args.resp -Xlinker -add_ast_path -Xlinker /Users/zsoraj/Library/Developer/Xcode/DerivedData/OpenHikes-dsjbwflghsqoduenorzlwghaliyw/Build/Intermediates.noindex/swift-collections.build/Debug-iphonesimulator/OrderedCollections.build/Objects-normal/arm64/OrderedCollections.swiftmodule @/Users/zsoraj/Library/Developer/Xcode/DerivedData/OpenHikes-dsjbwflghsqoduenorzlwghaliyw/Build/Intermediates.noindex/swift-collections.build/Debug-iphonesimulator/OrderedCollections.build/Objects-normal/arm64/OrderedCollections-linker-args.resp -Xlinker -add_ast_path -Xlinker /Users/zsoraj/Library/Developer/Xcode/DerivedData/OpenHikes-dsjbwflghsqoduenorzlwghaliyw/Build/Intermediates.noindex/swift-collections.build/Debug-iphonesimulator/InternalCollectionsUtilities.build/Objects-normal/arm64/InternalCollectionsUtilities.swiftmodule @/Users/zsoraj/Library/Developer/Xcode/DerivedData/OpenHikes-dsjbwflghsqoduenorzlwghaliyw/Build/Intermediates.noindex/swift-collections.build/Debug-iphonesimulator/InternalCollectionsUtilities.build/Objects-normal/arm64/InternalCollectionsUtilities-linker-args.resp -Xlinker -add_ast_path -Xlinker /Users/zsoraj/Library/Developer/Xcode/DerivedData/OpenHikes-dsjbwflghsqoduenorzlwghaliyw/Build/Intermediates.noindex/swift-collections.build/Debug-iphonesimulator/DequeModule.build/Objects-normal/arm64/DequeModule.swiftmodule @/Users/zsoraj/Library/Developer/Xcode/DerivedData/OpenHikes-dsjbwflghsqoduenorzlwghaliyw/Build/Intermediates.noindex/swift-collections.build/Debug-iphonesimulator/DequeModule.build/Objects-normal/arm64/DequeModule-linker-args.resp -Xlinker -add_ast_path -Xlinker /Users/zsoraj/Library/Developer/Xcode/DerivedData/OpenHikes-dsjbwflghsqoduenorzlwghaliyw/Build/Intermediates.noindex/swift-collections.build/Debug-iphonesimulator/ContainersPreview.build/Objects-normal/arm64/ContainersPreview.swiftmodule @/Users/zsoraj/Library/Developer/Xcode/DerivedData/OpenHikes-dsjbwflghsqoduenorzlwghaliyw/Build/Intermediates.noindex/swift-collections.build/Debug-iphonesimulator/ContainersPreview.build/Objects-normal/arm64/ContainersPreview-linker-args.resp -Xlinker -add_ast_path -Xlinker /Users/zsoraj/Library/Developer/Xcode/DerivedData/OpenHikes-dsjbwflghsqoduenorzlwghaliyw/Build/Intermediates.noindex/swift-algorithms.build/Debug-iphonesimulator/Algorithms.build/Objects-normal/arm64/Algorithms.swiftmodule @/Users/zsoraj/Library/Developer/Xcode/DerivedData/OpenHikes-dsjbwflghsqoduenorzlwghaliyw/Build/Intermediates.noindex/swift-algorithms.build/Debug-iphonesimulator/Algorithms.build/Objects-normal/arm64/Algorithms-linker-args.resp -Xlinker -add_ast_path -Xlinker /Users/zsoraj/Library/Developer/Xcode/DerivedData/OpenHikes-dsjbwflghsqoduenorzlwghaliyw/Build/Intermediates.noindex/swift-numerics.build/Debug-iphonesimulator/RealModule.build/Objects-normal/arm64/RealModule.swiftmodule @/Users/zsoraj/Library/Developer/Xcode/DerivedData/OpenHikes-dsjbwflghsqoduenorzlwghaliyw/Build/Intermediates.noindex/swift-numerics.build/Debug-iphonesimulator/RealModule.build/Objects-normal/arm64/RealModule-linker-args.resp -Xlinker -add_ast_path -Xlinker /Users/zsoraj/Library/Developer/Xcode/DerivedData/OpenHikes-dsjbwflghsqoduenorzlwghaliyw/Build/Intermediates.noindex/swift-collections.build/Debug-iphonesimulator/HeapModule.build/Objects-normal/arm64/HeapModule.swiftmodule @/Users/zsoraj/Library/Developer/Xcode/DerivedData/OpenHikes-dsjbwflghsqoduenorzlwghaliyw/Build/Intermediates.noindex/swift-collections.build/Debug-iphonesimulator/HeapModule.build/Objects-normal/arm64/HeapModule-linker-args.resp -Xlinker -add_ast_path -Xlinker /Users/zsoraj/Library/Developer/Xcode/DerivedData/OpenHikes-dsjbwflghsqoduenorzlwghaliyw/Build/Intermediates.noindex/OpenHikesShared.build/Debug-iphonesimulator/OpenHikesShared.build/Objects-normal/arm64/OpenHikesShared.swiftmodule @/Users/zsoraj/Library/Developer/Xcode/DerivedData/OpenHikes-dsjbwflghsqoduenorzlwghaliyw/Build/Intermediates.noindex/OpenHikesShared.build/Debug-iphonesimulator/OpenHikesShared.build/Objects-normal/arm64/OpenHikesShared-linker-args.resp

ConstructStubExecutorLinkFileList /Users/zsoraj/Library/Developer/Xcode/DerivedData/OpenHikes-dsjbwflghsqoduenorzlwghaliyw/Build/Intermediates.noindex/OpenHikes.build/Debug-iphonesimulator/OpenHikes.build/OpenHikes-ExecutorLinkFileList-normal-arm64.txt (in target 'OpenHikes' from project 'OpenHikes')
    cd /Users/zsoraj/Documents/OpenHikes
    construct-stub-executor-link-file-list /Users/zsoraj/Library/Developer/Xcode/DerivedData/OpenHikes-dsjbwflghsqoduenorzlwghaliyw/Build/Products/Debug-iphonesimulator/OpenHikes.app/OpenHikes.debug.dylib /Applications/Xcode.app/Contents/Developer/Platforms/iPhoneSimulator.platform/Developer/usr/lib/libPreviewsJITStubExecutor_no_swift_entry_point.a /Applications/Xcode.app/Contents/Developer/Platforms/iPhoneSimulator.platform/Developer/usr/lib/libPreviewsJITStubExecutor.a --output /Users/zsoraj/Library/Developer/Xcode/DerivedData/OpenHikes-dsjbwflghsqoduenorzlwghaliyw/Build/Intermediates.noindex/OpenHikes.build/Debug-iphonesimulator/OpenHikes.build/OpenHikes-ExecutorLinkFileList-normal-arm64.txt
note: Using stub executor library with Swift entry point. (in target 'OpenHikes' from project 'OpenHikes')

Ld /Users/zsoraj/Library/Developer/Xcode/DerivedData/OpenHikes-dsjbwflghsqoduenorzlwghaliyw/Build/Products/Debug-iphonesimulator/OpenHikes.app/OpenHikes normal (in target 'OpenHikes' from project 'OpenHikes')
    cd /Users/zsoraj/Documents/OpenHikes
    /Applications/Xcode.app/Contents/Developer/Toolchains/XcodeDefault.xctoolchain/usr/bin/clang -Xlinker -reproducible -target arm64-apple-ios26.0-simulator -isysroot /Applications/Xcode.app/Contents/Developer/Platforms/iPhoneSimulator.platform/Developer/SDKs/iPhoneSimulator26.5.sdk -O0 -L/Users/zsoraj/Library/Developer/Xcode/DerivedData/OpenHikes-dsjbwflghsqoduenorzlwghaliyw/Build/Products/Debug-iphonesimulator -F/Users/zsoraj/Library/Developer/Xcode/DerivedData/OpenHikes-dsjbwflghsqoduenorzlwghaliyw/Build/Products/Debug-iphonesimulator/PackageFrameworks -F/Users/zsoraj/Library/Developer/Xcode/DerivedData/OpenHikes-dsjbwflghsqoduenorzlwghaliyw/Build/Products/Debug-iphonesimulator/PackageFrameworks -F/Users/zsoraj/Library/Developer/Xcode/DerivedData/OpenHikes-dsjbwflghsqoduenorzlwghaliyw/Build/Products/Debug-iphonesimulator/PackageFrameworks -F/Users/zsoraj/Library/Developer/Xcode/DerivedData/OpenHikes-dsjbwflghsqoduenorzlwghaliyw/Build/Products/Debug-iphonesimulator/PackageFrameworks -F/Users/zsoraj/Library/Developer/Xcode/DerivedData/OpenHikes-dsjbwflghsqoduenorzlwghaliyw/Build/Products/Debug-iphonesimulator/PackageFrameworks -F/Users/zsoraj/Library/Developer/Xcode/DerivedData/OpenHikes-dsjbwflghsqoduenorzlwghaliyw/Build/Products/Debug-iphonesimulator/PackageFrameworks -F/Users/zsoraj/Library/Developer/Xcode/DerivedData/OpenHikes-dsjbwflghsqoduenorzlwghaliyw/Build/Products/Debug-iphonesimulator/PackageFrameworks -F/Users/zsoraj/Library/Developer/Xcode/DerivedData/OpenHikes-dsjbwflghsqoduenorzlwghaliyw/Build/Products/Debug-iphonesimulator/PackageFrameworks -F/Users/zsoraj/Library/Developer/Xcode/DerivedData/OpenHikes-dsjbwflghsqoduenorzlwghaliyw/Build/Products/Debug-iphonesimulator/PackageFrameworks -F/Users/zsoraj/Library/Developer/Xcode/DerivedData/OpenHikes-dsjbwflghsqoduenorzlwghaliyw/Build/Products/Debug-iphonesimulator/PackageFrameworks -F/Users/zsoraj/Library/Developer/Xcode/DerivedData/OpenHikes-dsjbwflghsqoduenorzlwghaliyw/Build/Products/Debug-iphonesimulator -Xlinker -rpath -Xlinker @executable_path -Xlinker -rpath -Xlinker /Users/zsoraj/Library/Developer/Xcode/DerivedData/OpenHikes-dsjbwflghsqoduenorzlwghaliyw/Build/Products/Debug-iphonesimulator/PackageFrameworks -Xlinker -rpath -Xlinker @executable_path/Frameworks -rdynamic -Xlinker -no_deduplicate -Xlinker -objc_abi_version -Xlinker 2 -Xlinker -debug_variant -e ___debug_blank_executor_main -Xlinker -sectcreate -Xlinker __TEXT -Xlinker __debug_dylib -Xlinker /Users/zsoraj/Library/Developer/Xcode/DerivedData/OpenHikes-dsjbwflghsqoduenorzlwghaliyw/Build/Intermediates.noindex/OpenHikes.build/Debug-iphonesimulator/OpenHikes.build/OpenHikes-DebugDylibPath-normal-arm64.txt -Xlinker -sectcreate -Xlinker __TEXT -Xlinker __debug_instlnm -Xlinker /Users/zsoraj/Library/Developer/Xcode/DerivedData/OpenHikes-dsjbwflghsqoduenorzlwghaliyw/Build/Intermediates.noindex/OpenHikes.build/Debug-iphonesimulator/OpenHikes.build/OpenHikes-DebugDylibInstallName-normal-arm64.txt -Xlinker -filelist -Xlinker /Users/zsoraj/Library/Developer/Xcode/DerivedData/OpenHikes-dsjbwflghsqoduenorzlwghaliyw/Build/Intermediates.noindex/OpenHikes.build/Debug-iphonesimulator/OpenHikes.build/OpenHikes-ExecutorLinkFileList-normal-arm64.txt -Xlinker -sectcreate -Xlinker __TEXT -Xlinker __entitlements -Xlinker /Users/zsoraj/Library/Developer/Xcode/DerivedData/OpenHikes-dsjbwflghsqoduenorzlwghaliyw/Build/Intermediates.noindex/OpenHikes.build/Debug-iphonesimulator/OpenHikes.build/OpenHikes.app-Simulated.xcent -Xlinker -sectcreate -Xlinker __TEXT -Xlinker __ents_der -Xlinker /Users/zsoraj/Library/Developer/Xcode/DerivedData/OpenHikes-dsjbwflghsqoduenorzlwghaliyw/Build/Intermediates.noindex/OpenHikes.build/Debug-iphonesimulator/OpenHikes.build/OpenHikes.app-Simulated.xcent.der /Users/zsoraj/Library/Developer/Xcode/DerivedData/OpenHikes-dsjbwflghsqoduenorzlwghaliyw/Build/Products/Debug-iphonesimulator/OpenHikes.app/OpenHikes.debug.dylib -Xlinker -no_adhoc_codesign -o /Users/zsoraj/Library/Developer/Xcode/DerivedData/OpenHikes-dsjbwflghsqoduenorzlwghaliyw/Build/Products/Debug-iphonesimulator/OpenHikes.app/OpenHikes

Copy /Users/zsoraj/Library/Developer/Xcode/DerivedData/OpenHikes-dsjbwflghsqoduenorzlwghaliyw/Build/Products/Debug-iphonesimulator/OpenHikes.app/PlugIns/OpenWidgetExtension.appex /Users/zsoraj/Library/Developer/Xcode/DerivedData/OpenHikes-dsjbwflghsqoduenorzlwghaliyw/Build/Products/Debug-iphonesimulator/OpenWidgetExtension.appex (in target 'OpenHikes' from project 'OpenHikes')
    cd /Users/zsoraj/Documents/OpenHikes
    builtin-copy -exclude .DS_Store -exclude CVS -exclude .svn -exclude .git -exclude .hg -exclude Headers -exclude PrivateHeaders -exclude Modules -exclude \*.tbd -resolve-src-symlinks -remove-static-executable /Users/zsoraj/Library/Developer/Xcode/DerivedData/OpenHikes-dsjbwflghsqoduenorzlwghaliyw/Build/Products/Debug-iphonesimulator/OpenWidgetExtension.appex /Users/zsoraj/Library/Developer/Xcode/DerivedData/OpenHikes-dsjbwflghsqoduenorzlwghaliyw/Build/Products/Debug-iphonesimulator/OpenHikes.app/PlugIns

CopySwiftLibs /Users/zsoraj/Library/Developer/Xcode/DerivedData/OpenHikes-dsjbwflghsqoduenorzlwghaliyw/Build/Products/Debug-iphonesimulator/OpenHikes.app (in target 'OpenHikes' from project 'OpenHikes')
    cd /Users/zsoraj/Documents/OpenHikes
    builtin-swiftStdLibTool --copy --verbose --sign - --scan-executable /Users/zsoraj/Library/Developer/Xcode/DerivedData/OpenHikes-dsjbwflghsqoduenorzlwghaliyw/Build/Products/Debug-iphonesimulator/OpenHikes.app/OpenHikes.debug.dylib --scan-folder /Users/zsoraj/Library/Developer/Xcode/DerivedData/OpenHikes-dsjbwflghsqoduenorzlwghaliyw/Build/Products/Debug-iphonesimulator/OpenHikes.app/Frameworks --scan-folder /Users/zsoraj/Library/Developer/Xcode/DerivedData/OpenHikes-dsjbwflghsqoduenorzlwghaliyw/Build/Products/Debug-iphonesimulator/OpenHikes.app/PlugIns --scan-folder /Users/zsoraj/Library/Developer/Xcode/DerivedData/OpenHikes-dsjbwflghsqoduenorzlwghaliyw/Build/Products/Debug-iphonesimulator/OpenHikes.app/SystemExtensions --scan-folder /Users/zsoraj/Library/Developer/Xcode/DerivedData/OpenHikes-dsjbwflghsqoduenorzlwghaliyw/Build/Products/Debug-iphonesimulator/OpenHikes.app/Extensions --platform iphonesimulator --toolchain /Applications/Xcode.app/Contents/Developer/Toolchains/XcodeDefault.xctoolchain --destination /Users/zsoraj/Library/Developer/Xcode/DerivedData/OpenHikes-dsjbwflghsqoduenorzlwghaliyw/Build/Products/Debug-iphonesimulator/OpenHikes.app/Frameworks --strip-bitcode --strip-bitcode-tool /Applications/Xcode.app/Contents/Developer/Toolchains/XcodeDefault.xctoolchain/usr/bin/bitcode_strip --emit-dependency-info /Users/zsoraj/Library/Developer/Xcode/DerivedData/OpenHikes-dsjbwflghsqoduenorzlwghaliyw/Build/Intermediates.noindex/OpenHikes.build/Debug-iphonesimulator/OpenHikes.build/SwiftStdLibToolInputDependencies.dep --filter-for-swift-os

ProcessInfoPlistFile /Users/zsoraj/Library/Developer/Xcode/DerivedData/OpenHikes-dsjbwflghsqoduenorzlwghaliyw/Build/Products/Debug-iphonesimulator/OpenHikes.app/Info.plist /Users/zsoraj/Documents/OpenHikes/OpenHikes/Info.plist (in target 'OpenHikes' from project 'OpenHikes')
    cd /Users/zsoraj/Documents/OpenHikes
    builtin-infoPlistUtility /Users/zsoraj/Documents/OpenHikes/OpenHikes/Info.plist -producttype com.apple.product-type.application -genpkginfo /Users/zsoraj/Library/Developer/Xcode/DerivedData/OpenHikes-dsjbwflghsqoduenorzlwghaliyw/Build/Products/Debug-iphonesimulator/OpenHikes.app/PkgInfo -expandbuildsettings -format binary -platform iphonesimulator -additionalcontentfile /Users/zsoraj/Library/Developer/Xcode/DerivedData/OpenHikes-dsjbwflghsqoduenorzlwghaliyw/Build/Intermediates.noindex/OpenHikes.build/Debug-iphonesimulator/OpenHikes.build/assetcatalog_generated_info.plist -scanforprivacyfile /Users/zsoraj/Library/Developer/Xcode/DerivedData/OpenHikes-dsjbwflghsqoduenorzlwghaliyw/Build/Products/Debug-iphonesimulator/OpenHikes.app/PlugIns/OpenWidgetExtension.appex -o /Users/zsoraj/Library/Developer/Xcode/DerivedData/OpenHikes-dsjbwflghsqoduenorzlwghaliyw/Build/Products/Debug-iphonesimulator/OpenHikes.app/Info.plist

ExtractAppIntentsMetadata (in target 'OpenHikes' from project 'OpenHikes')
    cd /Users/zsoraj/Documents/OpenHikes
    /Applications/Xcode.app/Contents/Developer/Toolchains/XcodeDefault.xctoolchain/usr/bin/appintentsmetadataprocessor --toolchain-dir /Applications/Xcode.app/Contents/Developer/Toolchains/XcodeDefault.xctoolchain --module-name OpenHikes --sdk-root /Applications/Xcode.app/Contents/Developer/Platforms/iPhoneSimulator.platform/Developer/SDKs/iPhoneSimulator26.5.sdk --xcode-version 17F113 --platform-family iOS --deployment-target 26.0 --bundle-identifier tappium.com.OpenHikes --output /Users/zsoraj/Library/Developer/Xcode/DerivedData/OpenHikes-dsjbwflghsqoduenorzlwghaliyw/Build/Products/Debug-iphonesimulator/OpenHikes.app --target-triple arm64-apple-ios26.0-simulator --binary-file /Users/zsoraj/Library/Developer/Xcode/DerivedData/OpenHikes-dsjbwflghsqoduenorzlwghaliyw/Build/Products/Debug-iphonesimulator/OpenHikes.app/OpenHikes --dependency-file /Users/zsoraj/Library/Developer/Xcode/DerivedData/OpenHikes-dsjbwflghsqoduenorzlwghaliyw/Build/Intermediates.noindex/OpenHikes.build/Debug-iphonesimulator/OpenHikes.build/Objects-normal/arm64/OpenHikes_dependency_info.dat --stringsdata-file /Users/zsoraj/Library/Developer/Xcode/DerivedData/OpenHikes-dsjbwflghsqoduenorzlwghaliyw/Build/Intermediates.noindex/OpenHikes.build/Debug-iphonesimulator/OpenHikes.build/Objects-normal/arm64/ExtractedAppShortcutsMetadata.stringsdata --source-file-list /Users/zsoraj/Library/Developer/Xcode/DerivedData/OpenHikes-dsjbwflghsqoduenorzlwghaliyw/Build/Intermediates.noindex/OpenHikes.build/Debug-iphonesimulator/OpenHikes.build/Objects-normal/arm64/OpenHikes.SwiftFileList --metadata-file-list /Users/zsoraj/Library/Developer/Xcode/DerivedData/OpenHikes-dsjbwflghsqoduenorzlwghaliyw/Build/Intermediates.noindex/OpenHikes.build/Debug-iphonesimulator/OpenHikes.build/OpenHikes.DependencyMetadataFileList --static-metadata-file-list /Users/zsoraj/Library/Developer/Xcode/DerivedData/OpenHikes-dsjbwflghsqoduenorzlwghaliyw/Build/Intermediates.noindex/OpenHikes.build/Debug-iphonesimulator/OpenHikes.build/OpenHikes.DependencyStaticMetadataFileList --swift-const-vals-list /Users/zsoraj/Library/Developer/Xcode/DerivedData/OpenHikes-dsjbwflghsqoduenorzlwghaliyw/Build/Intermediates.noindex/OpenHikes.build/Debug-iphonesimulator/OpenHikes.build/Objects-normal/arm64/OpenHikes.SwiftConstValuesFileList --compile-time-extraction --deployment-aware-processing --validate-assistant-intents --no-app-shortcuts-localization
2026-09-07 18:40:23.378 appintentsmetadataprocessor[41603:12786105] Starting appintentsmetadataprocessor export
2026-09-07 18:40:23.448 appintentsmetadataprocessor[41603:12786105] Writing Metadata.appintents
2026-09-07 18:40:23.448 appintentsmetadataprocessor[41603:12786105] Metadata root: /Users/zsoraj/Library/Developer/Xcode/DerivedData/OpenHikes-dsjbwflghsqoduenorzlwghaliyw/Build/Products/Debug-iphonesimulator/OpenHikes.app/Metadata.appintents

AppIntentsSSUTraining (in target 'OpenHikes' from project 'OpenHikes')
    cd /Users/zsoraj/Documents/OpenHikes
    /Applications/Xcode.app/Contents/Developer/Toolchains/XcodeDefault.xctoolchain/usr/bin/appintentsnltrainingprocessor --infoplist-path /Users/zsoraj/Library/Developer/Xcode/DerivedData/OpenHikes-dsjbwflghsqoduenorzlwghaliyw/Build/Products/Debug-iphonesimulator/OpenHikes.app/Info.plist --temp-dir-path /Users/zsoraj/Library/Developer/Xcode/DerivedData/OpenHikes-dsjbwflghsqoduenorzlwghaliyw/Build/Intermediates.noindex/OpenHikes.build/Debug-iphonesimulator/OpenHikes.build/ssu --bundle-id tappium.com.OpenHikes --product-path /Users/zsoraj/Library/Developer/Xcode/DerivedData/OpenHikes-dsjbwflghsqoduenorzlwghaliyw/Build/Products/Debug-iphonesimulator/OpenHikes.app --extracted-metadata-path /Users/zsoraj/Library/Developer/Xcode/DerivedData/OpenHikes-dsjbwflghsqoduenorzlwghaliyw/Build/Products/Debug-iphonesimulator/OpenHikes.app/Metadata.appintents --metadata-file-list /Users/zsoraj/Library/Developer/Xcode/DerivedData/OpenHikes-dsjbwflghsqoduenorzlwghaliyw/Build/Intermediates.noindex/OpenHikes.build/Debug-iphonesimulator/OpenHikes.build/OpenHikes.DependencyMetadataFileList --source-file /Users/zsoraj/Library/Developer/Xcode/DerivedData/OpenHikes-dsjbwflghsqoduenorzlwghaliyw/Build/Products/Debug-iphonesimulator/OpenHikes.app/Info.plist --archive-ssu-assets
2026-09-07 18:40:23.490 appintentsnltrainingprocessor[41608:12786134] Parsing options for appintentsnltrainingprocessor
2026-09-07 18:40:23.490 appintentsnltrainingprocessor[41608:12786134] Starting AppIntents SSU YAML Generation
2026-09-07 18:40:23.498 appintentsnltrainingprocessor[41608:12786134] Training 'Start a hike in ${+applicationName}|Start recording a hike in ${+applicationName}|Record a hike with ${+applicationName}' for en
2026-09-07 18:40:23.498 appintentsnltrainingprocessor[41608:12786134] Training 'Pause my hike in ${+applicationName}|Pause my ${+applicationName} recording' for en
2026-09-07 18:40:23.498 appintentsnltrainingprocessor[41608:12786134] Training 'Resume my hike in ${+applicationName}|Resume my ${+applicationName} recording' for en
2026-09-07 18:40:23.498 appintentsnltrainingprocessor[41608:12786134] Training 'Stop my hike in ${+applicationName}|Finish my hike in ${+applicationName}|Save my hike in ${+applicationName}' for en
2026-09-07 18:40:23.498 appintentsnltrainingprocessor[41608:12786134] Training 'How far have I hiked in ${+applicationName}|How is my ${+applicationName} hike going' for en
2026-09-07 18:40:23.498 appintentsnltrainingprocessor[41608:12786134] Training 'How far did I hike today in ${+applicationName}|My ${+applicationName} distance today' for en
2026-09-07 18:40:23.498 appintentsnltrainingprocessor[41608:12786134] Training 'What was my last hike in ${+applicationName}|Show my last hike in ${+applicationName}' for en
2026-09-07 18:40:23.498 appintentsnltrainingprocessor[41608:12786134] Training Negative Phrases '' for en
2026-09-07 18:40:23.498 appintentsnltrainingprocessor[41608:12786134] Application name 'OpenHikes' for en
2026-09-07 18:40:23.507 appintentsnltrainingprocessor[41608:12786134] Generated AppIntents SSU YAML files in file:///Users/zsoraj/Library/Developer/Xcode/DerivedData/OpenHikes-dsjbwflghsqoduenorzlwghaliyw/Build/Intermediates.noindex/OpenHikes.build/Debug-iphonesimulator/OpenHikes.build/ssu/
2026-09-07 18:40:23.507 appintentsnltrainingprocessor[41608:12786134] Copied AppIntents SSU YAML files to file:///Users/zsoraj/Library/Developer/Xcode/DerivedData/OpenHikes-dsjbwflghsqoduenorzlwghaliyw/Build/Products/Debug-iphonesimulator/OpenHikes.app/Metadata.appintents/
Archiving all locales.
[------------------------------------------------------------] 0% archiving en[🁢🁢🁢🁢🁢🁢🁢🁢🁢🁢🁢🁢🁢🁢🁢🁢🁢🁢🁢🁢🁢🁢🁢🁢🁢🁢🁢🁢🁢🁢🁢🁢🁢🁢🁢🁢🁢🁢🁢🁢🁢🁢🁢🁢🁢🁢🁢🁢🁢🁢🁢🁢🁢🁢🁢🁢🁢🁢🁢🁢] 100% archived en[🁢🁢🁢🁢🁢🁢🁢🁢🁢🁢🁢🁢🁢🁢🁢🁢🁢🁢🁢🁢🁢🁢🁢🁢🁢🁢🁢🁢🁢🁢🁢🁢🁢🁢🁢🁢🁢🁢🁢🁢🁢🁢🁢🁢🁢🁢🁢🁢🁢🁢🁢🁢🁢🁢🁢🁢🁢🁢🁢🁢] 100% archived 1 locales/Users/zsoraj/Library/Developer/Xcode/DerivedData/OpenHikes-dsjbwflghsqoduenorzlwghaliyw/Build/Products/Debug-iphonesimulator/OpenHikes.app/Metadata.appintents/nlu
/Users/zsoraj/Library/Developer/Xcode/DerivedData/OpenHikes-dsjbwflghsqoduenorzlwghaliyw/Build/Products/Debug-iphonesimulator/OpenHikes.app/Metadata.appintents/nlu/5585cdfa7501a908bc5712d6acd2b9c2.version


CodeSign /Users/zsoraj/Library/Developer/Xcode/DerivedData/OpenHikes-dsjbwflghsqoduenorzlwghaliyw/Build/Products/Debug-iphonesimulator/OpenHikes.app/OpenHikes.debug.dylib (in target 'OpenHikes' from project 'OpenHikes')
    cd /Users/zsoraj/Documents/OpenHikes
    
    Signing Identity:     "Sign to Run Locally"
    
    /usr/bin/codesign --force --sign - --timestamp\=none --generate-entitlement-der /Users/zsoraj/Library/Developer/Xcode/DerivedData/OpenHikes-dsjbwflghsqoduenorzlwghaliyw/Build/Products/Debug-iphonesimulator/OpenHikes.app/OpenHikes.debug.dylib

CodeSign /Users/zsoraj/Library/Developer/Xcode/DerivedData/OpenHikes-dsjbwflghsqoduenorzlwghaliyw/Build/Products/Debug-iphonesimulator/OpenHikes.app/__preview.dylib (in target 'OpenHikes' from project 'OpenHikes')
    cd /Users/zsoraj/Documents/OpenHikes
    
    Signing Identity:     "Sign to Run Locally"
    
    /usr/bin/codesign --force --sign - --timestamp\=none --generate-entitlement-der /Users/zsoraj/Library/Developer/Xcode/DerivedData/OpenHikes-dsjbwflghsqoduenorzlwghaliyw/Build/Products/Debug-iphonesimulator/OpenHikes.app/__preview.dylib
/Users/zsoraj/Library/Developer/Xcode/DerivedData/OpenHikes-dsjbwflghsqoduenorzlwghaliyw/Build/Products/Debug-iphonesimulator/OpenHikes.app/__preview.dylib: replacing existing signature

CodeSign /Users/zsoraj/Library/Developer/Xcode/DerivedData/OpenHikes-dsjbwflghsqoduenorzlwghaliyw/Build/Products/Debug-iphonesimulator/OpenHikes.app (in target 'OpenHikes' from project 'OpenHikes')
    cd /Users/zsoraj/Documents/OpenHikes
    
    Signing Identity:     "Sign to Run Locally"
    
    /usr/bin/codesign --force --sign - --entitlements /Users/zsoraj/Library/Developer/Xcode/DerivedData/OpenHikes-dsjbwflghsqoduenorzlwghaliyw/Build/Intermediates.noindex/OpenHikes.build/Debug-iphonesimulator/OpenHikes.build/OpenHikes.app.xcent --timestamp\=none --generate-entitlement-der /Users/zsoraj/Library/Developer/Xcode/DerivedData/OpenHikes-dsjbwflghsqoduenorzlwghaliyw/Build/Products/Debug-iphonesimulator/OpenHikes.app

ValidateEmbeddedBinary /Users/zsoraj/Library/Developer/Xcode/DerivedData/OpenHikes-dsjbwflghsqoduenorzlwghaliyw/Build/Products/Debug-iphonesimulator/OpenHikes.app/PlugIns/OpenWidgetExtension.appex (in target 'OpenHikes' from project 'OpenHikes')
    cd /Users/zsoraj/Documents/OpenHikes
    /Applications/Xcode.app/Contents/Developer/usr/bin/embeddedBinaryValidationUtility /Users/zsoraj/Library/Developer/Xcode/DerivedData/OpenHikes-dsjbwflghsqoduenorzlwghaliyw/Build/Products/Debug-iphonesimulator/OpenHikes.app/PlugIns/OpenWidgetExtension.appex -signing-cert - -info-plist-path /Users/zsoraj/Library/Developer/Xcode/DerivedData/OpenHikes-dsjbwflghsqoduenorzlwghaliyw/Build/Products/Debug-iphonesimulator/OpenHikes.app/Info.plist

Validate /Users/zsoraj/Library/Developer/Xcode/DerivedData/OpenHikes-dsjbwflghsqoduenorzlwghaliyw/Build/Products/Debug-iphonesimulator/OpenHikes.app (in target 'OpenHikes' from project 'OpenHikes')
    cd /Users/zsoraj/Documents/OpenHikes
    builtin-validationUtility /Users/zsoraj/Library/Developer/Xcode/DerivedData/OpenHikes-dsjbwflghsqoduenorzlwghaliyw/Build/Products/Debug-iphonesimulator/OpenHikes.app -shallow-bundle -infoplist-subpath Info.plist

CopySwiftLibs /Users/zsoraj/Library/Developer/Xcode/DerivedData/OpenHikes-dsjbwflghsqoduenorzlwghaliyw/Build/Products/Debug-iphonesimulator/OpenHikesUITests-Runner.app/PlugIns/OpenHikesUITests.xctest (in target 'OpenHikesUITests' from project 'OpenHikes')
    cd /Users/zsoraj/Documents/OpenHikes
    builtin-swiftStdLibTool --copy --verbose --sign - --scan-executable /Users/zsoraj/Library/Developer/Xcode/DerivedData/OpenHikes-dsjbwflghsqoduenorzlwghaliyw/Build/Products/Debug-iphonesimulator/OpenHikesUITests-Runner.app/PlugIns/OpenHikesUITests.xctest/OpenHikesUITests --scan-folder /Users/zsoraj/Library/Developer/Xcode/DerivedData/OpenHikes-dsjbwflghsqoduenorzlwghaliyw/Build/Products/Debug-iphonesimulator/OpenHikesUITests-Runner.app/PlugIns/OpenHikesUITests.xctest/Frameworks --scan-folder /Users/zsoraj/Library/Developer/Xcode/DerivedData/OpenHikes-dsjbwflghsqoduenorzlwghaliyw/Build/Products/Debug-iphonesimulator/OpenHikesUITests-Runner.app/PlugIns/OpenHikesUITests.xctest/PlugIns --scan-folder /Users/zsoraj/Library/Developer/Xcode/DerivedData/OpenHikes-dsjbwflghsqoduenorzlwghaliyw/Build/Products/Debug-iphonesimulator/OpenHikesUITests-Runner.app/PlugIns/OpenHikesUITests.xctest/SystemExtensions --scan-folder /Users/zsoraj/Library/Developer/Xcode/DerivedData/OpenHikes-dsjbwflghsqoduenorzlwghaliyw/Build/Products/Debug-iphonesimulator/OpenHikesUITests-Runner.app/PlugIns/OpenHikesUITests.xctest/Extensions --platform iphonesimulator --toolchain /Applications/Xcode.app/Contents/Developer/Toolchains/XcodeDefault.xctoolchain --destination /Users/zsoraj/Library/Developer/Xcode/DerivedData/OpenHikes-dsjbwflghsqoduenorzlwghaliyw/Build/Products/Debug-iphonesimulator/OpenHikesUITests-Runner.app/PlugIns/OpenHikesUITests.xctest/Frameworks --strip-bitcode --scan-executable /Applications/Xcode.app/Contents/Developer/Platforms/iPhoneSimulator.platform/Developer/usr/lib/libXCTestSwiftSupport.dylib --strip-bitcode-tool /Applications/Xcode.app/Contents/Developer/Toolchains/XcodeDefault.xctoolchain/usr/bin/bitcode_strip --emit-dependency-info /Users/zsoraj/Library/Developer/Xcode/DerivedData/OpenHikes-dsjbwflghsqoduenorzlwghaliyw/Build/Intermediates.noindex/OpenHikes.build/Debug-iphonesimulator/OpenHikesUITests.build/SwiftStdLibToolInputDependencies.dep --filter-for-swift-os

ProcessInfoPlistFile /Users/zsoraj/Library/Developer/Xcode/DerivedData/OpenHikes-dsjbwflghsqoduenorzlwghaliyw/Build/Products/Debug-iphonesimulator/OpenHikesUITests-Runner.app/PlugIns/OpenHikesUITests.xctest/Info.plist /Users/zsoraj/Library/Developer/Xcode/DerivedData/OpenHikes-dsjbwflghsqoduenorzlwghaliyw/Build/Intermediates.noindex/OpenHikes.build/Debug-iphonesimulator/OpenHikesUITests.build/empty-OpenHikesUITests.plist (in target 'OpenHikesUITests' from project 'OpenHikes')
    cd /Users/zsoraj/Documents/OpenHikes
    builtin-infoPlistUtility /Users/zsoraj/Library/Developer/Xcode/DerivedData/OpenHikes-dsjbwflghsqoduenorzlwghaliyw/Build/Intermediates.noindex/OpenHikes.build/Debug-iphonesimulator/OpenHikesUITests.build/empty-OpenHikesUITests.plist -producttype com.apple.product-type.bundle.ui-testing -expandbuildsettings -format binary -platform iphonesimulator -additionalcontentfile /Users/zsoraj/Library/Developer/Xcode/DerivedData/OpenHikes-dsjbwflghsqoduenorzlwghaliyw/Build/Intermediates.noindex/OpenHikes.build/Debug-iphonesimulator/OpenHikesUITests.build/ProductTypeInfoPlistAdditions.plist -o /Users/zsoraj/Library/Developer/Xcode/DerivedData/OpenHikes-dsjbwflghsqoduenorzlwghaliyw/Build/Products/Debug-iphonesimulator/OpenHikesUITests-Runner.app/PlugIns/OpenHikesUITests.xctest/Info.plist

ExtractAppIntentsMetadata (in target 'OpenHikesUITests' from project 'OpenHikes')
    cd /Users/zsoraj/Documents/OpenHikes
    /Applications/Xcode.app/Contents/Developer/Toolchains/XcodeDefault.xctoolchain/usr/bin/appintentsmetadataprocessor --toolchain-dir /Applications/Xcode.app/Contents/Developer/Toolchains/XcodeDefault.xctoolchain --module-name OpenHikesUITests --sdk-root /Applications/Xcode.app/Contents/Developer/Platforms/iPhoneSimulator.platform/Developer/SDKs/iPhoneSimulator26.5.sdk --xcode-version 17F113 --platform-family iOS --deployment-target 26.0 --bundle-identifier tappium.com.OpenHikesUITests --output /Users/zsoraj/Library/Developer/Xcode/DerivedData/OpenHikes-dsjbwflghsqoduenorzlwghaliyw/Build/Products/Debug-iphonesimulator/OpenHikesUITests-Runner.app/PlugIns/OpenHikesUITests.xctest --target-triple arm64-apple-ios26.0-simulator --binary-file /Users/zsoraj/Library/Developer/Xcode/DerivedData/OpenHikes-dsjbwflghsqoduenorzlwghaliyw/Build/Products/Debug-iphonesimulator/OpenHikesUITests-Runner.app/PlugIns/OpenHikesUITests.xctest/OpenHikesUITests --dependency-file /Users/zsoraj/Library/Developer/Xcode/DerivedData/OpenHikes-dsjbwflghsqoduenorzlwghaliyw/Build/Intermediates.noindex/OpenHikes.build/Debug-iphonesimulator/OpenHikesUITests.build/Objects-normal/arm64/OpenHikesUITests_dependency_info.dat --stringsdata-file /Users/zsoraj/Library/Developer/Xcode/DerivedData/OpenHikes-dsjbwflghsqoduenorzlwghaliyw/Build/Intermediates.noindex/OpenHikes.build/Debug-iphonesimulator/OpenHikesUITests.build/Objects-normal/arm64/ExtractedAppShortcutsMetadata.stringsdata --source-file-list /Users/zsoraj/Library/Developer/Xcode/DerivedData/OpenHikes-dsjbwflghsqoduenorzlwghaliyw/Build/Intermediates.noindex/OpenHikes.build/Debug-iphonesimulator/OpenHikesUITests.build/Objects-normal/arm64/OpenHikesUITests.SwiftFileList --metadata-file-list /Users/zsoraj/Library/Developer/Xcode/DerivedData/OpenHikes-dsjbwflghsqoduenorzlwghaliyw/Build/Intermediates.noindex/OpenHikes.build/Debug-iphonesimulator/OpenHikesUITests.build/OpenHikesUITests.DependencyMetadataFileList --static-metadata-file-list /Users/zsoraj/Library/Developer/Xcode/DerivedData/OpenHikes-dsjbwflghsqoduenorzlwghaliyw/Build/Intermediates.noindex/OpenHikes.build/Debug-iphonesimulator/OpenHikesUITests.build/OpenHikesUITests.DependencyStaticMetadataFileList --swift-const-vals-list /Users/zsoraj/Library/Developer/Xcode/DerivedData/OpenHikes-dsjbwflghsqoduenorzlwghaliyw/Build/Intermediates.noindex/OpenHikes.build/Debug-iphonesimulator/OpenHikesUITests.build/Objects-normal/arm64/OpenHikesUITests.SwiftConstValuesFileList --compile-time-extraction --deployment-aware-processing --validate-assistant-intents --no-app-shortcuts-localization
2026-09-07 18:40:24.665 appintentsmetadataprocessor[41616:12786240] Starting appintentsmetadataprocessor export
2026-09-07 18:40:24.667 appintentsmetadataprocessor[41616:12786240] warning: Metadata extraction skipped. No AppIntents.framework dependency found.

AppIntentsSSUTraining (in target 'OpenHikesUITests' from project 'OpenHikes')
    cd /Users/zsoraj/Documents/OpenHikes
    /Applications/Xcode.app/Contents/Developer/Toolchains/XcodeDefault.xctoolchain/usr/bin/appintentsnltrainingprocessor --infoplist-path /Users/zsoraj/Library/Developer/Xcode/DerivedData/OpenHikes-dsjbwflghsqoduenorzlwghaliyw/Build/Products/Debug-iphonesimulator/OpenHikesUITests-Runner.app/PlugIns/OpenHikesUITests.xctest/Info.plist --temp-dir-path /Users/zsoraj/Library/Developer/Xcode/DerivedData/OpenHikes-dsjbwflghsqoduenorzlwghaliyw/Build/Intermediates.noindex/OpenHikes.build/Debug-iphonesimulator/OpenHikesUITests.build/ssu --bundle-id tappium.com.OpenHikesUITests --product-path /Users/zsoraj/Library/Developer/Xcode/DerivedData/OpenHikes-dsjbwflghsqoduenorzlwghaliyw/Build/Products/Debug-iphonesimulator/OpenHikesUITests-Runner.app/PlugIns/OpenHikesUITests.xctest --extracted-metadata-path /Users/zsoraj/Library/Developer/Xcode/DerivedData/OpenHikes-dsjbwflghsqoduenorzlwghaliyw/Build/Products/Debug-iphonesimulator/OpenHikesUITests-Runner.app/PlugIns/OpenHikesUITests.xctest/Metadata.appintents --metadata-file-list /Users/zsoraj/Library/Developer/Xcode/DerivedData/OpenHikes-dsjbwflghsqoduenorzlwghaliyw/Build/Intermediates.noindex/OpenHikes.build/Debug-iphonesimulator/OpenHikesUITests.build/OpenHikesUITests.DependencyMetadataFileList --source-file /Users/zsoraj/Library/Developer/Xcode/DerivedData/OpenHikes-dsjbwflghsqoduenorzlwghaliyw/Build/Products/Debug-iphonesimulator/OpenHikesUITests-Runner.app/PlugIns/OpenHikesUITests.xctest/Info.plist --archive-ssu-assets
2026-09-07 18:40:24.706 appintentsnltrainingprocessor[41617:12786242] Parsing options for appintentsnltrainingprocessor
2026-09-07 18:40:24.707 appintentsnltrainingprocessor[41617:12786242] Starting AppIntents SSU YAML Generation
2026-09-07 18:40:24.707 appintentsnltrainingprocessor[41617:12786242] No AppShortcuts found - Skipping.

note: Removed stale file '/Users/zsoraj/Library/Developer/Xcode/DerivedData/OpenHikes-dsjbwflghsqoduenorzlwghaliyw/Build/Products/Debug-iphonesimulator/OpenHikes.app/Frameworks'

note: Disabling hardened runtime with ad-hoc codesigning. (in target 'OpenHikes' from project 'OpenHikes')
2026-09-07 18:40:29.794533+0200 OpenHikesUITests-Runner[41661:12786740] [Default] Running tests...
objc[41661]: Class UIAccessibilityLoaderWebShared is implemented in both /Library/Developer/CoreSimulator/Volumes/iOS_23F77/Library/Developer/CoreSimulator/Profiles/Runtimes/iOS 26.5.simruntime/Contents/Resources/RuntimeRoot/System/Library/AccessibilityBundles/WebCore.axbundle/WebCore (0x1076a8310) and /Library/Developer/CoreSimulator/Volumes/iOS_23F77/Library/Developer/CoreSimulator/Profiles/Runtimes/iOS 26.5.simruntime/Contents/Resources/RuntimeRoot/System/Library/AccessibilityBundles/WebKit.axbundle/WebKit (0x106b14398). This may cause spurious casting failures and mysterious crashes. One of the duplicates must be removed or renamed.
    t =      nans Interface orientation changed to Portrait
Test Suite 'Selected tests' started at 2026-09-07 18:40:32.457.
Test Suite 'OpenHikesUITests.xctest' started at 2026-09-07 18:40:32.457.
Test Suite 'PerformanceUITests' started at 2026-09-07 18:40:32.457.
Test Case '-[OpenHikesUITests.PerformanceUITests testBackgroundRecordingCostsNothingPerFix]' started.
    t =     0.00s Start Test at 2026-09-07 18:40:32.458
    t =     0.14s Set Up
    t =     0.14s Open tappium.com.OpenHikes
    t =     0.14s     Launch tappium.com.OpenHikes
2026-09-07 18:40:32.800 xcodebuild[41528:12785411] [MT] IDELaunchParametersSnapshot: The operation couldn’t be completed. (DebuggerLLDB.DebuggerVersionStore.StoreError error 0.)
2026-09-07 18:40:32.800 xcodebuild[41528:12785411] [MT] IDELaunchParametersSnapshot: no debugger version
    t =     1.37s         Setting up automation session
    t =     2.23s         Wait for tappium.com.OpenHikes to idle
    t =     3.97s Wait for tappium.com.OpenHikes to become Running Foreground
    t =     3.98s Setting simulated location to <+47.71840000,+12.83180000> +/- 5.00m (speed -1.00 mps / course -1.00) @ 2026. 09. 07., 18:40:36 Central European Summer Time
    t =     3.98s Open tappium.com.OpenHikes
    t =     3.98s     Activate tappium.com.OpenHikes
    t =     3.99s         Wait for tappium.com.OpenHikes to idle
    t =     3.99s Wait for tappium.com.OpenHikes to become Running Foreground
    t =     3.99s Tap Target Application 'tappium.com.OpenHikes'
    t =     3.99s     Wait for tappium.com.OpenHikes to idle
    t =     3.99s     Find the Target Application 'tappium.com.OpenHikes'
    t =     4.05s     Check for interrupting elements affecting "OpenHikes" Application
    t =     4.07s     Synthesize event
    t =     4.46s     Wait for tappium.com.OpenHikes to idle
    t =     4.84s Waiting 30.0s for "record-hike-button" Any to exist
    t =     5.87s     Checking `Expect predicate `existsNoRetry == 1` for object "record-hike-button" Any`
    t =     5.87s         Checking existence of `"record-hike-button" Any`
    t =     5.91s Tap "record-hike-button" Any
    t =     5.91s     Wait for tappium.com.OpenHikes to idle
    t =     5.92s     Find the "record-hike-button" Any
    t =     5.95s     Check for interrupting elements affecting "record-hike-button" Button
    t =     5.98s     Synthesize event
    t =     6.27s     Wait for tappium.com.OpenHikes to idle
    t =     7.10s Waiting 30.0s for "recording-point-count" Any to exist
    t =     8.14s     Checking `Expect predicate `existsNoRetry == 1` for object "recording-point-count" Any`
    t =     8.14s         Checking existence of `"recording-point-count" Any`
    t =     8.21s Waiting 30.0s for "performance-counters" Any to exist
    t =     9.24s     Checking `Expect predicate `existsNoRetry == 1` for object "performance-counters" Any`
    t =     9.24s         Checking existence of `"performance-counters" Any`
    t =     9.26s Find the "performance-counters" Any
    t =     9.78s Waiting 30.0s for "performance-counters" Any to exist
    t =    10.82s     Checking `Expect predicate `existsNoRetry == 1` for object "performance-counters" Any`
    t =    10.82s         Checking existence of `"performance-counters" Any`
    t =    10.84s Find the "performance-counters" Any
    t =    11.35s Waiting 30.0s for "performance-counters" Any to exist
    t =    12.39s     Checking `Expect predicate `existsNoRetry == 1` for object "performance-counters" Any`
    t =    12.39s         Checking existence of `"performance-counters" Any`
    t =    12.40s Find the "performance-counters" Any
    t =    12.92s Waiting 30.0s for "performance-counters" Any to exist
    t =    13.96s     Checking `Expect predicate `existsNoRetry == 1` for object "performance-counters" Any`
    t =    13.96s         Checking existence of `"performance-counters" Any`
    t =    13.97s Find the "performance-counters" Any
    t =    13.98s Waiting 30.0s for "performance-counters" Any to exist
    t =    15.02s     Checking `Expect predicate `existsNoRetry == 1` for object "performance-counters" Any`
    t =    15.02s         Checking existence of `"performance-counters" Any`
    t =    15.04s Find the "performance-counters" Any
    t =    15.06s Pressing Home button
    t =    19.52s Setting simulated location to <+47.71860000,+12.83180000> +/- 5.00m (speed -1.00 mps / course -1.00) @ 2026. 09. 07., 18:40:51 Central European Summer Time
    t =    23.53s Setting simulated location to <+47.71880000,+12.83180000> +/- 5.00m (speed -1.00 mps / course -1.00) @ 2026. 09. 07., 18:40:55 Central European Summer Time
    t =    27.53s Setting simulated location to <+47.71900000,+12.83180000> +/- 5.00m (speed -1.00 mps / course -1.00) @ 2026. 09. 07., 18:40:59 Central European Summer Time
    t =    29.54s Open tappium.com.OpenHikes
    t =    29.54s     Activate tappium.com.OpenHikes
    t =    29.56s         Wait for tappium.com.OpenHikes to idle
    t =    29.60s Wait for tappium.com.OpenHikes to become Running Foreground
    t =    29.60s Waiting 30.0s for "recording-point-count" Any to exist
    t =    30.63s     Checking `Expect predicate `existsNoRetry == 1` for object "recording-point-count" Any`
    t =    30.63s         Checking existence of `"recording-point-count" Any`
    t =    30.70s Waiting 30.0s for "performance-counters" Any to exist
    t =    31.73s     Checking `Expect predicate `existsNoRetry == 1` for object "performance-counters" Any`
    t =    31.73s         Checking existence of `"performance-counters" Any`
    t =    31.75s Find the "performance-counters" Any
PERF-PHASE	background-recording	background-recording	1788799247.513062	1788799264.2217789
PERF-COUNT	background-recording	background-recording	CPU.s	0.6170980000000004	0.20569933333333346
PERF-COUNT	background-recording	background-recording	LiveActivityUpdate	1.0	0.3333333333333333
PERF-COUNT	background-recording	background-recording	LiveFixAccepted	3.0	1.0
PERF-COUNT	background-recording	background-recording	LiveTrailMatchApplied	3.0	1.0
PERF-COUNT	background-recording	background-recording	LocationFixDelivered	1.0	0.3333333333333333
PERF-COUNT	background-recording	background-recording	LocationPublished	1.0	0.3333333333333333
PERF-COUNT	background-recording	background-recording	MapRecordingTraceApplied	1.0	0.3333333333333333
PERF-COUNT	background-recording	background-recording	MapSheetBody	4.0	1.3333333333333333
PERF-COUNT	background-recording	background-recording	OpenHikesViewBody	4.0	1.3333333333333333
PERF-COUNT	background-recording	background-recording	PhotoOrderComputed	4.0	1.3333333333333333
PERF-COUNT	background-recording	background-recording	Process	17.0	5.666666666666667
PERF-COUNT	background-recording	background-recording	RecordingBody	4.0	1.3333333333333333
PERF-COUNT	background-recording	background-recording	RecordingClockTick	3.0	1.0
PERF-COUNT	background-recording	background-recording	RecordingFixDelivered	3.0	1.0
PERF-COUNT	background-recording	background-recording	RecordingFixReceived	3.0	1.0
PERF-COUNT	background-recording	background-recording	RecordingPhotoPinsBody	4.0	1.3333333333333333
PERF-COUNT	background-recording	background-recording	RecordingTailRebuilt	6.0	2.0
PERF-COUNT	background-recording	background-recording	SceneDidBecomeActive	1.0	0.3333333333333333
PERF-COUNT	background-recording	background-recording	ScenePhaseChanged	4.0	1.3333333333333333
PERF-COUNT	background-recording	background-recording	ScenePhaseTurn	4.0	1.3333333333333333
PERF-COUNT	background-recording	background-recording	SceneResignActive	2.0	0.6666666666666666
PERF-COUNT	background-recording	background-recording	SceneResignSave	2.0	0.6666666666666666
PERF-COUNT	background-recording	background-recording	TileNetworkFetch	10.0	3.3333333333333335
PERF-COUNT	background-recording	background-recording	TrailMatcherWork	3.0	1.0
    t =    31.76s Waiting 30.0s for "performance-counters" Any to exist
    t =    32.80s     Checking `Expect predicate `existsNoRetry == 1` for object "performance-counters" Any`
    t =    32.80s         Checking existence of `"performance-counters" Any`
    t =    32.82s Find the "performance-counters" Any
    t =    32.84s Pressing Home button
    t =    35.31s Open tappium.com.OpenHikes
    t =    35.31s     Activate tappium.com.OpenHikes
    t =    35.33s         Wait for tappium.com.OpenHikes to idle
    t =    35.34s Wait for tappium.com.OpenHikes to become Running Foreground
    t =    35.34s Waiting 30.0s for "performance-counters" Any to exist
    t =    36.37s     Checking `Expect predicate `existsNoRetry == 1` for object "performance-counters" Any`
    t =    36.37s         Checking existence of `"performance-counters" Any`
    t =    36.39s Find the "performance-counters" Any
PERF-PHASE	background-recording	finish	1788799265.2952971	1788799268.8634272
PERF-COUNT	background-recording	finish	CPU.s	0.7141539999999997	
PERF-COUNT	background-recording	finish	MapSheetBody	4.0	
PERF-COUNT	background-recording	finish	OpenHikesViewBody	4.0	
PERF-COUNT	background-recording	finish	PhotoOrderComputed	4.0	
PERF-COUNT	background-recording	finish	Process	4.0	
PERF-COUNT	background-recording	finish	RecordingBody	4.0	
PERF-COUNT	background-recording	finish	RecordingClockTick	2.0	
PERF-COUNT	background-recording	finish	RecordingPhotoPinsBody	4.0	
PERF-COUNT	background-recording	finish	SceneDidBecomeActive	1.0	
PERF-COUNT	background-recording	finish	ScenePhaseChanged	4.0	
PERF-COUNT	background-recording	finish	ScenePhaseTurn	4.0	
PERF-COUNT	background-recording	finish	SceneResignActive	2.0	
PERF-COUNT	background-recording	finish	SceneResignSave	2.0	
    t =    36.41s Pressing Home button
    t =    38.87s Resetting the simulated location
    t =    38.88s Tear Down
Test Case '-[OpenHikesUITests.PerformanceUITests testBackgroundRecordingCostsNothingPerFix]' passed (39.207 seconds).
Test Case '-[OpenHikesUITests.PerformanceUITests testChartScrubbingStaysInsideTheChart]' started.
    t =     0.00s Start Test at 2026-09-07 18:41:11.665
    t =     0.02s Set Up
    t =     0.02s Open tappium.com.OpenHikes
    t =     0.02s     Launch tappium.com.OpenHikes
    t =     0.02s         Terminate tappium.com.OpenHikes:41690
2026-09-07 18:41:12.738 xcodebuild[41528:12785411] [MT] IDELaunchParametersSnapshot: The operation couldn’t be completed. (DebuggerLLDB.DebuggerVersionStore.StoreError error 0.)
2026-09-07 18:41:12.738 xcodebuild[41528:12785411] [MT] IDELaunchParametersSnapshot: no debugger version
    t =     1.29s         Setting up automation session
    t =     2.13s         Wait for tappium.com.OpenHikes to idle
    t =     3.73s Wait for tappium.com.OpenHikes to become Running Foreground
    t =     3.73s Waiting 30.0s for "hike-row" Any to exist
    t =     4.76s     Checking `Expect predicate `existsNoRetry == 1` for object "hike-row" Any`
    t =     4.76s         Checking existence of `"hike-row" Any`
    t =     4.87s Tap "hike-row" Any
    t =     4.87s     Wait for tappium.com.OpenHikes to idle
    t =     4.88s     Find the "hike-row" Any
    t =     4.93s     Check for interrupting elements affecting "hike-row" Button
    t =     4.97s     Synthesize event
    t =     5.26s     Wait for tappium.com.OpenHikes to idle
    t =     6.43s Waiting 30.0s for "Thumsee Loop (fast, simulated)" NavigationBar to exist
    t =     7.47s     Checking `Expect predicate `existsNoRetry == 1` for object "Thumsee Loop (fast, simulated)" NavigationBar`
    t =     7.47s         Checking existence of `"Thumsee Loop (fast, simulated)" NavigationBar`
    t =     7.57s Waiting 30.0s for "elevation-chart" Any to exist
    t =     8.61s     Checking `Expect predicate `existsNoRetry == 1` for object "elevation-chart" Any`
    t =     8.61s         Checking existence of `"elevation-chart" Any`
    t =     8.66s Tap "elevation-chart" Any[0.50, 0.50]
    t =     8.66s     Wait for tappium.com.OpenHikes to idle
    t =     8.67s     Find the "elevation-chart" Any
    t =     8.71s     Check for interrupting elements affecting "elevation-chart" Other
    t =     8.75s     Synthesize event
    t =     8.75s         Find the "elevation-chart" Other
    t =     8.81s         Find the "elevation-chart" Other
    t =     8.87s         Find the "elevation-chart" Other
    t =     9.21s     Wait for tappium.com.OpenHikes to idle
    t =     9.92s Waiting 30.0s for "performance-counters" Any to exist
    t =    10.95s     Checking `Expect predicate `existsNoRetry == 1` for object "performance-counters" Any`
    t =    10.95s         Checking existence of `"performance-counters" Any`
    t =    10.98s Find the "performance-counters" Any
    t =    11.50s Waiting 30.0s for "performance-counters" Any to exist
    t =    12.53s     Checking `Expect predicate `existsNoRetry == 1` for object "performance-counters" Any`
    t =    12.53s         Checking existence of `"performance-counters" Any`
    t =    12.56s Find the "performance-counters" Any
    t =    12.58s Waiting 30.0s for "performance-counters" Any to exist
    t =    13.62s     Checking `Expect predicate `existsNoRetry == 1` for object "performance-counters" Any`
    t =    13.62s         Checking existence of `"performance-counters" Any`
    t =    13.65s Find the "performance-counters" Any
    t =    13.66s Tap "elevation-chart" Other[0.10, 0.50]
    t =    13.66s     Wait for tappium.com.OpenHikes to idle
    t =    13.67s     Find the "elevation-chart" Other
    t =    13.72s     Check for interrupting elements affecting "elevation-chart" Other
    t =    13.76s     Synthesize event
    t =    13.76s         Find the "elevation-chart" Other
    t =    13.82s         Find the "elevation-chart" Other
    t =    13.87s         Find the "elevation-chart" Other
    t =    14.21s     Wait for tappium.com.OpenHikes to idle
    t =    14.93s Tap "elevation-chart" Other[0.20, 0.50]
    t =    14.93s     Wait for tappium.com.OpenHikes to idle
    t =    14.93s     Find the "elevation-chart" Other
    t =    14.99s     Check for interrupting elements affecting "elevation-chart" Other
    t =    15.03s     Synthesize event
    t =    15.03s         Find the "elevation-chart" Other
    t =    15.08s         Find the "elevation-chart" Other
    t =    15.13s         Find the "elevation-chart" Other
    t =    15.47s     Wait for tappium.com.OpenHikes to idle
    t =    16.18s Tap "elevation-chart" Other[0.30, 0.50]
    t =    16.18s     Wait for tappium.com.OpenHikes to idle
    t =    16.19s     Find the "elevation-chart" Other
    t =    16.25s     Check for interrupting elements affecting "elevation-chart" Other
    t =    16.30s     Synthesize event
    t =    16.30s         Find the "elevation-chart" Other
    t =    16.35s         Find the "elevation-chart" Other
    t =    16.41s         Find the "elevation-chart" Other
    t =    16.75s     Wait for tappium.com.OpenHikes to idle
    t =    17.46s Tap "elevation-chart" Other[0.40, 0.50]
    t =    17.47s     Wait for tappium.com.OpenHikes to idle
    t =    17.47s     Find the "elevation-chart" Other
    t =    17.54s     Check for interrupting elements affecting "elevation-chart" Other
    t =    17.58s     Synthesize event
    t =    17.58s         Find the "elevation-chart" Other
    t =    17.64s         Find the "elevation-chart" Other
    t =    17.69s         Find the "elevation-chart" Other
    t =    18.03s     Wait for tappium.com.OpenHikes to idle
    t =    18.73s Tap "elevation-chart" Other[0.50, 0.50]
    t =    18.73s     Wait for tappium.com.OpenHikes to idle
    t =    18.73s     Find the "elevation-chart" Other
    t =    18.79s     Check for interrupting elements affecting "elevation-chart" Other
    t =    18.83s     Synthesize event
    t =    18.83s         Find the "elevation-chart" Other
    t =    18.89s         Find the "elevation-chart" Other
    t =    18.94s         Find the "elevation-chart" Other
    t =    19.28s     Wait for tappium.com.OpenHikes to idle
    t =    20.00s Tap "elevation-chart" Other[0.60, 0.50]
    t =    20.00s     Wait for tappium.com.OpenHikes to idle
    t =    20.00s     Find the "elevation-chart" Other
    t =    20.06s     Check for interrupting elements affecting "elevation-chart" Other
    t =    20.11s     Synthesize event
    t =    20.11s         Find the "elevation-chart" Other
    t =    20.16s         Find the "elevation-chart" Other
    t =    20.22s         Find the "elevation-chart" Other
    t =    20.56s     Wait for tappium.com.OpenHikes to idle
    t =    21.27s Tap "elevation-chart" Other[0.70, 0.50]
    t =    21.27s     Wait for tappium.com.OpenHikes to idle
    t =    21.27s     Find the "elevation-chart" Other
    t =    21.34s     Check for interrupting elements affecting "elevation-chart" Other
    t =    21.38s     Synthesize event
    t =    21.38s         Find the "elevation-chart" Other
    t =    21.44s         Find the "elevation-chart" Other
    t =    21.50s         Find the "elevation-chart" Other
    t =    21.84s     Wait for tappium.com.OpenHikes to idle
    t =    22.55s Tap "elevation-chart" Other[0.80, 0.50]
    t =    22.55s     Wait for tappium.com.OpenHikes to idle
    t =    22.55s     Find the "elevation-chart" Other
    t =    22.62s     Check for interrupting elements affecting "elevation-chart" Other
    t =    22.66s     Synthesize event
    t =    22.66s         Find the "elevation-chart" Other
    t =    22.72s         Find the "elevation-chart" Other
    t =    22.78s         Find the "elevation-chart" Other
    t =    23.11s     Wait for tappium.com.OpenHikes to idle
    t =    23.83s Tap "elevation-chart" Other[0.90, 0.50]
    t =    23.83s     Wait for tappium.com.OpenHikes to idle
    t =    23.84s     Find the "elevation-chart" Other
    t =    23.90s     Check for interrupting elements affecting "elevation-chart" Other
    t =    23.95s     Synthesize event
    t =    23.95s         Find the "elevation-chart" Other
    t =    24.00s         Find the "elevation-chart" Other
    t =    24.06s         Find the "elevation-chart" Other
    t =    24.40s     Wait for tappium.com.OpenHikes to idle
    t =    25.12s Waiting 30.0s for "performance-counters" Any to exist
    t =    26.15s     Checking `Expect predicate `existsNoRetry == 1` for object "performance-counters" Any`
    t =    26.15s         Checking existence of `"performance-counters" Any`
    t =    26.18s Find the "performance-counters" Any
PERF-PHASE	chart-scrub	scrub-taps	1788799285.329811	1788799297.860467
PERF-COUNT	chart-scrub	scrub-taps	CPU.s	2.3212459999999995	
PERF-COUNT	chart-scrub	scrub-taps	Footprint.MB	4.296897888183594	
PERF-COUNT	chart-scrub	scrub-taps	HikeDetailBody	3.0	
PERF-COUNT	chart-scrub	scrub-taps	HikePhotoSectionBody	3.0	
PERF-COUNT	chart-scrub	scrub-taps	MapSheetBody	2.0	
PERF-COUNT	chart-scrub	scrub-taps	MapSheetHikesBody	1.0	
PERF-COUNT	chart-scrub	scrub-taps	OpenHikesViewBody	1.0	
PERF-COUNT	chart-scrub	scrub-taps	PhotoOrderComputed	3.0	
PERF-COUNT	chart-scrub	scrub-taps	Process	13.0	
    t =    26.20s Waiting 30.0s for "performance-counters" Any to exist
    t =    27.22s     Checking `Expect predicate `existsNoRetry == 1` for object "performance-counters" Any`
    t =    27.23s         Checking existence of `"performance-counters" Any`
    t =    27.25s Find the "performance-counters" Any
    t =    27.77s Waiting 30.0s for "performance-counters" Any to exist
    t =    28.81s     Checking `Expect predicate `existsNoRetry == 1` for object "performance-counters" Any`
    t =    28.81s         Checking existence of `"performance-counters" Any`
    t =    28.83s Find the "performance-counters" Any
    t =    28.84s Waiting 30.0s for "performance-counters" Any to exist
    t =    29.88s     Checking `Expect predicate `existsNoRetry == 1` for object "performance-counters" Any`
    t =    29.88s         Checking existence of `"performance-counters" Any`
    t =    29.91s Find the "performance-counters" Any
    t =    29.93s Press "elevation-chart" Other[0.10, 0.50] for 0.1 seconds, then drag to "elevation-chart" Other[0.90, 0.50] with velocity of 500.00 pixels per second, and then hold for 0.0 seconds 
    t =    29.93s     Wait for tappium.com.OpenHikes to idle
    t =    29.93s     Find the "elevation-chart" Other
    t =    29.99s     Check for interrupting elements affecting "elevation-chart" Other
    t =    30.03s     Synthesize event
    t =    30.03s         Find the "elevation-chart" Other
    t =    30.09s         Find the "elevation-chart" Other
    t =    30.14s         Find the "elevation-chart" Other
    t =    30.20s         Find the "elevation-chart" Other
    t =    30.25s         Find the "elevation-chart" Other
    t =    31.23s     Wait for tappium.com.OpenHikes to idle
    t =    31.97s Waiting 30.0s for "performance-counters" Any to exist
    t =    33.00s     Checking `Expect predicate `existsNoRetry == 1` for object "performance-counters" Any`
    t =    33.00s         Checking existence of `"performance-counters" Any`
    t =    33.02s Find the "performance-counters" Any
PERF-PHASE	chart-scrub	scrub-drag	1788799301.596788	1788799304.704406
PERF-COUNT	chart-scrub	scrub-drag	CPU.s	1.0159659999999997	
PERF-COUNT	chart-scrub	scrub-drag	ElevationChartBody	23.0	
PERF-COUNT	chart-scrub	scrub-drag	Footprint.MB	0.125	
PERF-COUNT	chart-scrub	scrub-drag	HikeDetailBody	2.0	
PERF-COUNT	chart-scrub	scrub-drag	HikePhotoSectionBody	2.0	
PERF-COUNT	chart-scrub	scrub-drag	LiveFollowUpdate	1.0	
PERF-COUNT	chart-scrub	scrub-drag	PhotoOrderComputed	2.0	
PERF-COUNT	chart-scrub	scrub-drag	Process	4.0	
    t =    33.04s Waiting 30.0s for "performance-counters" Any to exist
    t =    34.08s     Checking `Expect predicate `existsNoRetry == 1` for object "performance-counters" Any`
    t =    34.08s         Checking existence of `"performance-counters" Any`
    t =    34.09s Find the "performance-counters" Any
    t =    34.11s Pressing Home button
    t =    36.58s Open tappium.com.OpenHikes
    t =    36.58s     Activate tappium.com.OpenHikes
    t =    36.61s         Wait for tappium.com.OpenHikes to idle
    t =    36.61s Wait for tappium.com.OpenHikes to become Running Foreground
    t =    36.61s Waiting 30.0s for "performance-counters" Any to exist
    t =    37.65s     Checking `Expect predicate `existsNoRetry == 1` for object "performance-counters" Any`
    t =    37.65s         Checking existence of `"performance-counters" Any`
    t =    37.67s Find the "performance-counters" Any
PERF-PHASE	chart-scrub	finish	1788799305.775372	1788799309.358515
PERF-COUNT	chart-scrub	finish	CPU.s	0.7910189999999986	
PERF-COUNT	chart-scrub	finish	HikeDetailBody	9.0	
PERF-COUNT	chart-scrub	finish	HikePhotoSectionBody	9.0	
PERF-COUNT	chart-scrub	finish	MapSheetBody	6.0	
PERF-COUNT	chart-scrub	finish	MapSheetHikesBody	2.0	
PERF-COUNT	chart-scrub	finish	OpenHikesViewBody	6.0	
PERF-COUNT	chart-scrub	finish	PhotoOrderComputed	9.0	
PERF-COUNT	chart-scrub	finish	Process	3.0	
PERF-COUNT	chart-scrub	finish	SceneDidBecomeActive	1.0	
PERF-COUNT	chart-scrub	finish	ScenePhaseChanged	4.0	
PERF-COUNT	chart-scrub	finish	ScenePhaseTurn	4.0	
PERF-COUNT	chart-scrub	finish	SceneResignActive	2.0	
PERF-COUNT	chart-scrub	finish	SceneResignSave	2.0	
    t =    37.69s Pressing Home button
    t =    40.16s Tear Down
Test Case '-[OpenHikesUITests.PerformanceUITests testChartScrubbingStaysInsideTheChart]' passed (40.538 seconds).
Test Case '-[OpenHikesUITests.PerformanceUITests testIdleCostsNothing]' started.
    t =     0.00s Start Test at 2026-09-07 18:41:52.205
    t =     0.02s Set Up
    t =     0.02s Open tappium.com.OpenHikes
    t =     0.02s     Launch tappium.com.OpenHikes
    t =     0.02s         Terminate tappium.com.OpenHikes:41781
2026-09-07 18:41:53.283 xcodebuild[41528:12785411] [MT] IDELaunchParametersSnapshot: The operation couldn’t be completed. (DebuggerLLDB.DebuggerVersionStore.StoreError error 0.)
2026-09-07 18:41:53.283 xcodebuild[41528:12785411] [MT] IDELaunchParametersSnapshot: no debugger version
    t =     1.29s         Setting up automation session
    t =     2.13s         Wait for tappium.com.OpenHikes to idle
    t =     3.72s Wait for tappium.com.OpenHikes to become Running Foreground
    t =     3.72s Waiting 30.0s for "hike-row" Any to exist
    t =     4.75s     Checking `Expect predicate `existsNoRetry == 1` for object "hike-row" Any`
    t =     4.75s         Checking existence of `"hike-row" Any`
    t =     4.86s Waiting 30.0s for "performance-counters" Any to exist
    t =     5.89s     Checking `Expect predicate `existsNoRetry == 1` for object "performance-counters" Any`
    t =     5.89s         Checking existence of `"performance-counters" Any`
    t =     5.92s Find the "performance-counters" Any
    t =     6.44s Waiting 30.0s for "performance-counters" Any to exist
    t =     7.46s     Checking `Expect predicate `existsNoRetry == 1` for object "performance-counters" Any`
    t =     7.47s         Checking existence of `"performance-counters" Any`
    t =     7.49s Find the "performance-counters" Any
    t =     7.51s Waiting 30.0s for "performance-counters" Any to exist
    t =     8.54s     Checking `Expect predicate `existsNoRetry == 1` for object "performance-counters" Any`
    t =     8.54s         Checking existence of `"performance-counters" Any`
    t =     8.56s Find the "performance-counters" Any
    t =    14.58s Waiting 30.0s for "performance-counters" Any to exist
    t =    15.64s     Checking `Expect predicate `existsNoRetry == 1` for object "performance-counters" Any`
    t =    15.64s         Checking existence of `"performance-counters" Any`
    t =    15.67s Find the "performance-counters" Any
PERF-PHASE	idle	idle	1788799320.782257	1788799327.8960152
PERF-COUNT	idle	idle	CPU.s	0.043323	
PERF-COUNT	idle	idle	Process	7.0	
    t =    15.69s Waiting 30.0s for "performance-counters" Any to exist
    t =    16.74s     Checking `Expect predicate `existsNoRetry == 1` for object "performance-counters" Any`
    t =    16.74s         Checking existence of `"performance-counters" Any`
    t =    16.77s Find the "performance-counters" Any
    t =    16.79s Waiting 30.0s for "performance-counters" Any to exist
    t =    17.85s     Checking `Expect predicate `existsNoRetry == 1` for object "performance-counters" Any`
    t =    17.85s         Checking existence of `"performance-counters" Any`
    t =    17.87s Find the "performance-counters" Any
    t =    17.89s Pressing Home button
    t =    20.37s Open tappium.com.OpenHikes
    t =    20.37s     Activate tappium.com.OpenHikes
    t =    20.40s         Wait for tappium.com.OpenHikes to idle
    t =    20.40s Wait for tappium.com.OpenHikes to become Running Foreground
    t =    20.40s Waiting 30.0s for "performance-counters" Any to exist
    t =    21.45s     Checking `Expect predicate `existsNoRetry == 1` for object "performance-counters" Any`
    t =    21.45s         Checking existence of `"performance-counters" Any`
    t =    21.48s Find the "performance-counters" Any
PERF-PHASE	idle	finish	1788799330.0951161	1788799333.701982
PERF-COUNT	idle	finish	CPU.s	0.49209900000000006	
PERF-COUNT	idle	finish	MapSheetBody	7.0	
PERF-COUNT	idle	finish	MapSheetHikesBody	2.0	
PERF-COUNT	idle	finish	OpenHikesViewBody	6.0	
PERF-COUNT	idle	finish	Process	4.0	
PERF-COUNT	idle	finish	SceneDidBecomeActive	1.0	
PERF-COUNT	idle	finish	ScenePhaseChanged	4.0	
PERF-COUNT	idle	finish	ScenePhaseTurn	4.0	
PERF-COUNT	idle	finish	SceneResignActive	2.0	
PERF-COUNT	idle	finish	SceneResignSave	2.0	
    t =    21.50s Pressing Home button
    t =    23.97s Tear Down
Test Case '-[OpenHikesUITests.PerformanceUITests testIdleCostsNothing]' passed (24.278 seconds).
Test Case '-[OpenHikesUITests.PerformanceUITests testLaunchAndSteadyStateResourceMetrics]' started.
    t =     0.00s Start Test at 2026-09-07 18:42:16.484
    t =     0.02s Set Up
    t =     0.03s Open tappium.com.OpenHikes
    t =     0.03s     Launch tappium.com.OpenHikes
    t =     0.03s         Terminate tappium.com.OpenHikes:41863
2026-09-07 18:42:17.573 xcodebuild[41528:12785411] [MT] IDELaunchParametersSnapshot: The operation couldn’t be completed. (DebuggerLLDB.DebuggerVersionStore.StoreError error 0.)
2026-09-07 18:42:17.573 xcodebuild[41528:12785411] [MT] IDELaunchParametersSnapshot: no debugger version
    t =     1.31s         Setting up automation session
    t =     2.10s         Wait for tappium.com.OpenHikes to idle
    t =     3.49s Waiting 30.0s for "hike-row" Any to exist
    t =     4.54s     Checking `Expect predicate `existsNoRetry == 1` for object "hike-row" Any`
    t =     4.54s         Checking existence of `"hike-row" Any`
    t =     4.64s Terminate tappium.com.OpenHikes:41904
2026-09-07 18:42:24.320052+0200 OpenHikesUITests-Runner[41661:12786816] [Default] Unable to reset the peak interval footprint of pid 41863
    t =     7.84s Open tappium.com.OpenHikes
    t =     7.84s     Launch tappium.com.OpenHikes
2026-09-07 18:42:24.325 xcodebuild[41528:12785411] [MT] IDELaunchParametersSnapshot: The operation couldn’t be completed. (DebuggerLLDB.DebuggerVersionStore.StoreError error 0.)
2026-09-07 18:42:24.325 xcodebuild[41528:12785411] [MT] IDELaunchParametersSnapshot: no debugger version
    t =     8.06s         Setting up automation session
    t =     8.83s         Wait for tappium.com.OpenHikes to idle
    t =    10.22s Waiting 30.0s for "hike-row" Any to exist
    t =    11.27s     Checking `Expect predicate `existsNoRetry == 1` for object "hike-row" Any`
    t =    11.27s         Checking existence of `"hike-row" Any`
    t =    11.37s Terminate tappium.com.OpenHikes:41912
2026-09-07 18:42:29.717587+0200 OpenHikesUITests-Runner[41661:12790772] [Default] Unable to reset the peak interval footprint of pid 41863
    t =    13.24s Open tappium.com.OpenHikes
    t =    13.24s     Launch tappium.com.OpenHikes
2026-09-07 18:42:29.719 xcodebuild[41528:12785411] [MT] IDELaunchParametersSnapshot: The operation couldn’t be completed. (DebuggerLLDB.DebuggerVersionStore.StoreError error 0.)
2026-09-07 18:42:29.719 xcodebuild[41528:12785411] [MT] IDELaunchParametersSnapshot: no debugger version
    t =    13.44s         Setting up automation session
    t =    14.21s         Wait for tappium.com.OpenHikes to idle
    t =    15.74s Waiting 30.0s for "hike-row" Any to exist
    t =    16.79s     Checking `Expect predicate `existsNoRetry == 1` for object "hike-row" Any`
    t =    16.79s         Checking existence of `"hike-row" Any`
    t =    16.87s Terminate tappium.com.OpenHikes:41967
2026-09-07 18:42:35.284473+0200 OpenHikesUITests-Runner[41661:12790774] [Default] Unable to reset the peak interval footprint of pid 41863
    t =    18.80s Open tappium.com.OpenHikes
    t =    18.80s     Launch tappium.com.OpenHikes
2026-09-07 18:42:35.290 xcodebuild[41528:12785411] [MT] IDELaunchParametersSnapshot: The operation couldn’t be completed. (DebuggerLLDB.DebuggerVersionStore.StoreError error 0.)
2026-09-07 18:42:35.290 xcodebuild[41528:12785411] [MT] IDELaunchParametersSnapshot: no debugger version
    t =    19.01s         Setting up automation session
    t =    19.77s         Wait for tappium.com.OpenHikes to idle
    t =    21.30s Waiting 30.0s for "hike-row" Any to exist
    t =    22.34s     Checking `Expect predicate `existsNoRetry == 1` for object "hike-row" Any`
    t =    22.34s         Checking existence of `"hike-row" Any`
    t =    22.44s Terminate tappium.com.OpenHikes:41982
/Users/zsoraj/Documents/OpenHikes/OpenHikesUITests/PerformanceUITests.swift:543: Test Case '-[OpenHikesUITests.PerformanceUITests testLaunchAndSteadyStateResourceMetrics]' measured [Duration (ApplicationFirstFramePresentationResponsive), s] average: 1.483, relative standard deviation: 0.645%, values: [1.493930, 1.485103, 1.470719], performanceMetricID:com.apple.dt.XCTMetric_ApplicationLaunch-ApplicationFirstFramePresentationResponsive.duration, baselineName: "", baselineAverage: , polarity: prefers smaller, maxPercentRegression: 10.000%, maxPercentRelativeStandardDeviation: 10.000%, maxRegression: 0.000, maxStandardDeviation: 0.000
    t =    24.54s Tear Down
Test Case '-[OpenHikesUITests.PerformanceUITests testLaunchAndSteadyStateResourceMetrics]' passed (24.659 seconds).
Test Case '-[OpenHikesUITests.PerformanceUITests testLiveRecordingCostPerFix]' started.
    t =     0.00s Start Test at 2026-09-07 18:42:41.142
    t =     0.01s Set Up
    t =     0.01s Open tappium.com.OpenHikes
    t =     0.01s     Launch tappium.com.OpenHikes
2026-09-07 18:42:41.155 xcodebuild[41528:12785411] [MT] IDELaunchParametersSnapshot: The operation couldn’t be completed. (DebuggerLLDB.DebuggerVersionStore.StoreError error 0.)
2026-09-07 18:42:41.155 xcodebuild[41528:12785411] [MT] IDELaunchParametersSnapshot: no debugger version
    t =     0.23s         Setting up automation session
    t =     1.02s         Wait for tappium.com.OpenHikes to idle
    t =     2.50s Wait for tappium.com.OpenHikes to become Running Foreground
    t =     2.50s Setting simulated location to <+47.71840000,+12.83180000> +/- 5.00m (speed -1.00 mps / course -1.00) @ 2026. 09. 07., 18:42:43 Central European Summer Time
    t =     2.51s Open tappium.com.OpenHikes
    t =     2.51s     Activate tappium.com.OpenHikes
    t =     2.51s         Wait for tappium.com.OpenHikes to idle
    t =     2.51s Wait for tappium.com.OpenHikes to become Running Foreground
    t =     2.52s Tap Target Application 'tappium.com.OpenHikes'
    t =     2.52s     Wait for tappium.com.OpenHikes to idle
    t =     2.52s     Find the Target Application 'tappium.com.OpenHikes'
    t =     2.60s     Check for interrupting elements affecting "OpenHikes" Application
    t =     2.62s     Synthesize event
    t =     2.91s     Wait for tappium.com.OpenHikes to idle
    t =     4.77s Waiting 30.0s for "record-hike-button" Any to exist
    t =     5.83s     Checking `Expect predicate `existsNoRetry == 1` for object "record-hike-button" Any`
    t =     5.83s         Checking existence of `"record-hike-button" Any`
    t =     5.88s Tap "record-hike-button" Any
    t =     5.88s     Wait for tappium.com.OpenHikes to idle
    t =     5.89s     Find the "record-hike-button" Any
    t =     5.92s     Check for interrupting elements affecting "record-hike-button" Button
    t =     5.94s     Synthesize event
    t =     6.23s     Wait for tappium.com.OpenHikes to idle
    t =     7.05s Waiting 30.0s for "Record Hike" NavigationBar to exist
    t =     8.10s     Checking `Expect predicate `existsNoRetry == 1` for object "Record Hike" NavigationBar`
    t =     8.10s         Checking existence of `"Record Hike" NavigationBar`
    t =     8.15s Waiting 30.0s for "recording-point-count" Any to exist
    t =     9.20s     Checking `Expect predicate `existsNoRetry == 1` for object "recording-point-count" Any`
    t =     9.20s         Checking existence of `"recording-point-count" Any`
    t =     9.27s Waiting 30.0s for "performance-counters" Any to exist
    t =    10.32s     Checking `Expect predicate `existsNoRetry == 1` for object "performance-counters" Any`
    t =    10.32s         Checking existence of `"performance-counters" Any`
    t =    10.35s Find the "performance-counters" Any
    t =    10.88s Waiting 30.0s for "performance-counters" Any to exist
    t =    11.93s     Checking `Expect predicate `existsNoRetry == 1` for object "performance-counters" Any`
    t =    11.93s         Checking existence of `"performance-counters" Any`
    t =    11.96s Find the "performance-counters" Any
    t =    11.98s Waiting 30.0s for "performance-counters" Any to exist
    t =    13.03s     Checking `Expect predicate `existsNoRetry == 1` for object "performance-counters" Any`
    t =    13.03s         Checking existence of `"performance-counters" Any`
    t =    13.06s Find the "performance-counters" Any
    t =    13.08s Find the "recording-point-count" Any
    t =    17.14s Setting simulated location to <+47.71860000,+12.83180000> +/- 5.00m (speed -1.00 mps / course -1.00) @ 2026. 09. 07., 18:42:58 Central European Summer Time
    t =    17.15s Find the "recording-point-count" Other
    t =    17.47s Find the "recording-point-count" Other
    t =    21.56s Setting simulated location to <+47.71880000,+12.83180000> +/- 5.00m (speed -1.00 mps / course -1.00) @ 2026. 09. 07., 18:43:02 Central European Summer Time
    t =    21.56s Find the "recording-point-count" Other
    t =    21.90s Find the "recording-point-count" Other
    t =    25.98s Setting simulated location to <+47.71900000,+12.83180000> +/- 5.00m (speed -1.00 mps / course -1.00) @ 2026. 09. 07., 18:43:07 Central European Summer Time
    t =    25.99s Find the "recording-point-count" Other
    t =    26.33s Find the "recording-point-count" Other
    t =    26.40s Waiting 30.0s for "performance-counters" Any to exist
    t =    27.46s     Checking `Expect predicate `existsNoRetry == 1` for object "performance-counters" Any`
    t =    27.46s         Checking existence of `"performance-counters" Any`
    t =    27.49s Find the "performance-counters" Any
PERF-PHASE	recording	recording	1788799374.221833	1788799388.6462479
PERF-COUNT	recording	recording	CPU.s	1.1274439999999997	0.3758146666666666
PERF-COUNT	recording	recording	LiveFixAccepted	3.0	1.0
PERF-COUNT	recording	recording	LiveTrailMatchApplied	3.0	1.0
PERF-COUNT	recording	recording	LocationFixDelivered	1.0	0.3333333333333333
PERF-COUNT	recording	recording	LocationPublished	1.0	0.3333333333333333
PERF-COUNT	recording	recording	MapRecordingTraceApplied	6.0	2.0
PERF-COUNT	recording	recording	Process	14.0	4.666666666666667
PERF-COUNT	recording	recording	RecordingClockTick	15.0	5.0
PERF-COUNT	recording	recording	RecordingFixDelivered	3.0	1.0
PERF-COUNT	recording	recording	RecordingFixReceived	3.0	1.0
PERF-COUNT	recording	recording	RecordingTailRebuilt	6.0	2.0
PERF-COUNT	recording	recording	TrailMatcherWork	3.0	1.0
    t =    27.50s Waiting 30.0s for "performance-counters" Any to exist
    t =    28.57s     Checking `Expect predicate `existsNoRetry == 1` for object "performance-counters" Any`
    t =    28.57s         Checking existence of `"performance-counters" Any`
    t =    28.59s Find the "performance-counters" Any
    t =    28.61s Pressing Home button
    t =    31.08s Open tappium.com.OpenHikes
    t =    31.08s     Activate tappium.com.OpenHikes
    t =    31.10s         Wait for tappium.com.OpenHikes to idle
    t =    31.10s Wait for tappium.com.OpenHikes to become Running Foreground
    t =    31.11s Waiting 30.0s for "performance-counters" Any to exist
    t =    32.16s     Checking `Expect predicate `existsNoRetry == 1` for object "performance-counters" Any`
    t =    32.16s         Checking existence of `"performance-counters" Any`
    t =    32.20s Find the "performance-counters" Any
PERF-PHASE	recording	finish	1788799389.754679	1788799393.357348
PERF-COUNT	recording	finish	CPU.s	0.5289149999999996	
PERF-COUNT	recording	finish	LiveActivityUpdate	1.0	
PERF-COUNT	recording	finish	MapSheetBody	4.0	
PERF-COUNT	recording	finish	OpenHikesViewBody	4.0	
PERF-COUNT	recording	finish	PhotoOrderComputed	4.0	
PERF-COUNT	recording	finish	Process	4.0	
PERF-COUNT	recording	finish	RecordingBody	4.0	
PERF-COUNT	recording	finish	RecordingClockTick	1.0	
PERF-COUNT	recording	finish	RecordingPhotoPinsBody	4.0	
PERF-COUNT	recording	finish	SceneDidBecomeActive	1.0	
PERF-COUNT	recording	finish	ScenePhaseChanged	4.0	
PERF-COUNT	recording	finish	ScenePhaseTurn	4.0	
PERF-COUNT	recording	finish	SceneResignActive	2.0	
PERF-COUNT	recording	finish	SceneResignSave	2.0	
    t =    32.22s Pressing Home button
    t =    34.68s Resetting the simulated location
    t =    34.68s Tear Down
Test Case '-[OpenHikesUITests.PerformanceUITests testLiveRecordingCostPerFix]' passed (35.011 seconds).
Test Case '-[OpenHikesUITests.PerformanceUITests testLiveWalkCostPerFix]' started.
    t =     0.00s Start Test at 2026-09-07 18:43:16.155
    t =     0.02s Set Up
    t =     0.03s Open tappium.com.OpenHikes
    t =     0.03s     Launch tappium.com.OpenHikes
    t =     0.03s         Terminate tappium.com.OpenHikes:41993
2026-09-07 18:43:17.256 xcodebuild[41528:12785411] [MT] IDELaunchParametersSnapshot: The operation couldn’t be completed. (DebuggerLLDB.DebuggerVersionStore.StoreError error 0.)
2026-09-07 18:43:17.256 xcodebuild[41528:12785411] [MT] IDELaunchParametersSnapshot: no debugger version
    t =     1.31s         Setting up automation session
    t =     2.10s         Wait for tappium.com.OpenHikes to idle
    t =     3.63s Wait for tappium.com.OpenHikes to become Running Foreground
    t =     3.63s Setting simulated location to <+47.71842000,+12.83177400> +/- 5.00m (speed -1.00 mps / course -1.00) @ 2026. 09. 07., 18:43:19 Central European Summer Time
    t =     3.63s Open tappium.com.OpenHikes
    t =     3.64s     Activate tappium.com.OpenHikes
    t =     3.64s         Wait for tappium.com.OpenHikes to idle
    t =     3.65s Wait for tappium.com.OpenHikes to become Running Foreground
    t =     3.65s Waiting 30.0s for "hike-row" Any to exist
    t =     4.70s     Checking `Expect predicate `existsNoRetry == 1` for object "hike-row" Any`
    t =     4.70s         Checking existence of `"hike-row" Any`
    t =     4.79s Tap "hike-row" Any
    t =     4.80s     Wait for tappium.com.OpenHikes to idle
    t =     4.80s     Find the "hike-row" Any
    t =     4.86s     Check for interrupting elements affecting "hike-row" Button
    t =     4.89s     Synthesize event
    t =     5.18s     Wait for tappium.com.OpenHikes to idle
    t =     6.07s Waiting 30.0s for "walk-phase" Any to exist
    t =     7.13s     Checking `Expect predicate `existsNoRetry == 1` for object "walk-phase" Any`
    t =     7.13s         Checking existence of `"walk-phase" Any`
    t =     7.22s Waiting 30.0s for "trail-progress" Any to exist
    t =     8.28s     Checking `Expect predicate `existsNoRetry == 1` for object "trail-progress" Any`
    t =     8.28s         Checking existence of `"trail-progress" Any`
    t =     8.34s Waiting 30.0s for "performance-counters" Any to exist
    t =     9.41s     Checking `Expect predicate `existsNoRetry == 1` for object "performance-counters" Any`
    t =     9.41s         Checking existence of `"performance-counters" Any`
    t =     9.44s Find the "performance-counters" Any
    t =     9.96s Waiting 30.0s for "performance-counters" Any to exist
    t =    11.04s     Checking `Expect predicate `existsNoRetry == 1` for object "performance-counters" Any`
    t =    11.04s         Checking existence of `"performance-counters" Any`
    t =    11.06s Find the "performance-counters" Any
    t =    11.08s Waiting 30.0s for "performance-counters" Any to exist
    t =    12.13s     Checking `Expect predicate `existsNoRetry == 1` for object "performance-counters" Any`
    t =    12.13s         Checking existence of `"performance-counters" Any`
    t =    12.16s Find the "performance-counters" Any
    t =    16.19s Setting simulated location to <+47.71859800,+12.83142000> +/- 5.00m (speed -1.00 mps / course -1.00) @ 2026. 09. 07., 18:43:32 Central European Summer Time
    t =    20.19s Setting simulated location to <+47.71882300,+12.83114900> +/- 5.00m (speed -1.00 mps / course -1.00) @ 2026. 09. 07., 18:43:36 Central European Summer Time
    t =    24.19s Setting simulated location to <+47.71921900,+12.83087700> +/- 5.00m (speed -1.00 mps / course -1.00) @ 2026. 09. 07., 18:43:40 Central European Summer Time
    t =    28.20s Setting simulated location to <+47.71931700,+12.83087400> +/- 5.00m (speed -1.00 mps / course -1.00) @ 2026. 09. 07., 18:43:44 Central European Summer Time
    t =    32.21s Setting simulated location to <+47.71947400,+12.83094800> +/- 5.00m (speed -1.00 mps / course -1.00) @ 2026. 09. 07., 18:43:48 Central European Summer Time
    t =    32.22s Waiting 30.0s for "performance-counters" Any to exist
    t =    33.27s     Checking `Expect predicate `existsNoRetry == 1` for object "performance-counters" Any`
    t =    33.27s         Checking existence of `"performance-counters" Any`
    t =    33.29s Find the "performance-counters" Any
    t =    33.82s Waiting 30.0s for "performance-counters" Any to exist
    t =    34.87s     Checking `Expect predicate `existsNoRetry == 1` for object "performance-counters" Any`
    t =    34.87s         Checking existence of `"performance-counters" Any`
    t =    34.90s Find the "performance-counters" Any
    t =    34.92s Waiting 30.0s for "performance-counters" Any to exist
    t =    35.96s     Checking `Expect predicate `existsNoRetry == 1` for object "performance-counters" Any`
    t =    35.96s         Checking existence of `"performance-counters" Any`
    t =    35.99s Find the "performance-counters" Any
PERF-PHASE	walk	walk	1788799408.3332028	1788799432.1640038
PERF-COUNT	walk	walk	CPU.s	1.9285770000000007	0.48214425000000016
PERF-COUNT	walk	walk	ElevationChartBody	4.0	1.0
PERF-COUNT	walk	walk	LiveFollowUpdate	4.0	1.0
PERF-COUNT	walk	walk	LocationFixDelivered	4.0	1.0
PERF-COUNT	walk	walk	LocationPublished	4.0	1.0
PERF-COUNT	walk	walk	Process	24.0	6.0
PERF-COUNT	walk	walk	WalkClockTick	24.0	6.0
    t =    36.01s Waiting 30.0s for "performance-counters" Any to exist
    t =    37.07s     Checking `Expect predicate `existsNoRetry == 1` for object "performance-counters" Any`
    t =    37.07s         Checking existence of `"performance-counters" Any`
    t =    37.08s Find the "performance-counters" Any
    t =    37.10s Pressing Home button
    t =    39.57s Open tappium.com.OpenHikes
    t =    39.57s     Activate tappium.com.OpenHikes
    t =    39.60s         Wait for tappium.com.OpenHikes to idle
    t =    39.60s Wait for tappium.com.OpenHikes to become Running Foreground
    t =    39.61s Waiting 30.0s for "performance-counters" Any to exist
    t =    40.67s     Checking `Expect predicate `existsNoRetry == 1` for object "performance-counters" Any`
    t =    40.67s         Checking existence of `"performance-counters" Any`
    t =    40.69s Find the "performance-counters" Any
PERF-PHASE	walk	finish	1788799433.249125	1788799436.8602571
PERF-COUNT	walk	finish	CPU.s	0.7554359999999996	
PERF-COUNT	walk	finish	HikeDetailBody	9.0	
PERF-COUNT	walk	finish	HikePhotoSectionBody	9.0	
PERF-COUNT	walk	finish	MapSheetBody	6.0	
PERF-COUNT	walk	finish	MapSheetHikesBody	2.0	
PERF-COUNT	walk	finish	OpenHikesViewBody	6.0	
PERF-COUNT	walk	finish	PhotoOrderComputed	9.0	
PERF-COUNT	walk	finish	Process	3.0	
PERF-COUNT	walk	finish	SceneDidBecomeActive	1.0	
PERF-COUNT	walk	finish	ScenePhaseChanged	4.0	
PERF-COUNT	walk	finish	ScenePhaseTurn	4.0	
PERF-COUNT	walk	finish	SceneResignActive	2.0	
PERF-COUNT	walk	finish	SceneResignSave	2.0	
PERF-COUNT	walk	finish	WalkClockTick	4.0	
    t =    40.71s Pressing Home button
    t =    43.18s Resetting the simulated location
    t =    43.19s Tear Down
Test Case '-[OpenHikesUITests.PerformanceUITests testLiveWalkCostPerFix]' passed (43.546 seconds).
Test Case '-[OpenHikesUITests.PerformanceUITests testMapBrowsingDoesNotReRenderTheSheet]' started.
    t =     0.00s Start Test at 2026-09-07 18:43:59.701
    t =     0.02s Set Up
    t =     0.02s Open tappium.com.OpenHikes
    t =     0.02s     Launch tappium.com.OpenHikes
    t =     0.02s         Terminate tappium.com.OpenHikes:42065
2026-09-07 18:44:00.816 xcodebuild[41528:12785411] [MT] IDELaunchParametersSnapshot: The operation couldn’t be completed. (DebuggerLLDB.DebuggerVersionStore.StoreError error 0.)
2026-09-07 18:44:00.816 xcodebuild[41528:12785411] [MT] IDELaunchParametersSnapshot: no debugger version
    t =     1.33s         Setting up automation session
    t =     2.11s         Wait for tappium.com.OpenHikes to idle
    t =     3.64s Wait for tappium.com.OpenHikes to become Running Foreground
    t =     3.64s Waiting 30.0s for "hike-row" Any to exist
    t =     4.69s     Checking `Expect predicate `existsNoRetry == 1` for object "hike-row" Any`
    t =     4.69s         Checking existence of `"hike-row" Any`
    t =     4.79s Waiting 30.0s for "performance-counters" Any to exist
    t =     5.86s     Checking `Expect predicate `existsNoRetry == 1` for object "performance-counters" Any`
    t =     5.86s         Checking existence of `"performance-counters" Any`
    t =     5.89s Find the "performance-counters" Any
    t =     6.41s Waiting 30.0s for "performance-counters" Any to exist
    t =     7.48s     Checking `Expect predicate `existsNoRetry == 1` for object "performance-counters" Any`
    t =     7.48s         Checking existence of `"performance-counters" Any`
    t =     7.50s Find the "performance-counters" Any
    t =     7.51s Waiting 30.0s for "performance-counters" Any to exist
    t =     8.57s     Checking `Expect predicate `existsNoRetry == 1` for object "performance-counters" Any`
    t =     8.57s         Checking existence of `"performance-counters" Any`
    t =     8.60s Find the "performance-counters" Any
    t =     8.62s Swipe up "trail-map" Any
    t =     8.62s     Wait for tappium.com.OpenHikes to idle
    t =     8.62s     Find the "trail-map" Any
    t =     8.63s     Check for interrupting elements affecting "trail-map" Other
    t =     8.66s     Synthesize event
    t =     9.08s     Wait for tappium.com.OpenHikes to idle
    t =     9.75s Swipe left "trail-map" Other
    t =     9.75s     Wait for tappium.com.OpenHikes to idle
    t =     9.75s     Find the "trail-map" Other
    t =     9.77s     Check for interrupting elements affecting "trail-map" Other
    t =     9.79s     Synthesize event
    t =    10.23s     Wait for tappium.com.OpenHikes to idle
    t =    10.23s Pinch with scale 2, velocity 1 in "trail-map" Other
    t =    10.23s     Wait for tappium.com.OpenHikes to idle
    t =    10.24s     Find the "trail-map" Other
    t =    10.26s     Check for interrupting elements affecting "trail-map" Other
    t =    10.28s     Synthesize event
    t =    10.29s         Pinching with rect {{50, 50}, {302, 774}}
    t =    12.63s     Wait for tappium.com.OpenHikes to idle
    t =    12.63s Pinch with scale 0.5, velocity -1 in "trail-map" Other
    t =    12.63s     Wait for tappium.com.OpenHikes to idle
    t =    12.64s     Find the "trail-map" Other
    t =    12.65s     Check for interrupting elements affecting "trail-map" Other
    t =    12.67s     Synthesize event
    t =    12.68s         Pinching with rect {{50, 50}, {302, 774}}
    t =    13.54s     Wait for tappium.com.OpenHikes to idle
    t =    13.92s Swipe up "trail-map" Other
    t =    13.92s     Wait for tappium.com.OpenHikes to idle
    t =    13.92s     Find the "trail-map" Other
    t =    13.94s     Check for interrupting elements affecting "trail-map" Other
    t =    13.95s     Synthesize event
    t =    14.38s     Wait for tappium.com.OpenHikes to idle
    t =    14.86s Swipe left "trail-map" Other
    t =    14.86s     Wait for tappium.com.OpenHikes to idle
    t =    14.86s     Find the "trail-map" Other
    t =    14.88s     Check for interrupting elements affecting "trail-map" Other
    t =    14.90s     Synthesize event
    t =    15.33s     Wait for tappium.com.OpenHikes to idle
    t =    15.33s Pinch with scale 2, velocity 1 in "trail-map" Other
    t =    15.33s     Wait for tappium.com.OpenHikes to idle
    t =    15.34s     Find the "trail-map" Other
    t =    15.36s     Check for interrupting elements affecting "trail-map" Other
    t =    15.38s     Synthesize event
    t =    15.39s         Pinching with rect {{50, 50}, {302, 774}}
    t =    17.72s     Wait for tappium.com.OpenHikes to idle
    t =    17.73s Pinch with scale 0.5, velocity -1 in "trail-map" Other
    t =    17.73s     Wait for tappium.com.OpenHikes to idle
    t =    17.73s     Find the "trail-map" Other
    t =    17.75s     Check for interrupting elements affecting "trail-map" Other
    t =    17.77s     Synthesize event
    t =    17.78s         Pinching with rect {{50, 50}, {302, 774}}
    t =    18.64s     Wait for tappium.com.OpenHikes to idle
    t =    19.02s Swipe up "trail-map" Other
    t =    19.02s     Wait for tappium.com.OpenHikes to idle
    t =    19.03s     Find the "trail-map" Other
    t =    19.05s     Check for interrupting elements affecting "trail-map" Other
    t =    19.07s     Synthesize event
    t =    19.50s     Wait for tappium.com.OpenHikes to idle
    t =    19.99s Swipe left "trail-map" Other
    t =    19.99s     Wait for tappium.com.OpenHikes to idle
    t =    20.03s     Find the "trail-map" Other
    t =    20.05s     Check for interrupting elements affecting "trail-map" Other
    t =    20.07s     Synthesize event
    t =    20.50s     Wait for tappium.com.OpenHikes to idle
    t =    20.50s Pinch with scale 2, velocity 1 in "trail-map" Other
    t =    20.50s     Wait for tappium.com.OpenHikes to idle
    t =    20.51s     Find the "trail-map" Other
    t =    20.52s     Check for interrupting elements affecting "trail-map" Other
    t =    20.54s     Synthesize event
    t =    20.55s         Pinching with rect {{50, 50}, {302, 774}}
    t =    22.89s     Wait for tappium.com.OpenHikes to idle
    t =    22.90s Pinch with scale 0.5, velocity -1 in "trail-map" Other
    t =    22.90s     Wait for tappium.com.OpenHikes to idle
    t =    22.90s     Find the "trail-map" Other
    t =    22.92s     Check for interrupting elements affecting "trail-map" Other
    t =    22.94s     Synthesize event
    t =    22.95s         Pinching with rect {{50, 50}, {302, 774}}
    t =    23.81s     Wait for tappium.com.OpenHikes to idle
    t =    24.19s Waiting 30.0s for "performance-counters" Any to exist
    t =    25.26s     Checking `Expect predicate `existsNoRetry == 1` for object "performance-counters" Any`
    t =    25.26s         Checking existence of `"performance-counters" Any`
    t =    25.29s Find the "performance-counters" Any
PERF-PHASE	map-browsing	browsing	1788799448.319045	1788799465.003996
PERF-COUNT	map-browsing	browsing	CPU.s	1.3417210000000002	
PERF-COUNT	map-browsing	browsing	Footprint.MB	0.828125	
PERF-COUNT	map-browsing	browsing	MapSheetBody	4.0	
PERF-COUNT	map-browsing	browsing	MapSheetHikesBody	1.0	
PERF-COUNT	map-browsing	browsing	OpenHikesViewBody	1.0	
PERF-COUNT	map-browsing	browsing	Process	17.0	
    t =    25.30s Waiting 30.0s for "performance-counters" Any to exist
    t =    26.37s     Checking `Expect predicate `existsNoRetry == 1` for object "performance-counters" Any`
    t =    26.37s         Checking existence of `"performance-counters" Any`
    t =    26.39s Find the "performance-counters" Any
    t =    26.41s Pressing Home button
    t =    28.89s Open tappium.com.OpenHikes
    t =    28.89s     Activate tappium.com.OpenHikes
    t =    28.92s         Wait for tappium.com.OpenHikes to idle
    t =    28.92s Wait for tappium.com.OpenHikes to become Running Foreground
    t =    28.92s Waiting 30.0s for "performance-counters" Any to exist
    t =    29.99s     Checking `Expect predicate `existsNoRetry == 1` for object "performance-counters" Any`
    t =    29.99s         Checking existence of `"performance-counters" Any`
    t =    30.02s Find the "performance-counters" Any
PERF-PHASE	map-browsing	finish	1788799466.106142	1788799469.732192
PERF-COUNT	map-browsing	finish	CPU.s	0.38156199999999973	
PERF-COUNT	map-browsing	finish	MapSheetBody	6.0	
PERF-COUNT	map-browsing	finish	MapSheetHikesBody	2.0	
PERF-COUNT	map-browsing	finish	OpenHikesViewBody	6.0	
PERF-COUNT	map-browsing	finish	Process	4.0	
PERF-COUNT	map-browsing	finish	SceneDidBecomeActive	1.0	
PERF-COUNT	map-browsing	finish	ScenePhaseChanged	4.0	
PERF-COUNT	map-browsing	finish	ScenePhaseTurn	4.0	
PERF-COUNT	map-browsing	finish	SceneResignActive	2.0	
PERF-COUNT	map-browsing	finish	SceneResignSave	2.0	
    t =    30.03s Pressing Home button
    t =    32.49s Tear Down
Test Case '-[OpenHikesUITests.PerformanceUITests testMapBrowsingDoesNotReRenderTheSheet]' passed (32.812 seconds).
Test Case '-[OpenHikesUITests.PerformanceUITests testOfflineBrowsingOpensNoConnection]' started.
    t =     0.00s Start Test at 2026-09-07 18:44:32.515
    t =     0.02s Set Up
    t =     0.02s Open tappium.com.OpenHikes
    t =     0.02s     Launch tappium.com.OpenHikes
    t =     0.02s         Terminate tappium.com.OpenHikes:42139
2026-09-07 18:44:33.625 xcodebuild[41528:12785411] [MT] IDELaunchParametersSnapshot: The operation couldn’t be completed. (DebuggerLLDB.DebuggerVersionStore.StoreError error 0.)
2026-09-07 18:44:33.625 xcodebuild[41528:12785411] [MT] IDELaunchParametersSnapshot: no debugger version
    t =     1.33s         Setting up automation session
    t =     2.11s         Wait for tappium.com.OpenHikes to idle
    t =     3.64s Wait for tappium.com.OpenHikes to become Running Foreground
    t =     3.64s Waiting 30.0s for "hike-row" Any to exist
    t =     4.71s     Checking `Expect predicate `existsNoRetry == 1` for object "hike-row" Any`
    t =     4.71s         Checking existence of `"hike-row" Any`
    t =     4.81s Waiting 30.0s for "performance-counters" Any to exist
    t =     5.87s     Checking `Expect predicate `existsNoRetry == 1` for object "performance-counters" Any`
    t =     5.87s         Checking existence of `"performance-counters" Any`
    t =     5.90s Find the "performance-counters" Any
    t =     6.42s Waiting 30.0s for "performance-counters" Any to exist
    t =     7.46s     Checking `Expect predicate `existsNoRetry == 1` for object "performance-counters" Any`
    t =     7.46s         Checking existence of `"performance-counters" Any`
    t =     7.49s Find the "performance-counters" Any
    t =     7.50s Waiting 30.0s for "performance-counters" Any to exist
    t =     8.53s     Checking `Expect predicate `existsNoRetry == 1` for object "performance-counters" Any`
    t =     8.54s         Checking existence of `"performance-counters" Any`
    t =     8.57s Find the "performance-counters" Any
    t =     8.58s Waiting 30.0s for "performance-counters" Any to exist
    t =     9.65s     Checking `Expect predicate `existsNoRetry == 1` for object "performance-counters" Any`
    t =     9.65s         Checking existence of `"performance-counters" Any`
    t =     9.68s Find the "performance-counters" Any
    t =     9.70s Swipe up "trail-map" Any
    t =     9.70s     Wait for tappium.com.OpenHikes to idle
    t =     9.70s     Find the "trail-map" Any
    t =     9.72s     Check for interrupting elements affecting "trail-map" Other
    t =     9.74s     Synthesize event
    t =    10.17s     Wait for tappium.com.OpenHikes to idle
    t =    10.83s Swipe left "trail-map" Other
    t =    10.83s     Wait for tappium.com.OpenHikes to idle
    t =    10.84s     Find the "trail-map" Other
    t =    10.86s     Check for interrupting elements affecting "trail-map" Other
    t =    10.88s     Synthesize event
    t =    11.31s     Wait for tappium.com.OpenHikes to idle
    t =    11.32s Pinch with scale 2, velocity 1 in "trail-map" Other
    t =    11.32s     Wait for tappium.com.OpenHikes to idle
    t =    11.32s     Find the "trail-map" Other
    t =    11.34s     Check for interrupting elements affecting "trail-map" Other
    t =    11.36s     Synthesize event
    t =    11.37s         Pinching with rect {{50, 50}, {302, 774}}
    t =    13.71s     Wait for tappium.com.OpenHikes to idle
    t =    13.71s Pinch with scale 0.5, velocity -1 in "trail-map" Other
    t =    13.71s     Wait for tappium.com.OpenHikes to idle
    t =    13.72s     Find the "trail-map" Other
    t =    13.74s     Check for interrupting elements affecting "trail-map" Other
    t =    13.76s     Synthesize event
    t =    13.77s         Pinching with rect {{50, 50}, {302, 774}}
    t =    14.63s     Wait for tappium.com.OpenHikes to idle
    t =    15.01s Swipe up "trail-map" Other
    t =    15.01s     Wait for tappium.com.OpenHikes to idle
    t =    15.01s     Find the "trail-map" Other
    t =    15.03s     Check for interrupting elements affecting "trail-map" Other
    t =    15.05s     Synthesize event
    t =    15.48s     Wait for tappium.com.OpenHikes to idle
    t =    15.98s Swipe left "trail-map" Other
    t =    15.98s     Wait for tappium.com.OpenHikes to idle
    t =    15.98s     Find the "trail-map" Other
    t =    16.00s     Check for interrupting elements affecting "trail-map" Other
    t =    16.02s     Synthesize event
    t =    16.45s     Wait for tappium.com.OpenHikes to idle
    t =    16.45s Pinch with scale 2, velocity 1 in "trail-map" Other
    t =    16.46s     Wait for tappium.com.OpenHikes to idle
    t =    16.46s     Find the "trail-map" Other
    t =    16.48s     Check for interrupting elements affecting "trail-map" Other
    t =    16.50s     Synthesize event
    t =    16.51s         Pinching with rect {{50, 50}, {302, 774}}
    t =    18.85s     Wait for tappium.com.OpenHikes to idle
    t =    18.86s Pinch with scale 0.5, velocity -1 in "trail-map" Other
    t =    18.86s     Wait for tappium.com.OpenHikes to idle
    t =    18.86s     Find the "trail-map" Other
    t =    18.88s     Check for interrupting elements affecting "trail-map" Other
    t =    18.90s     Synthesize event
    t =    18.91s         Pinching with rect {{50, 50}, {302, 774}}
    t =    19.77s     Wait for tappium.com.OpenHikes to idle
    t =    20.16s Swipe up "trail-map" Other
    t =    20.16s     Wait for tappium.com.OpenHikes to idle
    t =    20.17s     Find the "trail-map" Other
    t =    20.19s     Check for interrupting elements affecting "trail-map" Other
    t =    20.21s     Synthesize event
    t =    20.64s     Wait for tappium.com.OpenHikes to idle
    t =    21.12s Swipe left "trail-map" Other
    t =    21.12s     Wait for tappium.com.OpenHikes to idle
    t =    21.12s     Find the "trail-map" Other
    t =    21.14s     Check for interrupting elements affecting "trail-map" Other
    t =    21.16s     Synthesize event
    t =    21.59s     Wait for tappium.com.OpenHikes to idle
    t =    21.60s Pinch with scale 2, velocity 1 in "trail-map" Other
    t =    21.60s     Wait for tappium.com.OpenHikes to idle
    t =    21.60s     Find the "trail-map" Other
    t =    21.62s     Check for interrupting elements affecting "trail-map" Other
    t =    21.63s     Synthesize event
    t =    21.65s         Pinching with rect {{50, 50}, {302, 774}}
    t =    23.98s     Wait for tappium.com.OpenHikes to idle
    t =    23.98s Pinch with scale 0.5, velocity -1 in "trail-map" Other
    t =    23.99s     Wait for tappium.com.OpenHikes to idle
    t =    23.99s     Find the "trail-map" Other
    t =    24.01s     Check for interrupting elements affecting "trail-map" Other
    t =    24.03s     Synthesize event
    t =    24.04s         Pinching with rect {{50, 50}, {302, 774}}
    t =    24.90s     Wait for tappium.com.OpenHikes to idle
    t =    25.28s Waiting 30.0s for "performance-counters" Any to exist
    t =    26.31s     Checking `Expect predicate `existsNoRetry == 1` for object "performance-counters" Any`
    t =    26.31s         Checking existence of `"performance-counters" Any`
    t =    26.33s Find the "performance-counters" Any
PERF-PHASE	offline-browsing	offline-browsing	1788799482.211142	1788799498.863738
PERF-COUNT	offline-browsing	offline-browsing	CPU.s	1.229425	
PERF-COUNT	offline-browsing	offline-browsing	Footprint.MB	1.265625	
PERF-COUNT	offline-browsing	offline-browsing	MapSheetBody	2.0	
PERF-COUNT	offline-browsing	offline-browsing	Process	17.0	
    t =    26.35s Waiting 30.0s for "performance-counters" Any to exist
    t =    27.41s     Checking `Expect predicate `existsNoRetry == 1` for object "performance-counters" Any`
    t =    27.41s         Checking existence of `"performance-counters" Any`
    t =    27.44s Find the "performance-counters" Any
    t =    27.46s Waiting 30.0s for "performance-counters" Any to exist
    t =    28.52s     Checking `Expect predicate `existsNoRetry == 1` for object "performance-counters" Any`
    t =    28.52s         Checking existence of `"performance-counters" Any`
    t =    28.55s Find the "performance-counters" Any
    t =    28.57s Pressing Home button
    t =    31.05s Open tappium.com.OpenHikes
    t =    31.05s     Activate tappium.com.OpenHikes
    t =    31.08s         Wait for tappium.com.OpenHikes to idle
    t =    31.09s Wait for tappium.com.OpenHikes to become Running Foreground
    t =    31.09s Waiting 30.0s for "performance-counters" Any to exist
    t =    32.16s     Checking `Expect predicate `existsNoRetry == 1` for object "performance-counters" Any`
    t =    32.16s         Checking existence of `"performance-counters" Any`
    t =    32.17s Find the "performance-counters" Any
PERF-PHASE	offline-browsing	finish	1788799501.081856	1788799504.698441
PERF-COUNT	offline-browsing	finish	CPU.s	0.3184439999999995	
PERF-COUNT	offline-browsing	finish	MapSheetBody	7.0	
PERF-COUNT	offline-browsing	finish	MapSheetHikesBody	2.0	
PERF-COUNT	offline-browsing	finish	OpenHikesViewBody	6.0	
PERF-COUNT	offline-browsing	finish	Process	4.0	
PERF-COUNT	offline-browsing	finish	SceneDidBecomeActive	1.0	
PERF-COUNT	offline-browsing	finish	ScenePhaseChanged	4.0	
PERF-COUNT	offline-browsing	finish	ScenePhaseTurn	4.0	
PERF-COUNT	offline-browsing	finish	SceneResignActive	2.0	
PERF-COUNT	offline-browsing	finish	SceneResignSave	2.0	
    t =    32.19s Pressing Home button
    t =    34.67s Tear Down
Test Case '-[OpenHikesUITests.PerformanceUITests testOfflineBrowsingOpensNoConnection]' passed (34.969 seconds).
Test Case '-[OpenHikesUITests.PerformanceUITests testPhotoDiscoverySelectionStaysInsideTheCell]' started.
    t =     0.00s Start Test at 2026-09-07 18:45:07.484
    t =     0.02s Set Up
    t =     0.03s Open tappium.com.OpenHikes
    t =     0.03s     Launch tappium.com.OpenHikes
    t =     0.03s         Terminate tappium.com.OpenHikes:42232
2026-09-07 18:45:08.581 xcodebuild[41528:12785411] [MT] IDELaunchParametersSnapshot: The operation couldn’t be completed. (DebuggerLLDB.DebuggerVersionStore.StoreError error 0.)
2026-09-07 18:45:08.581 xcodebuild[41528:12785411] [MT] IDELaunchParametersSnapshot: no debugger version
    t =     1.32s         Setting up automation session
    t =     2.45s         Wait for tappium.com.OpenHikes to idle
    t =     4.16s Wait for tappium.com.OpenHikes to become Running Foreground
    t =     4.16s Waiting 30.0s for "hike-row" Any to exist
    t =     5.20s     Checking `Expect predicate `existsNoRetry == 1` for object "hike-row" Any`
    t =     5.20s         Checking existence of `"hike-row" Any`
    t =     5.33s Waiting 15.0s for "hike-row" Any to exist
    t =     6.37s     Checking `Expect predicate `existsNoRetry == 1` for object "hike-row" Any`
    t =     6.37s         Checking existence of `"hike-row" Any`
    t =     6.44s Tap "hike-row" Any
    t =     6.44s     Wait for tappium.com.OpenHikes to idle
    t =     6.44s     Find the "hike-row" Any
    t =     6.50s     Check for interrupting elements affecting "hike-row" Button
    t =     6.53s     Synthesize event
    t =     6.82s     Wait for tappium.com.OpenHikes to idle
    t =     7.70s Waiting 10.0s for "Thumsee Loop (fast, simulated)" NavigationBar to exist
    t =     8.74s     Checking `Expect predicate `existsNoRetry == 1` for object "Thumsee Loop (fast, simulated)" NavigationBar`
    t =     8.74s         Checking existence of `"Thumsee Loop (fast, simulated)" NavigationBar`
    t =     8.83s Waiting 30.0s for "performance-counters" Any to exist
    t =     9.87s     Checking `Expect predicate `existsNoRetry == 1` for object "performance-counters" Any`
    t =     9.87s         Checking existence of `"performance-counters" Any`
    t =     9.90s Find the "performance-counters" Any
    t =    10.42s Waiting 30.0s for "performance-counters" Any to exist
    t =    11.47s     Checking `Expect predicate `existsNoRetry == 1` for object "performance-counters" Any`
    t =    11.47s         Checking existence of `"performance-counters" Any`
    t =    11.50s Find the "performance-counters" Any
    t =    11.52s Checking existence of `ScrollView (First Match)`
    t =    11.54s Checking existence of `"photo-discovery-button" Any`
    t =    11.60s Find the "photo-discovery-button" Any
    t =    11.66s Swipe up ScrollView (First Match)
    t =    11.66s     Wait for tappium.com.OpenHikes to idle
    t =    11.66s     Find the ScrollView (First Match)
    t =    11.69s     Check for interrupting elements affecting ScrollView
    t =    11.72s     Synthesize event
    t =    12.15s     Wait for tappium.com.OpenHikes to idle
    t =    13.16s Checking existence of `"photo-discovery-button" Button`
    t =    13.23s Find the "photo-discovery-button" Button
    t =    13.29s Swipe up ScrollView at {{8.0, 527.4}, {386.0, 338.6}}
    t =    13.29s     Wait for tappium.com.OpenHikes to idle
    t =    13.29s     Find the ScrollView at {{8.0, 527.4}, {386.0, 338.6}}
    t =    13.31s     Check for interrupting elements affecting ScrollView
    t =    13.34s     Synthesize event
    t =    13.78s     Wait for tappium.com.OpenHikes to idle
    t =    15.91s Checking existence of `"photo-discovery-button" Button`
    t =    15.98s Find the "photo-discovery-button" Button
    t =    16.03s Find the "photo-discovery-button" Button
    t =    16.09s Find the Target Application 'tappium.com.OpenHikes'
    t =    16.11s Waiting 30.0s for "performance-counters" Any to exist
    t =    17.12s     Checking `Expect predicate `existsNoRetry == 1` for object "performance-counters" Any`
    t =    17.13s         Checking existence of `"performance-counters" Any`
    t =    17.15s Find the "performance-counters" Any
    t =    17.17s Tap "photo-discovery-button" Button
    t =    17.17s     Wait for tappium.com.OpenHikes to idle
    t =    17.17s     Find the "photo-discovery-button" Button
    t =    17.22s     Check for interrupting elements affecting "photo-discovery-button" Button
    t =    17.26s     Synthesize event
    t =    17.55s     Wait for tappium.com.OpenHikes to idle
    t =    18.06s Waiting 30.0s for "photo-discovery-grid" Any to exist
    t =    19.13s     Checking `Expect predicate `existsNoRetry == 1` for object "photo-discovery-grid" Any`
    t =    19.13s         Checking existence of `"photo-discovery-grid" Any`
    t =    21.20s Waiting 30.0s for "performance-counters" Any to exist
    t =    22.24s     Checking `Expect predicate `existsNoRetry == 1` for object "performance-counters" Any`
    t =    22.24s         Checking existence of `"performance-counters" Any`
    t =    22.27s Find the "performance-counters" Any
PERF-PHASE	photo-discovery	discovery-open	1788799524.653655	1788799529.7705212
PERF-COUNT	photo-discovery	discovery-open	CPU.s	0.7318360000000004	
PERF-COUNT	photo-discovery	discovery-open	Footprint.MB	22.437522888183594	
PERF-COUNT	photo-discovery	discovery-open	HikeDetailBody	3.0	
PERF-COUNT	photo-discovery	discovery-open	HikePhotoSectionBody	3.0	
PERF-COUNT	photo-discovery	discovery-open	MapSheetBody	2.0	
PERF-COUNT	photo-discovery	discovery-open	MapSheetHikesBody	1.0	
PERF-COUNT	photo-discovery	discovery-open	OpenHikesViewBody	1.0	
PERF-COUNT	photo-discovery	discovery-open	PhotoDiscoveryBody	2.0	
PERF-COUNT	photo-discovery	discovery-open	PhotoOrderComputed	3.0	
PERF-COUNT	photo-discovery	discovery-open	Process	5.0	
    t =    22.29s Waiting 30.0s for "performance-counters" Any to exist
    t =    23.34s     Checking `Expect predicate `existsNoRetry == 1` for object "performance-counters" Any`
    t =    23.34s         Checking existence of `"performance-counters" Any`
    t =    23.37s Find the "performance-counters" Any
    t =    23.89s Waiting 30.0s for "performance-counters" Any to exist
    t =    24.96s     Checking `Expect predicate `existsNoRetry == 1` for object "performance-counters" Any`
    t =    24.96s         Checking existence of `"performance-counters" Any`
    t =    24.99s Find the "performance-counters" Any
    t =    25.01s Waiting 30.0s for "discovered-photo-0" Any to exist
    t =    26.07s     Checking `Expect predicate `existsNoRetry == 1` for object "discovered-photo-0" Any`
    t =    26.07s         Checking existence of `"discovered-photo-0" Any`
    t =    26.23s Tap "photo-discovery-selection-count" Any[0.50, 0.50]
    t =    26.23s     Wait for tappium.com.OpenHikes to idle
    t =    26.23s     Find the "photo-discovery-selection-count" Any
    t =    26.30s     Check for interrupting elements affecting "photo-discovery-selection-count" StaticText
    t =    26.35s     Synthesize event
    t =    26.35s         Find the "photo-discovery-selection-count" StaticText
    t =    26.41s         Find the "photo-discovery-selection-count" StaticText
    t =    26.48s         Find the "photo-discovery-selection-count" StaticText
    t =    26.82s     Wait for tappium.com.OpenHikes to idle
    t =    26.83s Waiting 30.0s for "performance-counters" Any to exist
    t =    27.88s     Checking `Expect predicate `existsNoRetry == 1` for object "performance-counters" Any`
    t =    27.88s         Checking existence of `"performance-counters" Any`
    t =    27.90s Find the "performance-counters" Any
    t =    28.42s Waiting 30.0s for "performance-counters" Any to exist
    t =    29.48s     Checking `Expect predicate `existsNoRetry == 1` for object "performance-counters" Any`
    t =    29.48s         Checking existence of `"performance-counters" Any`
    t =    29.49s Find the "performance-counters" Any
    t =    29.51s Waiting 30.0s for "performance-counters" Any to exist
    t =    30.56s     Checking `Expect predicate `existsNoRetry == 1` for object "performance-counters" Any`
    t =    30.56s         Checking existence of `"performance-counters" Any`
    t =    30.59s Find the "performance-counters" Any
    t =    30.61s Tap "discovered-photo-0" Any
    t =    30.61s     Wait for tappium.com.OpenHikes to idle
    t =    30.61s     Find the "discovered-photo-0" Any
    t =    30.73s     Check for interrupting elements affecting "discovered-photo-0" Button
    t =    30.78s     Synthesize event
    t =    31.07s     Wait for tappium.com.OpenHikes to idle
    t =    31.18s Tap "discovered-photo-1" Any
    t =    31.18s     Wait for tappium.com.OpenHikes to idle
    t =    31.19s     Find the "discovered-photo-1" Any
    t =    31.31s     Check for interrupting elements affecting "discovered-photo-1" Button
    t =    31.36s     Synthesize event
    t =    31.65s     Wait for tappium.com.OpenHikes to idle
    t =    31.65s Tap "discovered-photo-2" Any
    t =    31.65s     Wait for tappium.com.OpenHikes to idle
    t =    31.66s     Find the "discovered-photo-2" Any
    t =    31.79s     Check for interrupting elements affecting "discovered-photo-2" Button
    t =    31.84s     Synthesize event
    t =    32.14s     Wait for tappium.com.OpenHikes to idle
    t =    32.14s Tap "discovered-photo-3" Any
    t =    32.14s     Wait for tappium.com.OpenHikes to idle
    t =    32.15s     Find the "discovered-photo-3" Any
    t =    32.28s     Check for interrupting elements affecting "discovered-photo-3" Button
    t =    32.33s     Synthesize event
    t =    32.63s     Wait for tappium.com.OpenHikes to idle
    t =    33.64s Waiting 30.0s for "performance-counters" Any to exist
    t =    34.69s     Checking `Expect predicate `existsNoRetry == 1` for object "performance-counters" Any`
    t =    34.69s         Checking existence of `"performance-counters" Any`
    t =    34.72s Find the "performance-counters" Any
PERF-PHASE	photo-discovery	discovery-select	1788799538.092171	1788799542.215489
PERF-COUNT	photo-discovery	discovery-select	CPU.s	0.7806920000000002	
PERF-COUNT	photo-discovery	discovery-select	MainThread	1.0	
PERF-COUNT	photo-discovery	discovery-select	Process	4.0	
/Users/zsoraj/Documents/OpenHikes/OpenHikesUITests/PerformanceUITests+Budgets.swift:75: error: -[OpenHikesUITests.PerformanceUITests testPhotoDiscoverySelectionStaysInsideTheCell] : XCTAssertEqual failed: ("1.0") is not equal to ("0.0") - the main thread stalled 1.0 times during discovery-select
    t =    34.74s Tear Down
Test Case '-[OpenHikesUITests.PerformanceUITests testPhotoDiscoverySelectionStaysInsideTheCell]' failed (35.028 seconds).
Test Case '-[OpenHikesUITests.PerformanceUITests testPhotoGalleryStaysInsideTheStrip]' started.
    t =     0.00s Start Test at 2026-09-07 18:45:42.512
    t =     0.02s Set Up
    t =     0.02s Open tappium.com.OpenHikes
    t =     0.02s     Launch tappium.com.OpenHikes
    t =     0.02s         Terminate tappium.com.OpenHikes:42309
2026-09-07 18:45:43.589 xcodebuild[41528:12785411] [MT] IDELaunchParametersSnapshot: The operation couldn’t be completed. (DebuggerLLDB.DebuggerVersionStore.StoreError error 0.)
2026-09-07 18:45:43.589 xcodebuild[41528:12785411] [MT] IDELaunchParametersSnapshot: no debugger version
    t =     1.30s         Setting up automation session
    t =     2.07s         Wait for tappium.com.OpenHikes to idle
    t =     3.60s Wait for tappium.com.OpenHikes to become Running Foreground
    t =     3.60s Waiting 30.0s for "hike-row" Any to exist
    t =     4.65s     Checking `Expect predicate `existsNoRetry == 1` for object "hike-row" Any`
    t =     4.65s         Checking existence of `"hike-row" Any`
    t =     4.74s Waiting 15.0s for "hike-row" Any to exist
    t =     5.78s     Checking `Expect predicate `existsNoRetry == 1` for object "hike-row" Any`
    t =     5.78s         Checking existence of `"hike-row" Any`
    t =     5.85s Tap "hike-row" Any
    t =     5.85s     Wait for tappium.com.OpenHikes to idle
    t =     5.85s     Find the "hike-row" Any
    t =     5.90s     Check for interrupting elements affecting "hike-row" Button
    t =     5.94s     Synthesize event
    t =     6.23s     Wait for tappium.com.OpenHikes to idle
    t =     7.10s Waiting 10.0s for "Thumsee Loop (fast, simulated)" NavigationBar to exist
    t =     8.14s     Checking `Expect predicate `existsNoRetry == 1` for object "Thumsee Loop (fast, simulated)" NavigationBar`
    t =     8.14s         Checking existence of `"Thumsee Loop (fast, simulated)" NavigationBar`
    t =     8.25s Waiting 30.0s for "performance-counters" Any to exist
    t =     9.28s     Checking `Expect predicate `existsNoRetry == 1` for object "performance-counters" Any`
    t =     9.28s         Checking existence of `"performance-counters" Any`
    t =     9.30s Find the "performance-counters" Any
    t =     9.82s Waiting 30.0s for "performance-counters" Any to exist
    t =    10.87s     Checking `Expect predicate `existsNoRetry == 1` for object "performance-counters" Any`
    t =    10.87s         Checking existence of `"performance-counters" Any`
    t =    10.90s Find the "performance-counters" Any
    t =    10.91s Tap "elevation-chart" Any[0.50, 0.50]
    t =    10.91s     Wait for tappium.com.OpenHikes to idle
    t =    10.92s     Find the "elevation-chart" Any
    t =    10.99s     Check for interrupting elements affecting "elevation-chart" Other
    t =    11.03s     Synthesize event
    t =    11.03s         Find the "elevation-chart" Other
    t =    11.11s         Find the "elevation-chart" Other
    t =    11.18s         Find the "elevation-chart" Other
    t =    11.54s     Wait for tappium.com.OpenHikes to idle
    t =    12.26s Waiting 30.0s for "performance-counters" Any to exist
    t =    13.30s     Checking `Expect predicate `existsNoRetry == 1` for object "performance-counters" Any`
    t =    13.30s         Checking existence of `"performance-counters" Any`
    t =    13.32s Find the "performance-counters" Any
    t =    13.84s Waiting 30.0s for "performance-counters" Any to exist
    t =    14.88s     Checking `Expect predicate `existsNoRetry == 1` for object "performance-counters" Any`
    t =    14.89s         Checking existence of `"performance-counters" Any`
    t =    14.91s Find the "performance-counters" Any
    t =    14.93s Checking existence of `ScrollView (First Match)`
    t =    14.96s Checking existence of `"hike-photo-strip" Any`
    t =    15.04s Find the "hike-photo-strip" Any
    t =    15.13s Swipe up ScrollView (First Match)
    t =    15.13s     Wait for tappium.com.OpenHikes to idle
    t =    15.13s     Find the ScrollView (First Match)
    t =    15.16s     Check for interrupting elements affecting ScrollView
    t =    15.20s     Synthesize event
    t =    15.64s     Wait for tappium.com.OpenHikes to idle
    t =    16.64s Checking existence of `"hike-photo-strip" ScrollView`
    t =    16.73s Find the "hike-photo-strip" ScrollView
    t =    16.81s Swipe up ScrollView at {{8.0, 527.4}, {386.0, 338.6}}
    t =    16.81s     Wait for tappium.com.OpenHikes to idle
    t =    16.81s     Find the ScrollView at {{8.0, 527.4}, {386.0, 338.6}}
    t =    16.84s     Check for interrupting elements affecting ScrollView
    t =    16.88s     Synthesize event
    t =    17.31s     Wait for tappium.com.OpenHikes to idle
    t =    19.43s Checking existence of `"hike-photo-strip" ScrollView`
    t =    19.53s Find the "hike-photo-strip" ScrollView
    t =    19.64s Find the "hike-photo-strip" ScrollView
    t =    19.71s Find the Target Application 'tappium.com.OpenHikes'
    t =    19.74s Waiting 30.0s for "performance-counters" Any to exist
    t =    20.79s     Checking `Expect predicate `existsNoRetry == 1` for object "performance-counters" Any`
    t =    20.79s         Checking existence of `"performance-counters" Any`
    t =    20.81s Find the "performance-counters" Any
    t =    21.33s Waiting 30.0s for "performance-counters" Any to exist
    t =    22.37s     Checking `Expect predicate `existsNoRetry == 1` for object "performance-counters" Any`
    t =    22.37s         Checking existence of `"performance-counters" Any`
    t =    22.39s Find the "performance-counters" Any
    t =    22.41s Waiting 30.0s for "performance-counters" Any to exist
    t =    23.46s     Checking `Expect predicate `existsNoRetry == 1` for object "performance-counters" Any`
    t =    23.46s         Checking existence of `"performance-counters" Any`
    t =    23.48s Find the "performance-counters" Any
    t =    23.49s Swipe left "hike-photo-strip" ScrollView
    t =    23.49s     Wait for tappium.com.OpenHikes to idle
    t =    23.50s     Find the "hike-photo-strip" ScrollView
    t =    23.57s     Check for interrupting elements affecting "hike-photo-strip" ScrollView
    t =    23.61s     Synthesize event
    t =    24.06s     Wait for tappium.com.OpenHikes to idle
    t =    24.62s Swipe right "hike-photo-strip" ScrollView
    t =    24.62s     Wait for tappium.com.OpenHikes to idle
    t =    24.62s     Find the "hike-photo-strip" ScrollView
    t =    24.71s     Check for interrupting elements affecting "hike-photo-strip" ScrollView
    t =    24.75s     Synthesize event
    t =    25.20s     Wait for tappium.com.OpenHikes to idle
    t =    26.76s Waiting 30.0s for "performance-counters" Any to exist
    t =    27.78s     Checking `Expect predicate `existsNoRetry == 1` for object "performance-counters" Any`
    t =    27.79s         Checking existence of `"performance-counters" Any`
    t =    27.81s Find the "performance-counters" Any
PERF-PHASE	photo-gallery	photo-strip	1788799566.004527	1788799570.3402119
PERF-COUNT	photo-gallery	photo-strip	CPU.s	0.44710300000000114	
PERF-COUNT	photo-gallery	photo-strip	Process	4.0	
    t =    27.83s Waiting 30.0s for "performance-counters" Any to exist
    t =    28.88s     Checking `Expect predicate `existsNoRetry == 1` for object "performance-counters" Any`
    t =    28.88s         Checking existence of `"performance-counters" Any`
    t =    28.91s Find the "performance-counters" Any
    t =    28.93s Tap Button (First Match)
    t =    28.93s     Wait for tappium.com.OpenHikes to idle
    t =    28.93s     Find the Button (First Match)
    t =    28.99s     Check for interrupting elements affecting "hike-photo-5D608E6F-9CFE-4E24-9885-FE7DDEE0CC90" Button
    t =    29.02s     Synthesize event
    t =    29.31s     Wait for tappium.com.OpenHikes to idle
    t =    31.19s Waiting 30.0s for "performance-counters" Any to exist
    t =    32.25s     Checking `Expect predicate `existsNoRetry == 1` for object "performance-counters" Any`
    t =    32.25s         Checking existence of `"performance-counters" Any`
    t =    32.28s Find the "performance-counters" Any
PERF-PHASE	photo-gallery	photo-viewer	1788799571.440751	1788799574.810491
PERF-COUNT	photo-gallery	photo-viewer	CPU.s	0.6923529999999989	
PERF-COUNT	photo-gallery	photo-viewer	Footprint.MB	3.0312957763671875	
PERF-COUNT	photo-gallery	photo-viewer	HikeDetailBody	1.0	
PERF-COUNT	photo-gallery	photo-viewer	HikePhotoSectionBody	1.0	
PERF-COUNT	photo-gallery	photo-viewer	MapPhotoPinsRebuilt	1.0	
PERF-COUNT	photo-gallery	photo-viewer	MapSheetBody	1.0	
PERF-COUNT	photo-gallery	photo-viewer	PhotoImageDecoded	2.0	
PERF-COUNT	photo-gallery	photo-viewer	PhotoOrderComputed	3.0	
PERF-COUNT	photo-gallery	photo-viewer	PhotoViewerBody	2.0	
PERF-COUNT	photo-gallery	photo-viewer	Process	4.0	
    t =    32.30s Waiting 30.0s for "photo-viewer" Any to exist
    t =    33.35s     Checking `Expect predicate `existsNoRetry == 1` for object "photo-viewer" Any`
    t =    33.35s         Checking existence of `"photo-viewer" Any`
    t =    33.42s Waiting 30.0s for "performance-counters" Any to exist
    t =    34.49s     Checking `Expect predicate `existsNoRetry == 1` for object "performance-counters" Any`
    t =    34.49s         Checking existence of `"performance-counters" Any`
    t =    34.52s Find the "performance-counters" Any
    t =    34.53s Swipe left "photo-viewer" Any
    t =    34.53s     Wait for tappium.com.OpenHikes to idle
    t =    34.54s     Find the "photo-viewer" Any
    t =    34.58s     Check for interrupting elements affecting "photo-viewer" ScrollView
    t =    34.61s     Synthesize event
    t =    35.06s     Wait for tappium.com.OpenHikes to idle
    t =    36.59s Waiting 30.0s for "performance-counters" Any to exist
    t =    37.63s     Checking `Expect predicate `existsNoRetry == 1` for object "performance-counters" Any`
    t =    37.63s         Checking existence of `"performance-counters" Any`
    t =    37.66s Find the "performance-counters" Any
PERF-PHASE	photo-gallery	photo-paging	1788799577.045632	1788799580.183082
PERF-COUNT	photo-gallery	photo-paging	CPU.s	0.23183899999999902	
PERF-COUNT	photo-gallery	photo-paging	Footprint.MB	0.1875	
PERF-COUNT	photo-gallery	photo-paging	PhotoImageDecoded	1.0	
PERF-COUNT	photo-gallery	photo-paging	PhotoOrderComputed	1.0	
PERF-COUNT	photo-gallery	photo-paging	PhotoViewerBody	1.0	
PERF-COUNT	photo-gallery	photo-paging	Process	3.0	
    t =    37.67s Waiting 30.0s for "performance-counters" Any to exist
    t =    38.71s     Checking `Expect predicate `existsNoRetry == 1` for object "performance-counters" Any`
    t =    38.71s         Checking existence of `"performance-counters" Any`
    t =    38.74s Find the "performance-counters" Any
    t =    38.75s Pressing Home button
    t =    41.23s Open tappium.com.OpenHikes
    t =    41.23s     Activate tappium.com.OpenHikes
    t =    41.26s         Wait for tappium.com.OpenHikes to idle
    t =    41.26s Wait for tappium.com.OpenHikes to become Running Foreground
    t =    41.26s Waiting 30.0s for "performance-counters" Any to exist
    t =    42.30s     Checking `Expect predicate `existsNoRetry == 1` for object "performance-counters" Any`
    t =    42.30s         Checking existence of `"performance-counters" Any`
    t =    42.33s Find the "performance-counters" Any
PERF-PHASE	photo-gallery	finish	1788799581.266041	1788799584.854446
PERF-COUNT	photo-gallery	finish	CPU.s	0.4336090000000006	
PERF-COUNT	photo-gallery	finish	HikeDetailBody	9.0	
PERF-COUNT	photo-gallery	finish	HikePhotoSectionBody	9.0	
PERF-COUNT	photo-gallery	finish	MapSheetBody	6.0	
PERF-COUNT	photo-gallery	finish	MapSheetHikesBody	2.0	
PERF-COUNT	photo-gallery	finish	OpenHikesViewBody	6.0	
PERF-COUNT	photo-gallery	finish	PhotoOrderComputed	11.0	
PERF-COUNT	photo-gallery	finish	PhotoViewerBody	2.0	
PERF-COUNT	photo-gallery	finish	Process	4.0	
PERF-COUNT	photo-gallery	finish	SceneDidBecomeActive	1.0	
PERF-COUNT	photo-gallery	finish	ScenePhaseChanged	4.0	
PERF-COUNT	photo-gallery	finish	ScenePhaseTurn	4.0	
PERF-COUNT	photo-gallery	finish	SceneResignActive	2.0	
PERF-COUNT	photo-gallery	finish	SceneResignSave	2.0	
    t =    42.34s Pressing Home button
    t =    44.82s Tear Down
Test Case '-[OpenHikesUITests.PerformanceUITests testPhotoGalleryStaysInsideTheStrip]' passed (45.190 seconds).
Test Case '-[OpenHikesUITests.PerformanceUITests testSettingsDoesNotFollowTheHikeStore]' started.
    t =     0.00s Start Test at 2026-09-07 18:46:27.702
    t =     0.01s Set Up
    t =     0.01s Open tappium.com.OpenHikes
    t =     0.01s     Launch tappium.com.OpenHikes
    t =     0.01s         Terminate tappium.com.OpenHikes:42407
2026-09-07 18:46:28.776 xcodebuild[41528:12785411] [MT] IDELaunchParametersSnapshot: The operation couldn’t be completed. (DebuggerLLDB.DebuggerVersionStore.StoreError error 0.)
2026-09-07 18:46:28.776 xcodebuild[41528:12785411] [MT] IDELaunchParametersSnapshot: no debugger version
    t =     1.29s         Setting up automation session
    t =     2.07s         Wait for tappium.com.OpenHikes to idle
    t =     3.60s Wait for tappium.com.OpenHikes to become Running Foreground
    t =     3.60s Waiting 30.0s for "hike-row" Any to exist
    t =     4.65s     Checking `Expect predicate `existsNoRetry == 1` for object "hike-row" Any`
    t =     4.65s         Checking existence of `"hike-row" Any`
    t =     4.75s Waiting 30.0s for "performance-counters" Any to exist
    t =     5.81s     Checking `Expect predicate `existsNoRetry == 1` for object "performance-counters" Any`
    t =     5.81s         Checking existence of `"performance-counters" Any`
    t =     5.83s Find the "performance-counters" Any
    t =     6.35s Waiting 30.0s for "performance-counters" Any to exist
    t =     7.39s     Checking `Expect predicate `existsNoRetry == 1` for object "performance-counters" Any`
    t =     7.39s         Checking existence of `"performance-counters" Any`
    t =     7.42s Find the "performance-counters" Any
    t =     7.43s Tap "settings-button" Any
    t =     7.43s     Wait for tappium.com.OpenHikes to idle
    t =     7.43s     Find the "settings-button" Any
    t =     7.47s     Check for interrupting elements affecting "settings-button" Button
    t =     7.50s     Synthesize event
    t =     7.79s     Wait for tappium.com.OpenHikes to idle
    t =     8.58s Waiting 30.0s for "settings-screen" Any to exist
    t =     9.62s     Checking `Expect predicate `existsNoRetry == 1` for object "settings-screen" Any`
    t =     9.62s         Checking existence of `"settings-screen" Any`
    t =     9.66s Waiting 30.0s for "performance-counters" Any to exist
    t =    10.70s     Checking `Expect predicate `existsNoRetry == 1` for object "performance-counters" Any`
    t =    10.70s         Checking existence of `"performance-counters" Any`
    t =    10.73s Find the "performance-counters" Any
    t =    11.25s Waiting 30.0s for "performance-counters" Any to exist
    t =    12.28s     Checking `Expect predicate `existsNoRetry == 1` for object "performance-counters" Any`
    t =    12.28s         Checking existence of `"performance-counters" Any`
    t =    12.31s Find the "performance-counters" Any
    t =    12.33s Checking existence of `ScrollView (First Match)`
    t =    12.40s Checking existence of `CollectionView (First Match)`
    t =    12.42s Checking existence of `"save-photos-to-library-toggle" Any`
    t =    12.54s Swipe up CollectionView (First Match)
    t =    12.54s     Wait for tappium.com.OpenHikes to idle
    t =    12.54s     Find the CollectionView (First Match)
    t =    12.56s     Check for interrupting elements affecting CollectionView
    t =    12.59s     Synthesize event
    t =    13.02s     Wait for tappium.com.OpenHikes to idle
    t =    15.17s Checking existence of `"save-photos-to-library-toggle" Any`
    t =    15.29s Find the "save-photos-to-library-toggle" Any
    t =    15.40s Find the "save-photos-to-library-toggle" Switch
    t =    15.50s Find the Target Application 'tappium.com.OpenHikes'
    t =    15.52s Tap "save-photos-to-library-toggle" Switch[0.50, 0.50]
    t =    15.52s     Wait for tappium.com.OpenHikes to idle
    t =    15.52s     Find the "save-photos-to-library-toggle" Switch
    t =    15.62s     Check for interrupting elements affecting "save-photos-to-library-toggle" Switch
    t =    15.66s     Synthesize event
    t =    15.66s         Find the "save-photos-to-library-toggle" Switch
    t =    15.76s         Find the "save-photos-to-library-toggle" Switch
    t =    15.87s         Find the "save-photos-to-library-toggle" Switch
    t =    16.25s     Wait for tappium.com.OpenHikes to idle
    t =    16.26s Waiting 30.0s for "performance-counters" Any to exist
    t =    17.30s     Checking `Expect predicate `existsNoRetry == 1` for object "performance-counters" Any`
    t =    17.30s         Checking existence of `"performance-counters" Any`
    t =    17.33s Find the "performance-counters" Any
    t =    17.86s Waiting 30.0s for "performance-counters" Any to exist
    t =    18.91s     Checking `Expect predicate `existsNoRetry == 1` for object "performance-counters" Any`
    t =    18.91s         Checking existence of `"performance-counters" Any`
    t =    18.93s Find the "performance-counters" Any
    t =    18.94s Waiting 30.0s for "performance-counters" Any to exist
    t =    19.99s     Checking `Expect predicate `existsNoRetry == 1` for object "performance-counters" Any`
    t =    19.99s         Checking existence of `"performance-counters" Any`
    t =    20.01s Find the "performance-counters" Any
    t =    20.03s Tap "save-photos-to-library-toggle" Switch
    t =    20.03s     Wait for tappium.com.OpenHikes to idle
    t =    20.03s     Find the "save-photos-to-library-toggle" Switch
    t =    20.14s     Check for interrupting elements affecting "save-photos-to-library-toggle" Switch
    t =    20.18s     Synthesize event
    t =    20.46s     Wait for tappium.com.OpenHikes to idle
    t =    20.46s Tap "save-photos-to-library-toggle" Switch
    t =    20.46s     Wait for tappium.com.OpenHikes to idle
    t =    20.47s     Find the "save-photos-to-library-toggle" Switch
    t =    20.57s     Check for interrupting elements affecting "save-photos-to-library-toggle" Switch
    t =    20.61s     Synthesize event
    t =    20.90s     Wait for tappium.com.OpenHikes to idle
    t =    21.92s Waiting 30.0s for "performance-counters" Any to exist
    t =    22.97s     Checking `Expect predicate `existsNoRetry == 1` for object "performance-counters" Any`
    t =    22.98s         Checking existence of `"performance-counters" Any`
    t =    23.00s Find the "performance-counters" Any
PERF-PHASE	settings	settings-toggle	1788799607.734031	1788799610.722265
PERF-COUNT	settings	settings-toggle	CPU.s	0.2669240000000004	
PERF-COUNT	settings	settings-toggle	Footprint.MB	0.03125	
PERF-COUNT	settings	settings-toggle	Process	3.0	
    t =    23.02s Checking existence of `ScrollView (First Match)`
    t =    23.08s Checking existence of `CollectionView (First Match)`
    t =    23.10s Checking existence of `"Clear Map Cache" Button`
    t =    23.12s Swipe up CollectionView (First Match)
    t =    23.12s     Wait for tappium.com.OpenHikes to idle
    t =    23.13s     Find the CollectionView (First Match)
    t =    23.15s     Check for interrupting elements affecting CollectionView
    t =    23.17s     Synthesize event
    t =    23.61s     Wait for tappium.com.OpenHikes to idle
    t =    25.72s Checking existence of `"Clear Map Cache" Button`
    t =    25.77s Find the "Clear Map Cache" Button
    t =    25.81s Find the "Clear Map Cache" Button
    t =    25.84s Find the Target Application 'tappium.com.OpenHikes'
    t =    25.86s Find the "Clear Map Cache" Button
    t =    25.88s Waiting 30.0s for "performance-counters" Any to exist
    t =    26.92s     Checking `Expect predicate `existsNoRetry == 1` for object "performance-counters" Any`
    t =    26.92s         Checking existence of `"performance-counters" Any`
    t =    26.95s Find the "performance-counters" Any
    t =    26.97s Tap "Clear Map Cache" Button
    t =    26.97s     Wait for tappium.com.OpenHikes to idle
    t =    26.98s     Find the "Clear Map Cache" Button
    t =    27.01s     Check for interrupting elements affecting "Clear Map Cache" Button
    t =    27.03s     Synthesize event
    t =    27.32s     Wait for tappium.com.OpenHikes to idle
    t =    29.58s Waiting 30.0s for "performance-counters" Any to exist
    t =    30.64s     Checking `Expect predicate `existsNoRetry == 1` for object "performance-counters" Any`
    t =    30.64s         Checking existence of `"performance-counters" Any`
    t =    30.66s Find the "performance-counters" Any
PERF-PHASE	settings	settings-clear-cache	1788799614.673424	1788799618.372807
PERF-COUNT	settings	settings-clear-cache	CPU.s	0.13727200000000028	
PERF-COUNT	settings	settings-clear-cache	Process	3.0	
PERF-COUNT	settings	settings-clear-cache	SettingsBody	2.0	
PERF-COUNT	settings	settings-clear-cache	TileDiskUsageMeasured	1.0	
PERF-COUNT	settings	settings-clear-cache	TileDiskUsageScan	1.0	
PERF-COUNT	settings	settings-clear-cache	TileUnclaimedSweep	1.0	
PERF-COUNT	settings	settings-clear-cache	TileUnclaimedSwept	1.0	
    t =    30.67s Waiting 30.0s for "performance-counters" Any to exist
    t =    31.71s     Checking `Expect predicate `existsNoRetry == 1` for object "performance-counters" Any`
    t =    31.71s         Checking existence of `"performance-counters" Any`
    t =    31.73s Find the "performance-counters" Any
    t =    31.75s Pressing Home button
    t =    34.22s Open tappium.com.OpenHikes
    t =    34.22s     Activate tappium.com.OpenHikes
    t =    34.25s         Wait for tappium.com.OpenHikes to idle
    t =    34.25s Wait for tappium.com.OpenHikes to become Running Foreground
    t =    34.26s Waiting 30.0s for "performance-counters" Any to exist
    t =    35.32s     Checking `Expect predicate `existsNoRetry == 1` for object "performance-counters" Any`
    t =    35.32s         Checking existence of `"performance-counters" Any`
    t =    35.35s Find the "performance-counters" Any
PERF-PHASE	settings	finish	1788799619.452702	1788799623.066283
PERF-COUNT	settings	finish	CPU.s	0.670858	
PERF-COUNT	settings	finish	MapSheetBody	6.0	
PERF-COUNT	settings	finish	MapSheetHikesBody	2.0	
PERF-COUNT	settings	finish	OpenHikesViewBody	6.0	
PERF-COUNT	settings	finish	Process	4.0	
PERF-COUNT	settings	finish	SceneDidBecomeActive	1.0	
PERF-COUNT	settings	finish	ScenePhaseChanged	4.0	
PERF-COUNT	settings	finish	ScenePhaseTurn	4.0	
PERF-COUNT	settings	finish	SceneResignActive	2.0	
PERF-COUNT	settings	finish	SceneResignSave	2.0	
PERF-COUNT	settings	finish	SettingsBody	5.0	
PERF-COUNT	settings	finish	TileNetworkFetch	29.0	
    t =    35.36s Pressing Home button
    t =    37.85s Tear Down
Test Case '-[OpenHikesUITests.PerformanceUITests testSettingsDoesNotFollowTheHikeStore]' passed (38.230 seconds).
Test Suite 'PerformanceUITests' failed at 2026-09-07 18:47:05.932.
	 Executed 11 tests, with 1 failure (0 unexpected) in 393.466 (393.475) seconds
Test Suite 'OpenHikesUITests.xctest' failed at 2026-09-07 18:47:05.933.
	 Executed 11 tests, with 1 failure (0 unexpected) in 393.466 (393.476) seconds
Test Suite 'Selected tests' failed at 2026-09-07 18:47:05.934.
	 Executed 11 tests, with 1 failure (0 unexpected) in 393.466 (393.477) seconds
2026-09-07 18:47:22.841 xcodebuild[41528:12785411] [MT] IDETestOperationsObserverDebug: 418.127 elapsed -- Testing started completed.
2026-09-07 18:47:22.841 xcodebuild[41528:12785411] [MT] IDETestOperationsObserverDebug: 0.000 sec, +0.000 sec -- start
2026-09-07 18:47:22.841 xcodebuild[41528:12785411] [MT] IDETestOperationsObserverDebug: 418.127 sec, +418.127 sec -- end

Test session results, code coverage, and logs:
	/Users/zsoraj/Documents/OpenHikes/PerformanceReports/20260907-184004/result.xcresult

Failing tests:
	PerformanceUITests.testPhotoDiscoverySelectionStaysInsideTheCell()

** TEST FAILED **

Testing started
