Command line invocation:
    /Applications/Xcode.app/Contents/Developer/usr/bin/xcodebuild test -project /Users/zsoraj/Documents/OpenHikes/OpenHikes.xcodeproj -scheme OpenHikesUI -configuration Debug -destination "platform=iOS Simulator,name=iPhone 17 Pro" "-only-testing:OpenHikesUITests/PerformanceUITests/testPhotoGalleryStaysInsideTheStrip" -resultBundlePath /Users/zsoraj/Documents/OpenHikes/PerformanceReports/20260827-005230/result.xcresult -skipPackagePluginValidation

2026-08-27 00:52:30.951 xcodebuild[14528:1688451]  DVTDeviceOperation: Encountered a build number "" that is incompatible with DVTBuildVersion.
2026-08-27 00:52:31.049 xcodebuild[14528:1688419] [MT] DVTDeviceOperation: Encountered a build number "" that is incompatible with DVTBuildVersion.
Resolve Package Graph


Resolved source packages:
  swift-numerics: https://github.com/apple/swift-numerics.git @ 1.1.1
  swift-algorithms: https://github.com/apple/swift-algorithms/ @ 1.2.1
  OpenHikesShared: /Users/zsoraj/Documents/OpenHikes/OpenHikesShared @ local
  swift-collections: https://github.com/apple/swift-collections/ @ 1.6.0
  SwiftLintPlugins: https://github.com/SimplyDanny/SwiftLintPlugins @ 0.65.0
  swift-async-algorithms: https://github.com/apple/swift-async-algorithms/ @ 1.1.5

Writing result bundle at path:
	/Users/zsoraj/Documents/OpenHikes/PerformanceReports/20260827-005230/result.xcresult

ComputePackagePrebuildTargetDependencyGraph

Prepare packages

Compile plug-in “SwiftLintBuildToolPlugin” in package “swiftlintplugins”
[debug]: Compiling plugin to executable at /Users/zsoraj/Library/Developer/Xcode/DerivedData/OpenHikes-dsjbwflghsqoduenorzlwghaliyw/Build/Products/PluginExecutables/SwiftLintBuildToolPlugin
[debug]: Using compiler /Applications/Xcode.app/Contents/Developer/Toolchains/XcodeDefault.xctoolchain/usr/bin/swiftc
[debug]: Plugin compilation output directory '/Users/zsoraj/Library/Developer/Xcode/DerivedData/OpenHikes-dsjbwflghsqoduenorzlwghaliyw/Build/Products/PluginExecutables'
[debug]: Computed hash of plugin compilation inputs: 8fc90fb3d158f1ce1fbd24aa636a1a1621e413da578700522ec4c67249780087


Apply build tool plug-in “SwiftLintBuildToolPlugin” to target “OpenWidgetExtension” in project “OpenHikes”

working directory:
   /Users/zsoraj/Documents/OpenHikes
tool mapping:
   swiftlint: /Users/zsoraj/Library/Developer/Xcode/DerivedData/OpenHikes-dsjbwflghsqoduenorzlwghaliyw/SourcePackages/artifacts/swiftlintplugins/SwiftLintBinary/SwiftLintBinary.artifactbundle/macos/swiftlint [arm64-apple-macosx]
tool search paths:
   /Applications/Xcode.app/Contents/Developer/Toolchains/XcodeDefault.xctoolchain/usr/bin
   /Applications/Xcode.app/Contents/Developer/usr/bin
   /Library/Apple/usr/bin
   /System/Cryptexes/App/usr/bin
   /Users/zsoraj/Library/Android/sdk/platform-tools
   /Users/zsoraj/bin
   /bin
   /opt/homebrew/bin
   /opt/homebrew/opt/ruby/bin
   /opt/homebrew/sbin
   /pkg/env/global/bin
   /sbin
   /usr/bin
   /usr/local/bin
   /usr/sbin
   /var/run/com.apple.security.cryptexd/codex.system/bootstrap/usr/appleinternal/bin
   /var/run/com.apple.security.cryptexd/codex.system/bootstrap/usr/bin
   /var/run/com.apple.security.cryptexd/codex.system/bootstrap/usr/local/bin

/usr/bin/sandbox-exec -p "(version 1)
(deny default)
(import \"system.sb\")
(allow file-read*)
(allow process*)
(allow mach-lookup (global-name \"com.apple.lsd.mapdb\"))
(allow mach-lookup (global-name \"com.apple.mobileassetd.v2\"))
(allow file-write*
    (subpath \"/private/tmp\")
    (subpath \"/private/var/tmp\")
    (subpath \"/private/var/folders/ds/8wdj8_sj45zc3q_c60w292zc0000gn/T\")
    (subpath \"/private/var/folders/ds/8wdj8_sj45zc3q_c60w292zc0000gn/C\")
)
(deny file-write*
    (subpath \"/Users/zsoraj/Documents/OpenHikes\")
)
(allow file-write*
    (subpath \"/Users/zsoraj/Library/Developer/Xcode/DerivedData/OpenHikes-dsjbwflghsqoduenorzlwghaliyw/Build/Intermediates.noindex/BuildToolPluginIntermediates/OpenHikes.output/OpenWidgetExtension/SwiftLintBuildToolPlugin\")
    (subpath \"/private/var/folders/ds/8wdj8_sj45zc3q_c60w292zc0000gn/T/TemporaryItems\")
)
" /Users/zsoraj/Library/Developer/Xcode/DerivedData/OpenHikes-dsjbwflghsqoduenorzlwghaliyw/SourcePackages/artifacts/swiftlintplugins/SwiftLintBinary/SwiftLintBinary.artifactbundle/macos/swiftlint lint --quiet --force-exclude --cache-path /Users/zsoraj/Library/Developer/Xcode/DerivedData/OpenHikes-dsjbwflghsqoduenorzlwghaliyw/Build/Intermediates.noindex/BuildToolPluginIntermediates/OpenHikes.output/OpenWidgetExtension/SwiftLintBuildToolPlugin/Cache /Users/zsoraj/Documents/OpenHikes/OpenWidget/OpenWidgetBundle.swift /Users/zsoraj/Documents/OpenHikes/OpenWidget/TrailWidget.swift /Users/zsoraj/Documents/OpenHikes/OpenWidget/TrailWidgetComponents.swift /Users/zsoraj/Documents/OpenHikes/OpenWidget/TrailWidgetPlaceholder.swift

/usr/bin/sandbox-exec -p "(version 1)
(deny default)
(import \"system.sb\")
(allow file-read*)
(allow process*)
(allow mach-lookup (global-name \"com.apple.lsd.mapdb\"))
(allow mach-lookup (global-name \"com.apple.mobileassetd.v2\"))
(allow file-write*
    (subpath \"/private/tmp\")
    (subpath \"/private/var/tmp\")
    (subpath \"/private/var/folders/ds/8wdj8_sj45zc3q_c60w292zc0000gn/T\")
    (subpath \"/private/var/folders/ds/8wdj8_sj45zc3q_c60w292zc0000gn/C\")
)
(deny file-write*
    (subpath \"/Users/zsoraj/Documents/OpenHikes\")
)
(allow file-write*
    (subpath \"/Users/zsoraj/Library/Developer/Xcode/DerivedData/OpenHikes-dsjbwflghsqoduenorzlwghaliyw/Build/Intermediates.noindex/BuildToolPluginIntermediates/OpenHikes.output/OpenHikes/SwiftLintBuildToolPlugin\")
    (subpath \"/private/var/folders/ds/8wdj8_sj45zc3q_c60w292zc0000gn/T/TemporaryItems\")
)
" /Users/zsoraj/Library/Developer/Xcode/DerivedData/OpenHikes-dsjbwflghsqoduenorzlwghaliyw/SourcePackages/artifacts/swiftlintplugins/SwiftLintBinary/SwiftLintBinary.artifactbundle/macos/swiftlint lint --quiet --force-exclude --cache-path /Users/zsoraj/Library/Developer/Xcode/DerivedData/OpenHikes-dsjbwflghsqoduenorzlwghaliyw/Build/Intermediates.noindex/BuildToolPluginIntermediates/OpenHikes.output/OpenHikes/SwiftLintBuildToolPlugin/Cache /Users/zsoraj/Documents/OpenHikes/OpenHikes/App/Configuration/ModelConfiguration+OpenHikes.swift /Users/zsoraj/Documents/OpenHikes/OpenHikes/App/Configuration/Secrets.swift /Users/zsoraj/Documents/OpenHikes/OpenHikes/App/Configuration/SettingsKey.swift /Users/zsoraj/Documents/OpenHikes/OpenHikes/App/Navigation/OpenHikesView.swift /Users/zsoraj/Documents/OpenHikes/OpenHikes/App/Navigation/OpenHikesView+Photos.swift /Users/zsoraj/Documents/OpenHikes/OpenHikes/App/Navigation/SheetPresentation.swift /Users/zsoraj/Documents/OpenHikes/OpenHikes/App/Navigation/SheetRoute.swift /Users/zsoraj/Documents/OpenHikes/OpenHikes/App/AppLaunchEnvironment.swift /Users/zsoraj/Documents/OpenHikes/OpenHikes/App/OpenHikesApp.swift /Users/zsoraj/Documents/OpenHikes/OpenHikes/App/OpenHikesModel.swift /Users/zsoraj/Documents/OpenHikes/OpenHikes/General/Diagnostics/FieldMetrics/FieldMetrics.swift /Users/zsoraj/Documents/OpenHikes/OpenHikes/General/Diagnostics/FieldMetrics/FieldMetricsDigest.swift /Users/zsoraj/Documents/OpenHikes/OpenHikes/General/Diagnostics/FieldMetrics/FieldMetricsDigest+MetricKit.swift /Users/zsoraj/Documents/OpenHikes/OpenHikes/General/Diagnostics/FieldMetrics/FieldMetricsStore.swift /Users/zsoraj/Documents/OpenHikes/OpenHikes/General/Diagnostics/FieldMetrics/FieldSignpost.swift /Users/zsoraj/Documents/OpenHikes/OpenHikes/General/Diagnostics/FieldMetrics/SeededFieldMetricsFixture.swift /Users/zsoraj/Documents/OpenHikes/OpenHikes/General/Diagnostics/MainThreadWatchdog.swift /Users/zsoraj/Documents/OpenHikes/OpenHikes/General/Diagnostics/PerformanceCounterProbe.swift /Users/zsoraj/Documents/OpenHikes/OpenHikes/General/Diagnostics/PerformanceLog.swift /Users/zsoraj/Documents/OpenHikes/OpenHikes/General/Diagnostics/ProcessResourceSample.swift /Users/zsoraj/Documents/OpenHikes/OpenHikes/General/Diagnostics/RenderInstrumentation.swift /Users/zsoraj/Documents/OpenHikes/OpenHikes/General/Color+Hex.swift /Users/zsoraj/Documents/OpenHikes/OpenHikes/General/GlassButtonStyle.swift /Users/zsoraj/Documents/OpenHikes/OpenHikes/General/LiquidGlass.swift /Users/zsoraj/Documents/OpenHikes/OpenHikes/General/MainActorDelivery.swift /Users/zsoraj/Documents/OpenHikes/OpenHikes/General/PowerStateMonitor.swift /Users/zsoraj/Documents/OpenHikes/OpenHikes/General/TapTarget.swift /Users/zsoraj/Documents/OpenHikes/OpenHikes/Hikes/ElevationChartView.swift /Users/zsoraj/Documents/OpenHikes/OpenHikes/Hikes/GPXExport.swift /Users/zsoraj/Documents/OpenHikes/OpenHikes/Hikes/GPXImport.swift /Users/zsoraj/Documents/OpenHikes/OpenHikes/Hikes/GPXInbox.swift /Users/zsoraj/Documents/OpenHikes/OpenHikes/Hikes/Hike.swift /Users/zsoraj/Documents/OpenHikes/OpenHikes/Hikes/Hike+Presentation.swift /Users/zsoraj/Documents/OpenHikes/OpenHikes/Hikes/Hike+Statistics.swift /Users/zsoraj/Documents/OpenHikes/OpenHikes/Hikes/Hike+TrailBreakdowns.swift /Users/zsoraj/Documents/OpenHikes/OpenHikes/Hikes/HikeAutoFollow.swift /Users/zsoraj/Documents/OpenHikes/OpenHikes/Hikes/HikeDetailComponents.swift /Users/zsoraj/Documents/OpenHikes/OpenHikes/Hikes/HikeDetailView.swift /Users/zsoraj/Documents/OpenHikes/OpenHikes/Hikes/HikeDetailView+OfflineStorage.swift /Users/zsoraj/Documents/OpenHikes/OpenHikes/Hikes/HikeDifficultySection.swift /Users/zsoraj/Documents/OpenHikes/OpenHikes/Hikes/HikeFormat.swift /Users/zsoraj/Documents/OpenHikes/OpenHikes/Hikes/HikeRow.swift /Users/zsoraj/Documents/OpenHikes/OpenHikes/Hikes/HikeStatsViews.swift /Users/zsoraj/Documents/OpenHikes/OpenHikes/Hikes/HikeSupportingTypes.swift /Users/zsoraj/Documents/OpenHikes/OpenHikes/Hikes/HikeSurfaceSection.swift /Users/zsoraj/Documents/OpenHikes/OpenHikes/Hikes/HikeTrailAnalysis.swift /Users/zsoraj/Documents/OpenHikes/OpenHikes/Hikes/RouteInference.swift /Users/zsoraj/Documents/OpenHikes/OpenHikes/Hikes/RouteLinePatternPicker.swift /Users/zsoraj/Documents/OpenHikes/OpenHikes/Hikes/RouteProfile.swift /Users/zsoraj/Documents/OpenHikes/OpenHikes/Hikes/TrailDifficulty.swift /Users/zsoraj/Documents/OpenHikes/OpenHikes/Hikes/TrailDifficultyBreakdown.swift /Users/zsoraj/Documents/OpenHikes/OpenHikes/Hikes/TrailSurface.swift /Users/zsoraj/Documents/OpenHikes/OpenHikes/Hikes/TrailSurfaceBreakdown.swift /Users/zsoraj/Documents/OpenHikes/OpenHikes/Map/Location/BackgroundTrailTracker.swift /Users/zsoraj/Documents/OpenHikes/OpenHikes/Map/Location/LocationManager.swift /Users/zsoraj/Documents/OpenHikes/OpenHikes/Map/Rendering/DirectionalPolylineRenderer.swift /Users/zsoraj/Documents/OpenHikes/OpenHikes/Map/Rendering/RouteLinePattern.swift /Users/zsoraj/Documents/OpenHikes/OpenHikes/Map/Rendering/TrailBasemapRenderer.swift /Users/zsoraj/Documents/OpenHikes/OpenHikes/Map/Search/HikeSearch.swift /Users/zsoraj/Documents/OpenHikes/OpenHikes/Map/Search/SearchCompleter.swift /Users/zsoraj/Documents/OpenHikes/OpenHikes/Map/Search/SearchFailure.swift /Users/zsoraj/Documents/OpenHikes/OpenHikes/Map/DisplayedRoute.swift /Users/zsoraj/Documents/OpenHikes/OpenHikes/Map/MapCoordinator.swift /Users/zsoraj/Documents/OpenHikes/OpenHikes/Map/MapCoordinator+Highlight.swift /Users/zsoraj/Documents/OpenHikes/OpenHikes/Map/MapCoordinator+TrackingButton.swift /Users/zsoraj/Documents/OpenHikes/OpenHikes/Map/MapSheet.swift /Users/zsoraj/Documents/OpenHikes/OpenHikes/Map/MapSheetHikes.swift /Users/zsoraj/Documents/OpenHikes/OpenHikes/Map/MapState.swift /Users/zsoraj/Documents/OpenHikes/OpenHikes/Map/MapView.swift /Users/zsoraj/Documents/OpenHikes/OpenHikes/Map/TopEdgeReader.swift /Users/zsoraj/Documents/OpenHikes/OpenHikes/Photos/CameraPicker.swift /Users/zsoraj/Documents/OpenHikes/OpenHikes/Photos/HikePhoto.swift /Users/zsoraj/Documents/OpenHikes/OpenHikes/Photos/HikePhotoImage.swift /Users/zsoraj/Documents/OpenHikes/OpenHikes/Photos/HikePhotoImport.swift /Users/zsoraj/Documents/OpenHikes/OpenHikes/Photos/HikePhotoSection.swift /Users/zsoraj/Documents/OpenHikes/OpenHikes/Photos/HikePhotoStore.swift /Users/zsoraj/Documents/OpenHikes/OpenHikes/Photos/HikePhotoTimeline.swift /Users/zsoraj/Documents/OpenHikes/OpenHikes/Photos/HikePhotoViewer.swift /Users/zsoraj/Documents/OpenHikes/OpenHikes/Photos/LibraryPhotoMatch.swift /Users/zsoraj/Documents/OpenHikes/OpenHikes/Photos/MapPhotoAnnotations.swift /Users/zsoraj/Documents/OpenHikes/OpenHikes/Photos/MapPhotoControls.swift /Users/zsoraj/Documents/OpenHikes/OpenHikes/Photos/PhotoCaptureController.swift /Users/zsoraj/Documents/OpenHikes/OpenHikes/Photos/PhotoCapturePresentation.swift /Users/zsoraj/Documents/OpenHikes/OpenHikes/Photos/PhotoCaptureSubject.swift /Users/zsoraj/Documents/OpenHikes/OpenHikes/Photos/PhotoDiscoveryController.swift /Users/zsoraj/Documents/OpenHikes/OpenHikes/Photos/PhotoDiscoverySheet.swift /Users/zsoraj/Documents/OpenHikes/OpenHikes/Photos/PhotoLibraryReader.swift /Users/zsoraj/Documents/OpenHikes/OpenHikes/Photos/PhotoLibrarySource.swift /Users/zsoraj/Documents/OpenHikes/OpenHikes/Photos/PhotoLibraryWriter.swift /Users/zsoraj/Documents/OpenHikes/OpenHikes/Photos/PhotoMapPin.swift /Users/zsoraj/Documents/OpenHikes/OpenHikes/Photos/PhotoTrailAnchor.swift /Users/zsoraj/Documents/OpenHikes/OpenHikes/Photos/SeededPhotoFixture.swift /Users/zsoraj/Documents/OpenHikes/OpenHikes/Purchases/MapEntitlement.swift /Users/zsoraj/Documents/OpenHikes/OpenHikes/Purchases/MapEntitlementStore.swift /Users/zsoraj/Documents/OpenHikes/OpenHikes/Purchases/MapPaywallView.swift /Users/zsoraj/Documents/OpenHikes/OpenHikes/Purchases/MapPurchaseLinks.swift /Users/zsoraj/Documents/OpenHikes/OpenHikes/Purchases/MapSubscriptionTerms.swift /Users/zsoraj/Documents/OpenHikes/OpenHikes/Recording/BundledTrailGraphProvider.swift /Users/zsoraj/Documents/OpenHikes/OpenHikes/Recording/HikeRecorder.swift /Users/zsoraj/Documents/OpenHikes/OpenHikes/Recording/HikeRecorder+Energy.swift /Users/zsoraj/Documents/OpenHikes/OpenHikes/Recording/HikeRecorder+Helpers.swift /Users/zsoraj/Documents/OpenHikes/OpenHikes/Recording/HikeRecorder+Lifecycle.swift /Users/zsoraj/Documents/OpenHikes/OpenHikes/Recording/HikeRecorder+Persistence.swift /Users/zsoraj/Documents/OpenHikes/OpenHikes/Recording/HikeRecorder+State.swift /Users/zsoraj/Documents/OpenHikes/OpenHikes/Recording/OverpassDecodable.swift /Users/zsoraj/Documents/OpenHikes/OpenHikes/Recording/OverpassTrailGraphDecoding.swift /Users/zsoraj/Documents/OpenHikes/OpenHikes/Recording/OverpassTrailGraphProvider.swift /Users/zsoraj/Documents/OpenHikes/OpenHikes/Recording/RecordingDistanceAccumulator.swift /Users/zsoraj/Documents/OpenHikes/OpenHikes/Recording/RecordingEnergyPolicy.swift /Users/zsoraj/Documents/OpenHikes/OpenHikes/Recording/RecordingModels.swift /Users/zsoraj/Documents/OpenHikes/OpenHikes/Recording/RecordingObservables.swift /Users/zsoraj/Documents/OpenHikes/OpenHikes/Recording/RecordingPreparation.swift /Users/zsoraj/Documents/OpenHikes/OpenHikes/Recording/RecordingRouteReviewControls.swift /Users/zsoraj/Documents/OpenHikes/OpenHikes/Recording/RecordingSensors.swift /Users/zsoraj/Documents/OpenHikes/OpenHikes/Recording/RecordingSharedStateStore.swift /Users/zsoraj/Documents/OpenHikes/OpenHikes/Recording/RecordingView.swift /Users/zsoraj/Documents/OpenHikes/OpenHikes/Recording/RouteReviewSection.swift /Users/zsoraj/Documents/OpenHikes/OpenHikes/Recording/SerialAsyncQueue.swift /Users/zsoraj/Documents/OpenHikes/OpenHikes/Recording/TrackJournal.swift /Users/zsoraj/Documents/OpenHikes/OpenHikes/Recording/TrailGraph.swift /Users/zsoraj/Documents/OpenHikes/OpenHikes/Recording/TrailGraphCorridor.swift /Users/zsoraj/Documents/OpenHikes/OpenHikes/Recording/TrailMatcher.swift /Users/zsoraj/Documents/OpenHikes/OpenHikes/Recording/TrailMatcher+Interpolation.swift /Users/zsoraj/Documents/OpenHikes/OpenHikes/Recording/TrailMatcher+Scoring.swift /Users/zsoraj/Documents/OpenHikes/OpenHikes/Recording/TrailMatcherGraphIndex.swift /Users/zsoraj/Documents/OpenHikes/OpenHikes/Recording/TrailMatcherGraphIndex+EdgeGrid.swift /Users/zsoraj/Documents/OpenHikes/OpenHikes/Recording/TrailMatcherGraphIndex+Routing.swift /Users/zsoraj/Documents/OpenHikes/OpenHikes/Recording/TrailMatcherLegs.swift /Users/zsoraj/Documents/OpenHikes/OpenHikes/Recording/TrailMatcherModels.swift /Users/zsoraj/Documents/OpenHikes/OpenHikes/Settings/CloudSyncSection.swift /Users/zsoraj/Documents/OpenHikes/OpenHikes/Settings/FieldMetricsFormat.swift /Users/zsoraj/Documents/OpenHikes/OpenHikes/Settings/FieldMetricsSection.swift /Users/zsoraj/Documents/OpenHikes/OpenHikes/Settings/SettingsView.swift /Users/zsoraj/Documents/OpenHikes/OpenHikes/Sync/CloudSyncCoordinator.swift /Users/zsoraj/Documents/OpenHikes/OpenHikes/Sync/CloudSyncFailure.swift /Users/zsoraj/Documents/OpenHikes/OpenHikes/Sync/CloudSyncSchema.swift /Users/zsoraj/Documents/OpenHikes/OpenHikes/Sync/CloudSyncStateStore.swift /Users/zsoraj/Documents/OpenHikes/OpenHikes/Sync/CloudSyncStatus.swift /Users/zsoraj/Documents/OpenHikes/OpenHikes/Sync/HikeCloudRecord.swift /Users/zsoraj/Documents/OpenHikes/OpenHikes/Sync/HikeSyncApplier.swift /Users/zsoraj/Documents/OpenHikes/OpenHikes/Sync/HikeSyncEngine.swift /Users/zsoraj/Documents/OpenHikes/OpenHikes/Sync/HikeSyncEngine+Delegate.swift /Users/zsoraj/Documents/OpenHikes/OpenHikes/Sync/HikeSyncPayload.swift /Users/zsoraj/Documents/OpenHikes/OpenHikes/Sync/RouteArchive.swift /Users/zsoraj/Documents/OpenHikes/OpenHikes/Sync/SyncedSettings.swift /Users/zsoraj/Documents/OpenHikes/OpenHikes/Tiles/AutoSave/AutoSaveController.swift /Users/zsoraj/Documents/OpenHikes/OpenHikes/Tiles/AutoSave/AutoSaveTileStore.swift /Users/zsoraj/Documents/OpenHikes/OpenHikes/Tiles/Cache/TileCache.swift /Users/zsoraj/Documents/OpenHikes/OpenHikes/Tiles/Cache/TileCache+DurableQuota.swift /Users/zsoraj/Documents/OpenHikes/OpenHikes/Tiles/Cache/TileCache+FileHelpers.swift /Users/zsoraj/Documents/OpenHikes/OpenHikes/Tiles/Cache/TileCache+MutationVersions.swift /Users/zsoraj/Documents/OpenHikes/OpenHikes/Tiles/Cache/TileCache+Network.swift /Users/zsoraj/Documents/OpenHikes/OpenHikes/Tiles/Cache/TileCache+StorageManagement.swift /Users/zsoraj/Documents/OpenHikes/OpenHikes/Tiles/Cache/TileFailureLog.swift /Users/zsoraj/Documents/OpenHikes/OpenHikes/Tiles/Cache/TileLoadGate.swift /Users/zsoraj/Documents/OpenHikes/OpenHikes/Tiles/Cache/TileOwnership.swift /Users/zsoraj/Documents/OpenHikes/OpenHikes/Tiles/Offline/OfflineStorageAlerts.swift /Users/zsoraj/Documents/OpenHikes/OpenHikes/Tiles/Offline/OfflineTileDownloader.swift /Users/zsoraj/Documents/OpenHikes/OpenHikes/Tiles/Offline/OfflineTileDownloader+Planning.swift /Users/zsoraj/Documents/OpenHikes/OpenHikes/Tiles/Offline/OfflineTileDownloader+Quota.swift /Users/zsoraj/Documents/OpenHikes/OpenHikes/Tiles/Rendering/CachingTileOverlayRenderer.swift /Users/zsoraj/Documents/OpenHikes/OpenHikes/Tiles/Rendering/TileOverlay.swift /Users/zsoraj/Documents/OpenHikes/OpenHikes/Tiles/MapAttributionView.swift /Users/zsoraj/Documents/OpenHikes/OpenHikes/Tiles/SlippyTileMath.swift /Users/zsoraj/Documents/OpenHikes/OpenHikes/Tiles/TileAttribution.swift /Users/zsoraj/Documents/OpenHikes/OpenHikes/Tiles/TileAttributionView.swift /Users/zsoraj/Documents/OpenHikes/OpenHikes/Tiles/TileCacheKey.swift /Users/zsoraj/Documents/OpenHikes/OpenHikes/Tiles/TileCorridor.swift /Users/zsoraj/Documents/OpenHikes/OpenHikes/Tiles/TileNetworkPolicy.swift /Users/zsoraj/Documents/OpenHikes/OpenHikes/Tiles/TileProvider.swift /Users/zsoraj/Documents/OpenHikes/OpenHikes/Weather/WeatherManager.swift

Process build tool plug-in results

CreateBuildRequest

SendProjectDescription

CreateBuildOperation

ComputeTargetDependencyGraph
note: Building targets in dependency order
note: Target dependency graph (22 targets)
    Target 'OpenHikesUITests' in project 'OpenHikes'
        ➜ Explicit dependency on target 'OpenHikes' in project 'OpenHikes'
    Target 'OpenHikes' in project 'OpenHikes'
        ➜ Explicit dependency on target 'SwiftLintBuildToolPlugin' in project 'SwiftLintPlugins'
        ➜ Explicit dependency on target 'OpenWidgetExtension' in project 'OpenHikes'
        ➜ Explicit dependency on target 'AsyncAlgorithms' in project 'swift-async-algorithms'
        ➜ Explicit dependency on target 'Algorithms' in project 'swift-algorithms'
        ➜ Explicit dependency on target 'DequeModule' in project 'swift-collections'
        ➜ Explicit dependency on target 'HeapModule' in project 'swift-collections'
        ➜ Explicit dependency on target 'OrderedCollections' in project 'swift-collections'
        ➜ Explicit dependency on target 'OpenHikesShared' in project 'OpenHikesShared'
    Target 'HeapModule' in project 'swift-collections'
        ➜ Explicit dependency on target 'HeapModule' in project 'swift-collections'
        ➜ Explicit dependency on target 'InternalCollectionsUtilities' in project 'swift-collections'
    Target 'HeapModule' in project 'swift-collections'
        ➜ Explicit dependency on target 'InternalCollectionsUtilities' in project 'swift-collections'
    Target 'Algorithms' in project 'swift-algorithms'
        ➜ Explicit dependency on target 'Algorithms' in project 'swift-algorithms'
        ➜ Explicit dependency on target 'RealModule' in project 'swift-numerics'
    Target 'Algorithms' in project 'swift-algorithms'
        ➜ Explicit dependency on target 'RealModule' in project 'swift-numerics'
    Target 'RealModule' in project 'swift-numerics'
        ➜ Explicit dependency on target 'RealModule' in project 'swift-numerics'
        ➜ Explicit dependency on target '_NumericsShims' in project 'swift-numerics'
    Target 'RealModule' in project 'swift-numerics'
        ➜ Explicit dependency on target '_NumericsShims' in project 'swift-numerics'
    Target '_NumericsShims' in project 'swift-numerics' (no dependencies)
    Target 'AsyncAlgorithms' in project 'swift-async-algorithms'
        ➜ Explicit dependency on target 'AsyncAlgorithms' in project 'swift-async-algorithms'
        ➜ Explicit dependency on target 'OrderedCollections' in project 'swift-collections'
        ➜ Explicit dependency on target 'DequeModule' in project 'swift-collections'
    Target 'AsyncAlgorithms' in project 'swift-async-algorithms'
        ➜ Explicit dependency on target 'OrderedCollections' in project 'swift-collections'
        ➜ Explicit dependency on target 'DequeModule' in project 'swift-collections'
    Target 'DequeModule' in project 'swift-collections'
        ➜ Explicit dependency on target 'DequeModule' in project 'swift-collections'
        ➜ Explicit dependency on target 'InternalCollectionsUtilities' in project 'swift-collections'
        ➜ Explicit dependency on target 'ContainersPreview' in project 'swift-collections'
    Target 'DequeModule' in project 'swift-collections'
        ➜ Explicit dependency on target 'InternalCollectionsUtilities' in project 'swift-collections'
        ➜ Explicit dependency on target 'ContainersPreview' in project 'swift-collections'
    Target 'ContainersPreview' in project 'swift-collections'
        ➜ Explicit dependency on target 'InternalCollectionsUtilities' in project 'swift-collections'
    Target 'OrderedCollections' in project 'swift-collections'
        ➜ Explicit dependency on target 'OrderedCollections' in project 'swift-collections'
        ➜ Explicit dependency on target 'InternalCollectionsUtilities' in project 'swift-collections'
    Target 'OrderedCollections' in project 'swift-collections'
        ➜ Explicit dependency on target 'InternalCollectionsUtilities' in project 'swift-collections'
    Target 'InternalCollectionsUtilities' in project 'swift-collections' (no dependencies)
    Target 'OpenWidgetExtension' in project 'OpenHikes'
        ➜ Explicit dependency on target 'SwiftLintBuildToolPlugin' in project 'SwiftLintPlugins'
        ➜ Explicit dependency on target 'OpenHikesShared' in project 'OpenHikesShared'
    Target 'OpenHikesShared' in project 'OpenHikesShared'
        ➜ Explicit dependency on target 'OpenHikesShared' in project 'OpenHikesShared'
    Target 'OpenHikesShared' in project 'OpenHikesShared' (no dependencies)
    Target 'SwiftLintBuildToolPlugin' in project 'SwiftLintPlugins'
        ➜ Explicit dependency on target 'SwiftLintBuildToolPlugin' in project 'SwiftLintPlugins'
    Target 'SwiftLintBuildToolPlugin' in project 'SwiftLintPlugins' (no dependencies)

GatherProvisioningInputs

CreateBuildDescription

ExecuteExternalTool /Applications/Xcode.app/Contents/Developer/Toolchains/XcodeDefault.xctoolchain/usr/bin/swiftc --version

ExecuteExternalTool /Applications/Xcode.app/Contents/Developer/usr/bin/actool --version --output-format xml1

ExecuteExternalTool /Applications/Xcode.app/Contents/Developer/Toolchains/XcodeDefault.xctoolchain/usr/bin/clang -v -E -dM -arch arm64 -isysroot /Applications/Xcode.app/Contents/Developer/Platforms/iPhoneSimulator.platform/Developer/SDKs/iPhoneSimulator26.5.sdk -x c -c /dev/null

ExecuteExternalTool /Applications/Xcode.app/Contents/Developer/Toolchains/XcodeDefault.xctoolchain/usr/bin/clang -v -E -dM -isysroot /Applications/Xcode.app/Contents/Developer/Platforms/MacOSX.platform/Developer/SDKs/MacOSX26.5.sdk -x c -c /dev/null

ExecuteExternalTool /Applications/Xcode.app/Contents/Developer/usr/bin/actool --print-asset-tag-combinations --output-format xml1 /Users/zsoraj/Documents/OpenHikes/OpenHikes/Assets.xcassets

ExecuteExternalTool /Applications/Xcode.app/Contents/Developer/Toolchains/XcodeDefault.xctoolchain/usr/bin/clang -v -E -dM -isysroot /Applications/Xcode.app/Contents/Developer/Platforms/iPhoneSimulator.platform/Developer/SDKs/iPhoneSimulator26.5.sdk -x c -c /dev/null

ExecuteExternalTool /Applications/Xcode.app/Contents/Developer/Toolchains/XcodeDefault.xctoolchain/usr/bin/ld -version_details

ReadFileContents /Applications/Xcode.app/Contents/Developer/Toolchains/XcodeDefault.xctoolchain/usr/share/docc/features.json

Build description signature: 388c160a6421f63575e3e83f83e7a76d
Build description path: /Users/zsoraj/Library/Developer/Xcode/DerivedData/OpenHikes-dsjbwflghsqoduenorzlwghaliyw/Build/Intermediates.noindex/XCBuildData/388c160a6421f63575e3e83f83e7a76d.xcbuilddata
ClangStatCache /Applications/Xcode.app/Contents/Developer/Toolchains/XcodeDefault.xctoolchain/usr/bin/clang-stat-cache /Applications/Xcode.app/Contents/Developer/Platforms/iPhoneSimulator.platform/Developer/SDKs/iPhoneSimulator26.5.sdk /Users/zsoraj/Library/Developer/Xcode/DerivedData/SDKStatCaches.noindex/iphonesimulator26.5-23F81a-6cfe768891a92b912361537c460fe42b.sdkstatcache
    cd /Users/zsoraj/Documents/OpenHikes/OpenHikes.xcodeproj
    /Applications/Xcode.app/Contents/Developer/Toolchains/XcodeDefault.xctoolchain/usr/bin/clang-stat-cache /Applications/Xcode.app/Contents/Developer/Platforms/iPhoneSimulator.platform/Developer/SDKs/iPhoneSimulator26.5.sdk -o /Users/zsoraj/Library/Developer/Xcode/DerivedData/SDKStatCaches.noindex/iphonesimulator26.5-23F81a-6cfe768891a92b912361537c460fe42b.sdkstatcache

WriteAuxiliaryFile /Users/zsoraj/Library/Developer/Xcode/DerivedData/OpenHikes-dsjbwflghsqoduenorzlwghaliyw/Build/Intermediates.noindex/OpenHikes.build/Debug-iphonesimulator/OpenHikesUITests.build/OpenHikesUITests.DependencyMetadataFileList (in target 'OpenHikesUITests' from project 'OpenHikes')
    cd /Users/zsoraj/Documents/OpenHikes
    write-file /Users/zsoraj/Library/Developer/Xcode/DerivedData/OpenHikes-dsjbwflghsqoduenorzlwghaliyw/Build/Intermediates.noindex/OpenHikes.build/Debug-iphonesimulator/OpenHikesUITests.build/OpenHikesUITests.DependencyMetadataFileList

ProcessProductPackaging /Users/zsoraj/Documents/OpenHikes/OpenWidgetExtension.entitlements /Users/zsoraj/Library/Developer/Xcode/DerivedData/OpenHikes-dsjbwflghsqoduenorzlwghaliyw/Build/Intermediates.noindex/OpenHikes.build/Debug-iphonesimulator/OpenWidgetExtension.build/OpenWidgetExtension.appex.xcent (in target 'OpenWidgetExtension' from project 'OpenHikes')
    cd /Users/zsoraj/Documents/OpenHikes
    
    Entitlements:
    
    {
}
    
    builtin-productPackagingUtility /Users/zsoraj/Documents/OpenHikes/OpenWidgetExtension.entitlements -entitlements -format xml -o /Users/zsoraj/Library/Developer/Xcode/DerivedData/OpenHikes-dsjbwflghsqoduenorzlwghaliyw/Build/Intermediates.noindex/OpenHikes.build/Debug-iphonesimulator/OpenWidgetExtension.build/OpenWidgetExtension.appex.xcent

ProcessProductPackaging /Users/zsoraj/Documents/OpenHikes/OpenWidgetExtension.entitlements /Users/zsoraj/Library/Developer/Xcode/DerivedData/OpenHikes-dsjbwflghsqoduenorzlwghaliyw/Build/Intermediates.noindex/OpenHikes.build/Debug-iphonesimulator/OpenWidgetExtension.build/OpenWidgetExtension.appex-Simulated.xcent (in target 'OpenWidgetExtension' from project 'OpenHikes')
    cd /Users/zsoraj/Documents/OpenHikes
    
    Entitlements:
    
    {
    "application-identifier" = "697EW27G9U.tappium.com.OpenHikes.OpenWidget";
    "com.apple.security.application-groups" =     (
        "group.tappium.com.OpenHikes"
    );
}
    
    builtin-productPackagingUtility /Users/zsoraj/Documents/OpenHikes/OpenWidgetExtension.entitlements -entitlements -format xml -o /Users/zsoraj/Library/Developer/Xcode/DerivedData/OpenHikes-dsjbwflghsqoduenorzlwghaliyw/Build/Intermediates.noindex/OpenHikes.build/Debug-iphonesimulator/OpenWidgetExtension.build/OpenWidgetExtension.appex-Simulated.xcent

ProcessProductPackagingDER /Users/zsoraj/Library/Developer/Xcode/DerivedData/OpenHikes-dsjbwflghsqoduenorzlwghaliyw/Build/Intermediates.noindex/OpenHikes.build/Debug-iphonesimulator/OpenWidgetExtension.build/OpenWidgetExtension.appex.xcent /Users/zsoraj/Library/Developer/Xcode/DerivedData/OpenHikes-dsjbwflghsqoduenorzlwghaliyw/Build/Intermediates.noindex/OpenHikes.build/Debug-iphonesimulator/OpenWidgetExtension.build/OpenWidgetExtension.appex.xcent.der (in target 'OpenWidgetExtension' from project 'OpenHikes')
    cd /Users/zsoraj/Documents/OpenHikes
    /usr/bin/derq query -f xml -i /Users/zsoraj/Library/Developer/Xcode/DerivedData/OpenHikes-dsjbwflghsqoduenorzlwghaliyw/Build/Intermediates.noindex/OpenHikes.build/Debug-iphonesimulator/OpenWidgetExtension.build/OpenWidgetExtension.appex.xcent -o /Users/zsoraj/Library/Developer/Xcode/DerivedData/OpenHikes-dsjbwflghsqoduenorzlwghaliyw/Build/Intermediates.noindex/OpenHikes.build/Debug-iphonesimulator/OpenWidgetExtension.build/OpenWidgetExtension.appex.xcent.der --raw

ProcessProductPackagingDER /Users/zsoraj/Library/Developer/Xcode/DerivedData/OpenHikes-dsjbwflghsqoduenorzlwghaliyw/Build/Intermediates.noindex/OpenHikes.build/Debug-iphonesimulator/OpenWidgetExtension.build/OpenWidgetExtension.appex-Simulated.xcent /Users/zsoraj/Library/Developer/Xcode/DerivedData/OpenHikes-dsjbwflghsqoduenorzlwghaliyw/Build/Intermediates.noindex/OpenHikes.build/Debug-iphonesimulator/OpenWidgetExtension.build/OpenWidgetExtension.appex-Simulated.xcent.der (in target 'OpenWidgetExtension' from project 'OpenHikes')
    cd /Users/zsoraj/Documents/OpenHikes
    /usr/bin/derq query -f xml -i /Users/zsoraj/Library/Developer/Xcode/DerivedData/OpenHikes-dsjbwflghsqoduenorzlwghaliyw/Build/Intermediates.noindex/OpenHikes.build/Debug-iphonesimulator/OpenWidgetExtension.build/OpenWidgetExtension.appex-Simulated.xcent -o /Users/zsoraj/Library/Developer/Xcode/DerivedData/OpenHikes-dsjbwflghsqoduenorzlwghaliyw/Build/Intermediates.noindex/OpenHikes.build/Debug-iphonesimulator/OpenWidgetExtension.build/OpenWidgetExtension.appex-Simulated.xcent.der --raw

note: Disabling hardened runtime with ad-hoc codesigning. (in target 'OpenHikes' from project 'OpenHikes')
ProcessProductPackaging /Users/zsoraj/Documents/OpenHikes/OpenHikes/OpenHikes.entitlements /Users/zsoraj/Library/Developer/Xcode/DerivedData/OpenHikes-dsjbwflghsqoduenorzlwghaliyw/Build/Intermediates.noindex/OpenHikes.build/Debug-iphonesimulator/OpenHikes.build/OpenHikes.app.xcent (in target 'OpenHikes' from project 'OpenHikes')
    cd /Users/zsoraj/Documents/OpenHikes
    
    Entitlements:
    
    {
}
    
    builtin-productPackagingUtility /Users/zsoraj/Documents/OpenHikes/OpenHikes/OpenHikes.entitlements -entitlements -format xml -o /Users/zsoraj/Library/Developer/Xcode/DerivedData/OpenHikes-dsjbwflghsqoduenorzlwghaliyw/Build/Intermediates.noindex/OpenHikes.build/Debug-iphonesimulator/OpenHikes.build/OpenHikes.app.xcent

Ld /Users/zsoraj/Library/Developer/Xcode/DerivedData/OpenHikes-dsjbwflghsqoduenorzlwghaliyw/Build/Products/Debug-iphonesimulator/OpenWidgetExtension.appex/OpenWidgetExtension.debug.dylib normal (in target 'OpenWidgetExtension' from project 'OpenHikes')
    cd /Users/zsoraj/Documents/OpenHikes
    /Applications/Xcode.app/Contents/Developer/Toolchains/XcodeDefault.xctoolchain/usr/bin/clang -Xlinker -reproducible -target arm64-apple-ios26.5-simulator -dynamiclib -isysroot /Applications/Xcode.app/Contents/Developer/Platforms/iPhoneSimulator.platform/Developer/SDKs/iPhoneSimulator26.5.sdk -O0 -L/Users/zsoraj/Library/Developer/Xcode/DerivedData/OpenHikes-dsjbwflghsqoduenorzlwghaliyw/Build/Intermediates.noindex/EagerLinkingTBDs/Debug-iphonesimulator -L/Users/zsoraj/Library/Developer/Xcode/DerivedData/OpenHikes-dsjbwflghsqoduenorzlwghaliyw/Build/Products/Debug-iphonesimulator -F/Users/zsoraj/Library/Developer/Xcode/DerivedData/OpenHikes-dsjbwflghsqoduenorzlwghaliyw/Build/Intermediates.noindex/EagerLinkingTBDs/Debug-iphonesimulator -F/Users/zsoraj/Library/Developer/Xcode/DerivedData/OpenHikes-dsjbwflghsqoduenorzlwghaliyw/Build/Products/Debug-iphonesimulator/PackageFrameworks -F/Users/zsoraj/Library/Developer/Xcode/DerivedData/OpenHikes-dsjbwflghsqoduenorzlwghaliyw/Build/Products/Debug-iphonesimulator -filelist /Users/zsoraj/Library/Developer/Xcode/DerivedData/OpenHikes-dsjbwflghsqoduenorzlwghaliyw/Build/Intermediates.noindex/OpenHikes.build/Debug-iphonesimulator/OpenWidgetExtension.build/Objects-normal/arm64/OpenWidgetExtension.LinkFileList -install_name @rpath/OpenWidgetExtension.debug.dylib -Xlinker -rpath -Xlinker /Users/zsoraj/Library/Developer/Xcode/DerivedData/OpenHikes-dsjbwflghsqoduenorzlwghaliyw/Build/Products/Debug-iphonesimulator/PackageFrameworks -Xlinker -rpath -Xlinker @executable_path/Frameworks -Xlinker -rpath -Xlinker @executable_path/../../Frameworks -Xlinker -dead_strip -Xlinker -object_path_lto -Xlinker /Users/zsoraj/Library/Developer/Xcode/DerivedData/OpenHikes-dsjbwflghsqoduenorzlwghaliyw/Build/Intermediates.noindex/OpenHikes.build/Debug-iphonesimulator/OpenWidgetExtension.build/Objects-normal/arm64/OpenWidgetExtension_lto.o -rdynamic -Xlinker -no_deduplicate -Xlinker -objc_abi_version -Xlinker 2 -Xlinker -debug_variant -Xlinker -dependency_info -Xlinker /Users/zsoraj/Library/Developer/Xcode/DerivedData/OpenHikes-dsjbwflghsqoduenorzlwghaliyw/Build/Intermediates.noindex/OpenHikes.build/Debug-iphonesimulator/OpenWidgetExtension.build/Objects-normal/arm64/OpenWidgetExtension_dependency_info.dat -fapplication-extension -fobjc-link-runtime -fprofile-instr-generate -L/Applications/Xcode.app/Contents/Developer/Toolchains/XcodeDefault.xctoolchain/usr/lib/swift/iphonesimulator -L/usr/lib/swift -Xlinker -add_ast_path -Xlinker /Users/zsoraj/Library/Developer/Xcode/DerivedData/OpenHikes-dsjbwflghsqoduenorzlwghaliyw/Build/Intermediates.noindex/OpenHikes.build/Debug-iphonesimulator/OpenWidgetExtension.build/Objects-normal/arm64/OpenWidgetExtension.swiftmodule @/Users/zsoraj/Library/Developer/Xcode/DerivedData/OpenHikes-dsjbwflghsqoduenorzlwghaliyw/Build/Intermediates.noindex/OpenHikes.build/Debug-iphonesimulator/OpenWidgetExtension.build/Objects-normal/arm64/OpenWidgetExtension-linker-args.resp -Wl,-no_warn_duplicate_libraries -Xlinker -alias -Xlinker _NSExtensionMain -Xlinker ___debug_main_executable_dylib_entry_point -framework SwiftUI -framework WidgetKit -Xlinker -no_adhoc_codesign -o /Users/zsoraj/Library/Developer/Xcode/DerivedData/OpenHikes-dsjbwflghsqoduenorzlwghaliyw/Build/Products/Debug-iphonesimulator/OpenWidgetExtension.appex/OpenWidgetExtension.debug.dylib -Xlinker -add_ast_path -Xlinker /Users/zsoraj/Library/Developer/Xcode/DerivedData/OpenHikes-dsjbwflghsqoduenorzlwghaliyw/Build/Intermediates.noindex/OpenHikesShared.build/Debug-iphonesimulator/OpenHikesShared.build/Objects-normal/arm64/OpenHikesShared.swiftmodule @/Users/zsoraj/Library/Developer/Xcode/DerivedData/OpenHikes-dsjbwflghsqoduenorzlwghaliyw/Build/Intermediates.noindex/OpenHikesShared.build/Debug-iphonesimulator/OpenHikesShared.build/Objects-normal/arm64/OpenHikesShared-linker-args.resp

ProcessProductPackaging /Users/zsoraj/Documents/OpenHikes/OpenHikes/OpenHikes.entitlements /Users/zsoraj/Library/Developer/Xcode/DerivedData/OpenHikes-dsjbwflghsqoduenorzlwghaliyw/Build/Intermediates.noindex/OpenHikes.build/Debug-iphonesimulator/OpenHikes.build/OpenHikes.app-Simulated.xcent (in target 'OpenHikes' from project 'OpenHikes')
    cd /Users/zsoraj/Documents/OpenHikes
    
    Entitlements:
    
    {
    "application-identifier" = "697EW27G9U.tappium.com.OpenHikes";
    "aps-environment" = development;
    "com.apple.developer.icloud-container-identifiers" =     (
        "iCloud.tappium.com.OpenHikes"
    );
    "com.apple.developer.icloud-services" =     (
        CloudKit
    );
    "com.apple.developer.ubiquity-kvstore-identifier" = "697EW27G9U.tappium.com.OpenHikes";
    "com.apple.developer.weatherkit" = 1;
    "com.apple.security.application-groups" =     (
        "group.tappium.com.OpenHikes"
    );
}
    
    builtin-productPackagingUtility /Users/zsoraj/Documents/OpenHikes/OpenHikes/OpenHikes.entitlements -entitlements -format xml -o /Users/zsoraj/Library/Developer/Xcode/DerivedData/OpenHikes-dsjbwflghsqoduenorzlwghaliyw/Build/Intermediates.noindex/OpenHikes.build/Debug-iphonesimulator/OpenHikes.build/OpenHikes.app-Simulated.xcent

ProcessInfoPlistFile /Users/zsoraj/Library/Developer/Xcode/DerivedData/OpenHikes-dsjbwflghsqoduenorzlwghaliyw/Build/Products/Debug-iphonesimulator/OpenWidgetExtension.appex/Info.plist /Users/zsoraj/Documents/OpenHikes/OpenWidget/Info.plist (in target 'OpenWidgetExtension' from project 'OpenHikes')
    cd /Users/zsoraj/Documents/OpenHikes
    builtin-infoPlistUtility /Users/zsoraj/Documents/OpenHikes/OpenWidget/Info.plist -producttype com.apple.product-type.app-extension -expandbuildsettings -format binary -platform iphonesimulator -additionalcontentfile /Users/zsoraj/Library/Developer/Xcode/DerivedData/OpenHikes-dsjbwflghsqoduenorzlwghaliyw/Build/Intermediates.noindex/OpenHikes.build/Debug-iphonesimulator/OpenWidgetExtension.build/assetcatalog_generated_info.plist -o /Users/zsoraj/Library/Developer/Xcode/DerivedData/OpenHikes-dsjbwflghsqoduenorzlwghaliyw/Build/Products/Debug-iphonesimulator/OpenWidgetExtension.appex/Info.plist

ProcessProductPackagingDER /Users/zsoraj/Library/Developer/Xcode/DerivedData/OpenHikes-dsjbwflghsqoduenorzlwghaliyw/Build/Intermediates.noindex/OpenHikes.build/Debug-iphonesimulator/OpenHikes.build/OpenHikes.app.xcent /Users/zsoraj/Library/Developer/Xcode/DerivedData/OpenHikes-dsjbwflghsqoduenorzlwghaliyw/Build/Intermediates.noindex/OpenHikes.build/Debug-iphonesimulator/OpenHikes.build/OpenHikes.app.xcent.der (in target 'OpenHikes' from project 'OpenHikes')
    cd /Users/zsoraj/Documents/OpenHikes
    /usr/bin/derq query -f xml -i /Users/zsoraj/Library/Developer/Xcode/DerivedData/OpenHikes-dsjbwflghsqoduenorzlwghaliyw/Build/Intermediates.noindex/OpenHikes.build/Debug-iphonesimulator/OpenHikes.build/OpenHikes.app.xcent -o /Users/zsoraj/Library/Developer/Xcode/DerivedData/OpenHikes-dsjbwflghsqoduenorzlwghaliyw/Build/Intermediates.noindex/OpenHikes.build/Debug-iphonesimulator/OpenHikes.build/OpenHikes.app.xcent.der --raw

ProcessProductPackagingDER /Users/zsoraj/Library/Developer/Xcode/DerivedData/OpenHikes-dsjbwflghsqoduenorzlwghaliyw/Build/Intermediates.noindex/OpenHikes.build/Debug-iphonesimulator/OpenHikes.build/OpenHikes.app-Simulated.xcent /Users/zsoraj/Library/Developer/Xcode/DerivedData/OpenHikes-dsjbwflghsqoduenorzlwghaliyw/Build/Intermediates.noindex/OpenHikes.build/Debug-iphonesimulator/OpenHikes.build/OpenHikes.app-Simulated.xcent.der (in target 'OpenHikes' from project 'OpenHikes')
    cd /Users/zsoraj/Documents/OpenHikes
    /usr/bin/derq query -f xml -i /Users/zsoraj/Library/Developer/Xcode/DerivedData/OpenHikes-dsjbwflghsqoduenorzlwghaliyw/Build/Intermediates.noindex/OpenHikes.build/Debug-iphonesimulator/OpenHikes.build/OpenHikes.app-Simulated.xcent -o /Users/zsoraj/Library/Developer/Xcode/DerivedData/OpenHikes-dsjbwflghsqoduenorzlwghaliyw/Build/Intermediates.noindex/OpenHikes.build/Debug-iphonesimulator/OpenHikes.build/OpenHikes.app-Simulated.xcent.der --raw

SwiftDriver OpenHikesUITests normal arm64 com.apple.xcode.tools.swift.compiler (in target 'OpenHikesUITests' from project 'OpenHikes')
    cd /Users/zsoraj/Documents/OpenHikes
    builtin-SwiftDriver -- /Applications/Xcode.app/Contents/Developer/Toolchains/XcodeDefault.xctoolchain/usr/bin/swiftc -module-name OpenHikesUITests -Onone @/Users/zsoraj/Library/Developer/Xcode/DerivedData/OpenHikes-dsjbwflghsqoduenorzlwghaliyw/Build/Intermediates.noindex/OpenHikes.build/Debug-iphonesimulator/OpenHikesUITests.build/Objects-normal/arm64/OpenHikesUITests.SwiftFileList -DDEBUG -module-alias Testing\=_Testing_Unavailable -plugin-path /Applications/Xcode.app/Contents/Developer/Toolchains/XcodeDefault.xctoolchain/usr/lib/swift/host/plugins/testing -default-isolation\=MainActor -enable-upcoming-feature MemberImportVisibility -enable-upcoming-feature InferIsolatedConformances -enable-upcoming-feature NonisolatedNonsendingByDefault -enable-experimental-feature DebugDescriptionMacro -sdk /Applications/Xcode.app/Contents/Developer/Platforms/iPhoneSimulator.platform/Developer/SDKs/iPhoneSimulator26.5.sdk -target arm64-apple-ios26.5-simulator -g -module-cache-path /Users/zsoraj/Library/Developer/Xcode/DerivedData/ModuleCache.noindex -Xfrontend -serialize-debugging-options -profile-coverage-mapping -profile-generate -enable-testing -warnings-as-errors -index-store-path /Users/zsoraj/Library/Developer/Xcode/DerivedData/OpenHikes-dsjbwflghsqoduenorzlwghaliyw/Index.noindex/DataStore -Xcc -D_LIBCPP_HARDENING_MODE\=_LIBCPP_HARDENING_MODE_DEBUG -swift-version 6 -I /Users/zsoraj/Library/Developer/Xcode/DerivedData/OpenHikes-dsjbwflghsqoduenorzlwghaliyw/Build/Products/Debug-iphonesimulator -Isystem /Applications/Xcode.app/Contents/Developer/Platforms/iPhoneSimulator.platform/Developer/usr/lib -F /Users/zsoraj/Library/Developer/Xcode/DerivedData/OpenHikes-dsjbwflghsqoduenorzlwghaliyw/Build/Products/Debug-iphonesimulator -F /Applications/Xcode.app/Contents/Developer/Platforms/iPhoneSimulator.platform/Developer/Library/Frameworks -F /Applications/Xcode.app/Contents/Developer/Platforms/iPhoneSimulator.platform/Developer/SDKs/iPhoneSimulator26.5.sdk/Developer/Library/Frameworks -c -j14 -enable-batch-mode -incremental -Xcc -ivfsstatcache -Xcc /Users/zsoraj/Library/Developer/Xcode/DerivedData/SDKStatCaches.noindex/iphonesimulator26.5-23F81a-6cfe768891a92b912361537c460fe42b.sdkstatcache -output-file-map /Users/zsoraj/Library/Developer/Xcode/DerivedData/OpenHikes-dsjbwflghsqoduenorzlwghaliyw/Build/Intermediates.noindex/OpenHikes.build/Debug-iphonesimulator/OpenHikesUITests.build/Objects-normal/arm64/OpenHikesUITests-OutputFileMap.json -use-frontend-parseable-output -save-temps -no-color-diagnostics -explicit-module-build -module-cache-path /Users/zsoraj/Library/Developer/Xcode/DerivedData/OpenHikes-dsjbwflghsqoduenorzlwghaliyw/Build/Intermediates.noindex/SwiftExplicitPrecompiledModules -clang-scanner-module-cache-path /Users/zsoraj/Library/Developer/Xcode/DerivedData/ModuleCache.noindex -sdk-module-cache-path /Users/zsoraj/Library/Developer/Xcode/DerivedData/ModuleCache.noindex -serialize-diagnostics -emit-dependencies -emit-module -emit-module-path /Users/zsoraj/Library/Developer/Xcode/DerivedData/OpenHikes-dsjbwflghsqoduenorzlwghaliyw/Build/Intermediates.noindex/OpenHikes.build/Debug-iphonesimulator/OpenHikesUITests.build/Objects-normal/arm64/OpenHikesUITests.swiftmodule -validate-clang-modules-once -clang-build-session-file /Users/zsoraj/Library/Developer/Xcode/DerivedData/ModuleCache.noindex/Session.modulevalidation -Xcc -I/Users/zsoraj/Library/Developer/Xcode/DerivedData/OpenHikes-dsjbwflghsqoduenorzlwghaliyw/Build/Intermediates.noindex/OpenHikes.build/Debug-iphonesimulator/OpenHikesUITests.build/swift-overrides.hmap -emit-const-values -Xfrontend -const-gather-protocols-file -Xfrontend /Users/zsoraj/Library/Developer/Xcode/DerivedData/OpenHikes-dsjbwflghsqoduenorzlwghaliyw/Build/Intermediates.noindex/OpenHikes.build/Debug-iphonesimulator/OpenHikesUITests.build/Objects-normal/arm64/OpenHikesUITests_const_extract_protocols.json -Xcc -iquote -Xcc /Users/zsoraj/Library/Developer/Xcode/DerivedData/OpenHikes-dsjbwflghsqoduenorzlwghaliyw/Build/Intermediates.noindex/OpenHikes.build/Debug-iphonesimulator/OpenHikesUITests.build/OpenHikesUITests-generated-files.hmap -Xcc -I/Users/zsoraj/Library/Developer/Xcode/DerivedData/OpenHikes-dsjbwflghsqoduenorzlwghaliyw/Build/Intermediates.noindex/OpenHikes.build/Debug-iphonesimulator/OpenHikesUITests.build/OpenHikesUITests-own-target-headers.hmap -Xcc -I/Users/zsoraj/Library/Developer/Xcode/DerivedData/OpenHikes-dsjbwflghsqoduenorzlwghaliyw/Build/Intermediates.noindex/OpenHikes.build/Debug-iphonesimulator/OpenHikesUITests.build/OpenHikesUITests-all-non-framework-target-headers.hmap -Xcc -ivfsoverlay -Xcc /Users/zsoraj/Library/Developer/Xcode/DerivedData/OpenHikes-dsjbwflghsqoduenorzlwghaliyw/Build/Intermediates.noindex/OpenHikes.build/Debug-iphonesimulator/OpenHikes-c6e73af986a4027c91831fe8dc8ab7ae-VFS-iphonesimulator/all-product-headers.yaml -Xcc -iquote -Xcc /Users/zsoraj/Library/Developer/Xcode/DerivedData/OpenHikes-dsjbwflghsqoduenorzlwghaliyw/Build/Intermediates.noindex/OpenHikes.build/Debug-iphonesimulator/OpenHikesUITests.build/OpenHikesUITests-project-headers.hmap -Xcc -I/Users/zsoraj/Library/Developer/Xcode/DerivedData/OpenHikes-dsjbwflghsqoduenorzlwghaliyw/Build/Products/Debug-iphonesimulator/include -Xcc -I/Users/zsoraj/Library/Developer/Xcode/DerivedData/OpenHikes-dsjbwflghsqoduenorzlwghaliyw/Build/Intermediates.noindex/OpenHikes.build/Debug-iphonesimulator/OpenHikesUITests.build/DerivedSources-normal/arm64 -Xcc -I/Users/zsoraj/Library/Developer/Xcode/DerivedData/OpenHikes-dsjbwflghsqoduenorzlwghaliyw/Build/Intermediates.noindex/OpenHikes.build/Debug-iphonesimulator/OpenHikesUITests.build/DerivedSources/arm64 -Xcc -I/Users/zsoraj/Library/Developer/Xcode/DerivedData/OpenHikes-dsjbwflghsqoduenorzlwghaliyw/Build/Intermediates.noindex/OpenHikes.build/Debug-iphonesimulator/OpenHikesUITests.build/DerivedSources -Xcc -DDEBUG\=1 -emit-objc-header -emit-objc-header-path /Users/zsoraj/Library/Developer/Xcode/DerivedData/OpenHikes-dsjbwflghsqoduenorzlwghaliyw/Build/Intermediates.noindex/OpenHikes.build/Debug-iphonesimulator/OpenHikesUITests.build/Objects-normal/arm64/OpenHikesUITests-Swift.h -working-directory /Users/zsoraj/Documents/OpenHikes -experimental-emit-module-separately -disable-cmo

ConstructStubExecutorLinkFileList /Users/zsoraj/Library/Developer/Xcode/DerivedData/OpenHikes-dsjbwflghsqoduenorzlwghaliyw/Build/Intermediates.noindex/OpenHikes.build/Debug-iphonesimulator/OpenWidgetExtension.build/OpenWidgetExtension-ExecutorLinkFileList-normal-arm64.txt (in target 'OpenWidgetExtension' from project 'OpenHikes')
    cd /Users/zsoraj/Documents/OpenHikes
    construct-stub-executor-link-file-list /Users/zsoraj/Library/Developer/Xcode/DerivedData/OpenHikes-dsjbwflghsqoduenorzlwghaliyw/Build/Products/Debug-iphonesimulator/OpenWidgetExtension.appex/OpenWidgetExtension.debug.dylib /Applications/Xcode.app/Contents/Developer/Platforms/iPhoneSimulator.platform/Developer/usr/lib/libPreviewsJITStubExecutor_no_swift_entry_point.a /Applications/Xcode.app/Contents/Developer/Platforms/iPhoneSimulator.platform/Developer/usr/lib/libPreviewsJITStubExecutor.a --output /Users/zsoraj/Library/Developer/Xcode/DerivedData/OpenHikes-dsjbwflghsqoduenorzlwghaliyw/Build/Intermediates.noindex/OpenHikes.build/Debug-iphonesimulator/OpenWidgetExtension.build/OpenWidgetExtension-ExecutorLinkFileList-normal-arm64.txt
note: Using stub executor library with Swift entry point. (in target 'OpenWidgetExtension' from project 'OpenHikes')

Ld /Users/zsoraj/Library/Developer/Xcode/DerivedData/OpenHikes-dsjbwflghsqoduenorzlwghaliyw/Build/Products/Debug-iphonesimulator/OpenWidgetExtension.appex/OpenWidgetExtension normal (in target 'OpenWidgetExtension' from project 'OpenHikes')
    cd /Users/zsoraj/Documents/OpenHikes
    /Applications/Xcode.app/Contents/Developer/Toolchains/XcodeDefault.xctoolchain/usr/bin/clang -Xlinker -reproducible -target arm64-apple-ios26.5-simulator -isysroot /Applications/Xcode.app/Contents/Developer/Platforms/iPhoneSimulator.platform/Developer/SDKs/iPhoneSimulator26.5.sdk -O0 -L/Users/zsoraj/Library/Developer/Xcode/DerivedData/OpenHikes-dsjbwflghsqoduenorzlwghaliyw/Build/Products/Debug-iphonesimulator -F/Users/zsoraj/Library/Developer/Xcode/DerivedData/OpenHikes-dsjbwflghsqoduenorzlwghaliyw/Build/Products/Debug-iphonesimulator/PackageFrameworks -F/Users/zsoraj/Library/Developer/Xcode/DerivedData/OpenHikes-dsjbwflghsqoduenorzlwghaliyw/Build/Products/Debug-iphonesimulator -Xlinker -rpath -Xlinker @executable_path -Xlinker -rpath -Xlinker /Users/zsoraj/Library/Developer/Xcode/DerivedData/OpenHikes-dsjbwflghsqoduenorzlwghaliyw/Build/Products/Debug-iphonesimulator/PackageFrameworks -Xlinker -rpath -Xlinker @executable_path/Frameworks -Xlinker -rpath -Xlinker @executable_path/../../Frameworks -rdynamic -Xlinker -no_deduplicate -Xlinker -objc_abi_version -Xlinker 2 -Xlinker -debug_variant -e ___debug_blank_executor_main -Xlinker -sectcreate -Xlinker __TEXT -Xlinker __debug_dylib -Xlinker /Users/zsoraj/Library/Developer/Xcode/DerivedData/OpenHikes-dsjbwflghsqoduenorzlwghaliyw/Build/Intermediates.noindex/OpenHikes.build/Debug-iphonesimulator/OpenWidgetExtension.build/OpenWidgetExtension-DebugDylibPath-normal-arm64.txt -Xlinker -sectcreate -Xlinker __TEXT -Xlinker __debug_entry -Xlinker /Users/zsoraj/Library/Developer/Xcode/DerivedData/OpenHikes-dsjbwflghsqoduenorzlwghaliyw/Build/Intermediates.noindex/OpenHikes.build/Debug-iphonesimulator/OpenWidgetExtension.build/OpenWidgetExtension-DebugEntryPoint-normal-arm64.txt -Xlinker -sectcreate -Xlinker __TEXT -Xlinker __debug_instlnm -Xlinker /Users/zsoraj/Library/Developer/Xcode/DerivedData/OpenHikes-dsjbwflghsqoduenorzlwghaliyw/Build/Intermediates.noindex/OpenHikes.build/Debug-iphonesimulator/OpenWidgetExtension.build/OpenWidgetExtension-DebugDylibInstallName-normal-arm64.txt -Xlinker -filelist -Xlinker /Users/zsoraj/Library/Developer/Xcode/DerivedData/OpenHikes-dsjbwflghsqoduenorzlwghaliyw/Build/Intermediates.noindex/OpenHikes.build/Debug-iphonesimulator/OpenWidgetExtension.build/OpenWidgetExtension-ExecutorLinkFileList-normal-arm64.txt -Xlinker -sectcreate -Xlinker __TEXT -Xlinker __entitlements -Xlinker /Users/zsoraj/Library/Developer/Xcode/DerivedData/OpenHikes-dsjbwflghsqoduenorzlwghaliyw/Build/Intermediates.noindex/OpenHikes.build/Debug-iphonesimulator/OpenWidgetExtension.build/OpenWidgetExtension.appex-Simulated.xcent -Xlinker -sectcreate -Xlinker __TEXT -Xlinker __ents_der -Xlinker /Users/zsoraj/Library/Developer/Xcode/DerivedData/OpenHikes-dsjbwflghsqoduenorzlwghaliyw/Build/Intermediates.noindex/OpenHikes.build/Debug-iphonesimulator/OpenWidgetExtension.build/OpenWidgetExtension.appex-Simulated.xcent.der /Users/zsoraj/Library/Developer/Xcode/DerivedData/OpenHikes-dsjbwflghsqoduenorzlwghaliyw/Build/Products/Debug-iphonesimulator/OpenWidgetExtension.appex/OpenWidgetExtension.debug.dylib -Xlinker -no_adhoc_codesign -o /Users/zsoraj/Library/Developer/Xcode/DerivedData/OpenHikes-dsjbwflghsqoduenorzlwghaliyw/Build/Products/Debug-iphonesimulator/OpenWidgetExtension.appex/OpenWidgetExtension

ExtractAppIntentsMetadata (in target 'OpenWidgetExtension' from project 'OpenHikes')
    cd /Users/zsoraj/Documents/OpenHikes
    /Applications/Xcode.app/Contents/Developer/Toolchains/XcodeDefault.xctoolchain/usr/bin/appintentsmetadataprocessor --toolchain-dir /Applications/Xcode.app/Contents/Developer/Toolchains/XcodeDefault.xctoolchain --module-name OpenWidgetExtension --sdk-root /Applications/Xcode.app/Contents/Developer/Platforms/iPhoneSimulator.platform/Developer/SDKs/iPhoneSimulator26.5.sdk --xcode-version 17F113 --platform-family iOS --deployment-target 26.5 --bundle-identifier tappium.com.OpenHikes.OpenWidget --output /Users/zsoraj/Library/Developer/Xcode/DerivedData/OpenHikes-dsjbwflghsqoduenorzlwghaliyw/Build/Products/Debug-iphonesimulator/OpenWidgetExtension.appex --target-triple arm64-apple-ios26.5-simulator --binary-file /Users/zsoraj/Library/Developer/Xcode/DerivedData/OpenHikes-dsjbwflghsqoduenorzlwghaliyw/Build/Products/Debug-iphonesimulator/OpenWidgetExtension.appex/OpenWidgetExtension --dependency-file /Users/zsoraj/Library/Developer/Xcode/DerivedData/OpenHikes-dsjbwflghsqoduenorzlwghaliyw/Build/Intermediates.noindex/OpenHikes.build/Debug-iphonesimulator/OpenWidgetExtension.build/Objects-normal/arm64/OpenWidgetExtension_dependency_info.dat --stringsdata-file /Users/zsoraj/Library/Developer/Xcode/DerivedData/OpenHikes-dsjbwflghsqoduenorzlwghaliyw/Build/Intermediates.noindex/OpenHikes.build/Debug-iphonesimulator/OpenWidgetExtension.build/Objects-normal/arm64/ExtractedAppShortcutsMetadata.stringsdata --source-file-list /Users/zsoraj/Library/Developer/Xcode/DerivedData/OpenHikes-dsjbwflghsqoduenorzlwghaliyw/Build/Intermediates.noindex/OpenHikes.build/Debug-iphonesimulator/OpenWidgetExtension.build/Objects-normal/arm64/OpenWidgetExtension.SwiftFileList --metadata-file-list /Users/zsoraj/Library/Developer/Xcode/DerivedData/OpenHikes-dsjbwflghsqoduenorzlwghaliyw/Build/Intermediates.noindex/OpenHikes.build/Debug-iphonesimulator/OpenWidgetExtension.build/OpenWidgetExtension.DependencyMetadataFileList --static-metadata-file-list /Users/zsoraj/Library/Developer/Xcode/DerivedData/OpenHikes-dsjbwflghsqoduenorzlwghaliyw/Build/Intermediates.noindex/OpenHikes.build/Debug-iphonesimulator/OpenWidgetExtension.build/OpenWidgetExtension.DependencyStaticMetadataFileList --swift-const-vals-list /Users/zsoraj/Library/Developer/Xcode/DerivedData/OpenHikes-dsjbwflghsqoduenorzlwghaliyw/Build/Intermediates.noindex/OpenHikes.build/Debug-iphonesimulator/OpenWidgetExtension.build/Objects-normal/arm64/OpenWidgetExtension.SwiftConstValuesFileList --compile-time-extraction --deployment-aware-processing --validate-assistant-intents --no-app-shortcuts-localization
2026-08-27 00:52:35.061 appintentsmetadataprocessor[14584:1688785] Starting appintentsmetadataprocessor export
2026-08-27 00:52:35.069 appintentsmetadataprocessor[14584:1688785] Writing Metadata.appintents
2026-08-27 00:52:35.069 appintentsmetadataprocessor[14584:1688785] Metadata root: /Users/zsoraj/Library/Developer/Xcode/DerivedData/OpenHikes-dsjbwflghsqoduenorzlwghaliyw/Build/Products/Debug-iphonesimulator/OpenWidgetExtension.appex/Metadata.appintents

CodeSign /Users/zsoraj/Library/Developer/Xcode/DerivedData/OpenHikes-dsjbwflghsqoduenorzlwghaliyw/Build/Products/Debug-iphonesimulator/OpenWidgetExtension.appex/OpenWidgetExtension.debug.dylib (in target 'OpenWidgetExtension' from project 'OpenHikes')
    cd /Users/zsoraj/Documents/OpenHikes
    
    Signing Identity:     "Sign to Run Locally"
    
    /usr/bin/codesign --force --sign - --timestamp\=none --generate-entitlement-der /Users/zsoraj/Library/Developer/Xcode/DerivedData/OpenHikes-dsjbwflghsqoduenorzlwghaliyw/Build/Products/Debug-iphonesimulator/OpenWidgetExtension.appex/OpenWidgetExtension.debug.dylib

CodeSign /Users/zsoraj/Library/Developer/Xcode/DerivedData/OpenHikes-dsjbwflghsqoduenorzlwghaliyw/Build/Products/Debug-iphonesimulator/OpenWidgetExtension.appex (in target 'OpenWidgetExtension' from project 'OpenHikes')
    cd /Users/zsoraj/Documents/OpenHikes
    
    Signing Identity:     "Sign to Run Locally"
    
    /usr/bin/codesign --force --sign - --entitlements /Users/zsoraj/Library/Developer/Xcode/DerivedData/OpenHikes-dsjbwflghsqoduenorzlwghaliyw/Build/Intermediates.noindex/OpenHikes.build/Debug-iphonesimulator/OpenWidgetExtension.build/OpenWidgetExtension.appex.xcent --timestamp\=none --generate-entitlement-der /Users/zsoraj/Library/Developer/Xcode/DerivedData/OpenHikes-dsjbwflghsqoduenorzlwghaliyw/Build/Products/Debug-iphonesimulator/OpenWidgetExtension.appex

Ld /Users/zsoraj/Library/Developer/Xcode/DerivedData/OpenHikes-dsjbwflghsqoduenorzlwghaliyw/Build/Products/Debug-iphonesimulator/OpenHikes.app/OpenHikes.debug.dylib normal (in target 'OpenHikes' from project 'OpenHikes')
    cd /Users/zsoraj/Documents/OpenHikes
    /Applications/Xcode.app/Contents/Developer/Toolchains/XcodeDefault.xctoolchain/usr/bin/clang -Xlinker -reproducible -target arm64-apple-ios26.5-simulator -dynamiclib -isysroot /Applications/Xcode.app/Contents/Developer/Platforms/iPhoneSimulator.platform/Developer/SDKs/iPhoneSimulator26.5.sdk -O0 -L/Users/zsoraj/Library/Developer/Xcode/DerivedData/OpenHikes-dsjbwflghsqoduenorzlwghaliyw/Build/Intermediates.noindex/EagerLinkingTBDs/Debug-iphonesimulator -L/Users/zsoraj/Library/Developer/Xcode/DerivedData/OpenHikes-dsjbwflghsqoduenorzlwghaliyw/Build/Products/Debug-iphonesimulator -F/Users/zsoraj/Library/Developer/Xcode/DerivedData/OpenHikes-dsjbwflghsqoduenorzlwghaliyw/Build/Intermediates.noindex/EagerLinkingTBDs/Debug-iphonesimulator -F/Users/zsoraj/Library/Developer/Xcode/DerivedData/OpenHikes-dsjbwflghsqoduenorzlwghaliyw/Build/Products/Debug-iphonesimulator/PackageFrameworks -F/Users/zsoraj/Library/Developer/Xcode/DerivedData/OpenHikes-dsjbwflghsqoduenorzlwghaliyw/Build/Products/Debug-iphonesimulator/PackageFrameworks -F/Users/zsoraj/Library/Developer/Xcode/DerivedData/OpenHikes-dsjbwflghsqoduenorzlwghaliyw/Build/Products/Debug-iphonesimulator/PackageFrameworks -F/Users/zsoraj/Library/Developer/Xcode/DerivedData/OpenHikes-dsjbwflghsqoduenorzlwghaliyw/Build/Products/Debug-iphonesimulator/PackageFrameworks -F/Users/zsoraj/Library/Developer/Xcode/DerivedData/OpenHikes-dsjbwflghsqoduenorzlwghaliyw/Build/Products/Debug-iphonesimulator/PackageFrameworks -F/Users/zsoraj/Library/Developer/Xcode/DerivedData/OpenHikes-dsjbwflghsqoduenorzlwghaliyw/Build/Products/Debug-iphonesimulator/PackageFrameworks -F/Users/zsoraj/Library/Developer/Xcode/DerivedData/OpenHikes-dsjbwflghsqoduenorzlwghaliyw/Build/Products/Debug-iphonesimulator/PackageFrameworks -F/Users/zsoraj/Library/Developer/Xcode/DerivedData/OpenHikes-dsjbwflghsqoduenorzlwghaliyw/Build/Products/Debug-iphonesimulator/PackageFrameworks -F/Users/zsoraj/Library/Developer/Xcode/DerivedData/OpenHikes-dsjbwflghsqoduenorzlwghaliyw/Build/Products/Debug-iphonesimulator/PackageFrameworks -F/Users/zsoraj/Library/Developer/Xcode/DerivedData/OpenHikes-dsjbwflghsqoduenorzlwghaliyw/Build/Products/Debug-iphonesimulator/PackageFrameworks -F/Users/zsoraj/Library/Developer/Xcode/DerivedData/OpenHikes-dsjbwflghsqoduenorzlwghaliyw/Build/Products/Debug-iphonesimulator -filelist /Users/zsoraj/Library/Developer/Xcode/DerivedData/OpenHikes-dsjbwflghsqoduenorzlwghaliyw/Build/Intermediates.noindex/OpenHikes.build/Debug-iphonesimulator/OpenHikes.build/Objects-normal/arm64/OpenHikes.LinkFileList -install_name @rpath/OpenHikes.debug.dylib -Xlinker -rpath -Xlinker /Users/zsoraj/Library/Developer/Xcode/DerivedData/OpenHikes-dsjbwflghsqoduenorzlwghaliyw/Build/Products/Debug-iphonesimulator/PackageFrameworks -Xlinker -rpath -Xlinker @executable_path/Frameworks -Xlinker -dead_strip -Xlinker -object_path_lto -Xlinker /Users/zsoraj/Library/Developer/Xcode/DerivedData/OpenHikes-dsjbwflghsqoduenorzlwghaliyw/Build/Intermediates.noindex/OpenHikes.build/Debug-iphonesimulator/OpenHikes.build/Objects-normal/arm64/OpenHikes_lto.o -rdynamic -Xlinker -no_deduplicate -Xlinker -objc_abi_version -Xlinker 2 -Xlinker -debug_variant -Xlinker -dependency_info -Xlinker /Users/zsoraj/Library/Developer/Xcode/DerivedData/OpenHikes-dsjbwflghsqoduenorzlwghaliyw/Build/Intermediates.noindex/OpenHikes.build/Debug-iphonesimulator/OpenHikes.build/Objects-normal/arm64/OpenHikes_dependency_info.dat -fobjc-link-runtime -fprofile-instr-generate -L/Applications/Xcode.app/Contents/Developer/Toolchains/XcodeDefault.xctoolchain/usr/lib/swift/iphonesimulator -L/usr/lib/swift -Xlinker -add_ast_path -Xlinker /Users/zsoraj/Library/Developer/Xcode/DerivedData/OpenHikes-dsjbwflghsqoduenorzlwghaliyw/Build/Intermediates.noindex/OpenHikes.build/Debug-iphonesimulator/OpenHikes.build/Objects-normal/arm64/OpenHikes.swiftmodule @/Users/zsoraj/Library/Developer/Xcode/DerivedData/OpenHikes-dsjbwflghsqoduenorzlwghaliyw/Build/Intermediates.noindex/OpenHikes.build/Debug-iphonesimulator/OpenHikes.build/Objects-normal/arm64/OpenHikes-linker-args.resp -Wl,-no_warn_duplicate_libraries -Wl,-no_warn_duplicate_libraries -Wl,-no_warn_duplicate_libraries -Wl,-no_warn_duplicate_libraries -Wl,-no_warn_duplicate_libraries -Wl,-no_warn_duplicate_libraries -Wl,-no_warn_duplicate_libraries -Wl,-no_warn_duplicate_libraries -Wl,-no_warn_duplicate_libraries -Wl,-no_warn_duplicate_libraries -Xlinker -alias -Xlinker _main -Xlinker ___debug_main_executable_dylib_entry_point -Xlinker -no_adhoc_codesign -o /Users/zsoraj/Library/Developer/Xcode/DerivedData/OpenHikes-dsjbwflghsqoduenorzlwghaliyw/Build/Products/Debug-iphonesimulator/OpenHikes.app/OpenHikes.debug.dylib -Xlinker -add_ast_path -Xlinker /Users/zsoraj/Library/Developer/Xcode/DerivedData/OpenHikes-dsjbwflghsqoduenorzlwghaliyw/Build/Intermediates.noindex/swift-async-algorithms.build/Debug-iphonesimulator/AsyncAlgorithms.build/Objects-normal/arm64/AsyncAlgorithms.swiftmodule @/Users/zsoraj/Library/Developer/Xcode/DerivedData/OpenHikes-dsjbwflghsqoduenorzlwghaliyw/Build/Intermediates.noindex/swift-async-algorithms.build/Debug-iphonesimulator/AsyncAlgorithms.build/Objects-normal/arm64/AsyncAlgorithms-linker-args.resp -Xlinker -add_ast_path -Xlinker /Users/zsoraj/Library/Developer/Xcode/DerivedData/OpenHikes-dsjbwflghsqoduenorzlwghaliyw/Build/Intermediates.noindex/swift-collections.build/Debug-iphonesimulator/OrderedCollections.build/Objects-normal/arm64/OrderedCollections.swiftmodule @/Users/zsoraj/Library/Developer/Xcode/DerivedData/OpenHikes-dsjbwflghsqoduenorzlwghaliyw/Build/Intermediates.noindex/swift-collections.build/Debug-iphonesimulator/OrderedCollections.build/Objects-normal/arm64/OrderedCollections-linker-args.resp -Xlinker -add_ast_path -Xlinker /Users/zsoraj/Library/Developer/Xcode/DerivedData/OpenHikes-dsjbwflghsqoduenorzlwghaliyw/Build/Intermediates.noindex/swift-collections.build/Debug-iphonesimulator/InternalCollectionsUtilities.build/Objects-normal/arm64/InternalCollectionsUtilities.swiftmodule @/Users/zsoraj/Library/Developer/Xcode/DerivedData/OpenHikes-dsjbwflghsqoduenorzlwghaliyw/Build/Intermediates.noindex/swift-collections.build/Debug-iphonesimulator/InternalCollectionsUtilities.build/Objects-normal/arm64/InternalCollectionsUtilities-linker-args.resp -Xlinker -add_ast_path -Xlinker /Users/zsoraj/Library/Developer/Xcode/DerivedData/OpenHikes-dsjbwflghsqoduenorzlwghaliyw/Build/Intermediates.noindex/swift-collections.build/Debug-iphonesimulator/DequeModule.build/Objects-normal/arm64/DequeModule.swiftmodule @/Users/zsoraj/Library/Developer/Xcode/DerivedData/OpenHikes-dsjbwflghsqoduenorzlwghaliyw/Build/Intermediates.noindex/swift-collections.build/Debug-iphonesimulator/DequeModule.build/Objects-normal/arm64/DequeModule-linker-args.resp -Xlinker -add_ast_path -Xlinker /Users/zsoraj/Library/Developer/Xcode/DerivedData/OpenHikes-dsjbwflghsqoduenorzlwghaliyw/Build/Intermediates.noindex/swift-collections.build/Debug-iphonesimulator/ContainersPreview.build/Objects-normal/arm64/ContainersPreview.swiftmodule @/Users/zsoraj/Library/Developer/Xcode/DerivedData/OpenHikes-dsjbwflghsqoduenorzlwghaliyw/Build/Intermediates.noindex/swift-collections.build/Debug-iphonesimulator/ContainersPreview.build/Objects-normal/arm64/ContainersPreview-linker-args.resp -Xlinker -add_ast_path -Xlinker /Users/zsoraj/Library/Developer/Xcode/DerivedData/OpenHikes-dsjbwflghsqoduenorzlwghaliyw/Build/Intermediates.noindex/swift-algorithms.build/Debug-iphonesimulator/Algorithms.build/Objects-normal/arm64/Algorithms.swiftmodule @/Users/zsoraj/Library/Developer/Xcode/DerivedData/OpenHikes-dsjbwflghsqoduenorzlwghaliyw/Build/Intermediates.noindex/swift-algorithms.build/Debug-iphonesimulator/Algorithms.build/Objects-normal/arm64/Algorithms-linker-args.resp -Xlinker -add_ast_path -Xlinker /Users/zsoraj/Library/Developer/Xcode/DerivedData/OpenHikes-dsjbwflghsqoduenorzlwghaliyw/Build/Intermediates.noindex/swift-numerics.build/Debug-iphonesimulator/RealModule.build/Objects-normal/arm64/RealModule.swiftmodule @/Users/zsoraj/Library/Developer/Xcode/DerivedData/OpenHikes-dsjbwflghsqoduenorzlwghaliyw/Build/Intermediates.noindex/swift-numerics.build/Debug-iphonesimulator/RealModule.build/Objects-normal/arm64/RealModule-linker-args.resp -Xlinker -add_ast_path -Xlinker /Users/zsoraj/Library/Developer/Xcode/DerivedData/OpenHikes-dsjbwflghsqoduenorzlwghaliyw/Build/Intermediates.noindex/swift-collections.build/Debug-iphonesimulator/HeapModule.build/Objects-normal/arm64/HeapModule.swiftmodule @/Users/zsoraj/Library/Developer/Xcode/DerivedData/OpenHikes-dsjbwflghsqoduenorzlwghaliyw/Build/Intermediates.noindex/swift-collections.build/Debug-iphonesimulator/HeapModule.build/Objects-normal/arm64/HeapModule-linker-args.resp -Xlinker -add_ast_path -Xlinker /Users/zsoraj/Library/Developer/Xcode/DerivedData/OpenHikes-dsjbwflghsqoduenorzlwghaliyw/Build/Intermediates.noindex/OpenHikesShared.build/Debug-iphonesimulator/OpenHikesShared.build/Objects-normal/arm64/OpenHikesShared.swiftmodule @/Users/zsoraj/Library/Developer/Xcode/DerivedData/OpenHikes-dsjbwflghsqoduenorzlwghaliyw/Build/Intermediates.noindex/OpenHikesShared.build/Debug-iphonesimulator/OpenHikesShared.build/Objects-normal/arm64/OpenHikesShared-linker-args.resp

SwiftEmitModule normal arm64 Emitting\ module\ for\ OpenHikesUITests (in target 'OpenHikesUITests' from project 'OpenHikes')
EmitSwiftModule normal arm64 (in target 'OpenHikesUITests' from project 'OpenHikes')
    cd /Users/zsoraj/Documents/OpenHikes
    

SwiftCompile normal arm64 Compiling\ PerformanceUITests+Photos.swift /Users/zsoraj/Documents/OpenHikes/OpenHikesUITests/PerformanceUITests+Photos.swift (in target 'OpenHikesUITests' from project 'OpenHikes')

SwiftCompile normal arm64 /Users/zsoraj/Documents/OpenHikes/OpenHikesUITests/PerformanceUITests+Photos.swift (in target 'OpenHikesUITests' from project 'OpenHikes')
    cd /Users/zsoraj/Documents/OpenHikes
    

ConstructStubExecutorLinkFileList /Users/zsoraj/Library/Developer/Xcode/DerivedData/OpenHikes-dsjbwflghsqoduenorzlwghaliyw/Build/Intermediates.noindex/OpenHikes.build/Debug-iphonesimulator/OpenHikes.build/OpenHikes-ExecutorLinkFileList-normal-arm64.txt (in target 'OpenHikes' from project 'OpenHikes')
    cd /Users/zsoraj/Documents/OpenHikes
    construct-stub-executor-link-file-list /Users/zsoraj/Library/Developer/Xcode/DerivedData/OpenHikes-dsjbwflghsqoduenorzlwghaliyw/Build/Products/Debug-iphonesimulator/OpenHikes.app/OpenHikes.debug.dylib /Applications/Xcode.app/Contents/Developer/Platforms/iPhoneSimulator.platform/Developer/usr/lib/libPreviewsJITStubExecutor_no_swift_entry_point.a /Applications/Xcode.app/Contents/Developer/Platforms/iPhoneSimulator.platform/Developer/usr/lib/libPreviewsJITStubExecutor.a --output /Users/zsoraj/Library/Developer/Xcode/DerivedData/OpenHikes-dsjbwflghsqoduenorzlwghaliyw/Build/Intermediates.noindex/OpenHikes.build/Debug-iphonesimulator/OpenHikes.build/OpenHikes-ExecutorLinkFileList-normal-arm64.txt
note: Using stub executor library with Swift entry point. (in target 'OpenHikes' from project 'OpenHikes')

SwiftDriverJobDiscovery normal arm64 Compiling PerformanceUITests+Photos.swift (in target 'OpenHikesUITests' from project 'OpenHikes')

SwiftDriverJobDiscovery normal arm64 Emitting module for OpenHikesUITests (in target 'OpenHikesUITests' from project 'OpenHikes')

SwiftDriver\ Compilation\ Requirements OpenHikesUITests normal arm64 com.apple.xcode.tools.swift.compiler (in target 'OpenHikesUITests' from project 'OpenHikes')
    cd /Users/zsoraj/Documents/OpenHikes
    builtin-Swift-Compilation-Requirements -- /Applications/Xcode.app/Contents/Developer/Toolchains/XcodeDefault.xctoolchain/usr/bin/swiftc -module-name OpenHikesUITests -Onone @/Users/zsoraj/Library/Developer/Xcode/DerivedData/OpenHikes-dsjbwflghsqoduenorzlwghaliyw/Build/Intermediates.noindex/OpenHikes.build/Debug-iphonesimulator/OpenHikesUITests.build/Objects-normal/arm64/OpenHikesUITests.SwiftFileList -DDEBUG -module-alias Testing\=_Testing_Unavailable -plugin-path /Applications/Xcode.app/Contents/Developer/Toolchains/XcodeDefault.xctoolchain/usr/lib/swift/host/plugins/testing -default-isolation\=MainActor -enable-upcoming-feature MemberImportVisibility -enable-upcoming-feature InferIsolatedConformances -enable-upcoming-feature NonisolatedNonsendingByDefault -enable-experimental-feature DebugDescriptionMacro -sdk /Applications/Xcode.app/Contents/Developer/Platforms/iPhoneSimulator.platform/Developer/SDKs/iPhoneSimulator26.5.sdk -target arm64-apple-ios26.5-simulator -g -module-cache-path /Users/zsoraj/Library/Developer/Xcode/DerivedData/ModuleCache.noindex -Xfrontend -serialize-debugging-options -profile-coverage-mapping -profile-generate -enable-testing -warnings-as-errors -index-store-path /Users/zsoraj/Library/Developer/Xcode/DerivedData/OpenHikes-dsjbwflghsqoduenorzlwghaliyw/Index.noindex/DataStore -Xcc -D_LIBCPP_HARDENING_MODE\=_LIBCPP_HARDENING_MODE_DEBUG -swift-version 6 -I /Users/zsoraj/Library/Developer/Xcode/DerivedData/OpenHikes-dsjbwflghsqoduenorzlwghaliyw/Build/Products/Debug-iphonesimulator -Isystem /Applications/Xcode.app/Contents/Developer/Platforms/iPhoneSimulator.platform/Developer/usr/lib -F /Users/zsoraj/Library/Developer/Xcode/DerivedData/OpenHikes-dsjbwflghsqoduenorzlwghaliyw/Build/Products/Debug-iphonesimulator -F /Applications/Xcode.app/Contents/Developer/Platforms/iPhoneSimulator.platform/Developer/Library/Frameworks -F /Applications/Xcode.app/Contents/Developer/Platforms/iPhoneSimulator.platform/Developer/SDKs/iPhoneSimulator26.5.sdk/Developer/Library/Frameworks -c -j14 -enable-batch-mode -incremental -Xcc -ivfsstatcache -Xcc /Users/zsoraj/Library/Developer/Xcode/DerivedData/SDKStatCaches.noindex/iphonesimulator26.5-23F81a-6cfe768891a92b912361537c460fe42b.sdkstatcache -output-file-map /Users/zsoraj/Library/Developer/Xcode/DerivedData/OpenHikes-dsjbwflghsqoduenorzlwghaliyw/Build/Intermediates.noindex/OpenHikes.build/Debug-iphonesimulator/OpenHikesUITests.build/Objects-normal/arm64/OpenHikesUITests-OutputFileMap.json -use-frontend-parseable-output -save-temps -no-color-diagnostics -explicit-module-build -module-cache-path /Users/zsoraj/Library/Developer/Xcode/DerivedData/OpenHikes-dsjbwflghsqoduenorzlwghaliyw/Build/Intermediates.noindex/SwiftExplicitPrecompiledModules -clang-scanner-module-cache-path /Users/zsoraj/Library/Developer/Xcode/DerivedData/ModuleCache.noindex -sdk-module-cache-path /Users/zsoraj/Library/Developer/Xcode/DerivedData/ModuleCache.noindex -serialize-diagnostics -emit-dependencies -emit-module -emit-module-path /Users/zsoraj/Library/Developer/Xcode/DerivedData/OpenHikes-dsjbwflghsqoduenorzlwghaliyw/Build/Intermediates.noindex/OpenHikes.build/Debug-iphonesimulator/OpenHikesUITests.build/Objects-normal/arm64/OpenHikesUITests.swiftmodule -validate-clang-modules-once -clang-build-session-file /Users/zsoraj/Library/Developer/Xcode/DerivedData/ModuleCache.noindex/Session.modulevalidation -Xcc -I/Users/zsoraj/Library/Developer/Xcode/DerivedData/OpenHikes-dsjbwflghsqoduenorzlwghaliyw/Build/Intermediates.noindex/OpenHikes.build/Debug-iphonesimulator/OpenHikesUITests.build/swift-overrides.hmap -emit-const-values -Xfrontend -const-gather-protocols-file -Xfrontend /Users/zsoraj/Library/Developer/Xcode/DerivedData/OpenHikes-dsjbwflghsqoduenorzlwghaliyw/Build/Intermediates.noindex/OpenHikes.build/Debug-iphonesimulator/OpenHikesUITests.build/Objects-normal/arm64/OpenHikesUITests_const_extract_protocols.json -Xcc -iquote -Xcc /Users/zsoraj/Library/Developer/Xcode/DerivedData/OpenHikes-dsjbwflghsqoduenorzlwghaliyw/Build/Intermediates.noindex/OpenHikes.build/Debug-iphonesimulator/OpenHikesUITests.build/OpenHikesUITests-generated-files.hmap -Xcc -I/Users/zsoraj/Library/Developer/Xcode/DerivedData/OpenHikes-dsjbwflghsqoduenorzlwghaliyw/Build/Intermediates.noindex/OpenHikes.build/Debug-iphonesimulator/OpenHikesUITests.build/OpenHikesUITests-own-target-headers.hmap -Xcc -I/Users/zsoraj/Library/Developer/Xcode/DerivedData/OpenHikes-dsjbwflghsqoduenorzlwghaliyw/Build/Intermediates.noindex/OpenHikes.build/Debug-iphonesimulator/OpenHikesUITests.build/OpenHikesUITests-all-non-framework-target-headers.hmap -Xcc -ivfsoverlay -Xcc /Users/zsoraj/Library/Developer/Xcode/DerivedData/OpenHikes-dsjbwflghsqoduenorzlwghaliyw/Build/Intermediates.noindex/OpenHikes.build/Debug-iphonesimulator/OpenHikes-c6e73af986a4027c91831fe8dc8ab7ae-VFS-iphonesimulator/all-product-headers.yaml -Xcc -iquote -Xcc /Users/zsoraj/Library/Developer/Xcode/DerivedData/OpenHikes-dsjbwflghsqoduenorzlwghaliyw/Build/Intermediates.noindex/OpenHikes.build/Debug-iphonesimulator/OpenHikesUITests.build/OpenHikesUITests-project-headers.hmap -Xcc -I/Users/zsoraj/Library/Developer/Xcode/DerivedData/OpenHikes-dsjbwflghsqoduenorzlwghaliyw/Build/Products/Debug-iphonesimulator/include -Xcc -I/Users/zsoraj/Library/Developer/Xcode/DerivedData/OpenHikes-dsjbwflghsqoduenorzlwghaliyw/Build/Intermediates.noindex/OpenHikes.build/Debug-iphonesimulator/OpenHikesUITests.build/DerivedSources-normal/arm64 -Xcc -I/Users/zsoraj/Library/Developer/Xcode/DerivedData/OpenHikes-dsjbwflghsqoduenorzlwghaliyw/Build/Intermediates.noindex/OpenHikes.build/Debug-iphonesimulator/OpenHikesUITests.build/DerivedSources/arm64 -Xcc -I/Users/zsoraj/Library/Developer/Xcode/DerivedData/OpenHikes-dsjbwflghsqoduenorzlwghaliyw/Build/Intermediates.noindex/OpenHikes.build/Debug-iphonesimulator/OpenHikesUITests.build/DerivedSources -Xcc -DDEBUG\=1 -emit-objc-header -emit-objc-header-path /Users/zsoraj/Library/Developer/Xcode/DerivedData/OpenHikes-dsjbwflghsqoduenorzlwghaliyw/Build/Intermediates.noindex/OpenHikes.build/Debug-iphonesimulator/OpenHikesUITests.build/Objects-normal/arm64/OpenHikesUITests-Swift.h -working-directory /Users/zsoraj/Documents/OpenHikes -experimental-emit-module-separately -disable-cmo

SwiftDriver\ Compilation OpenHikesUITests normal arm64 com.apple.xcode.tools.swift.compiler (in target 'OpenHikesUITests' from project 'OpenHikes')
    cd /Users/zsoraj/Documents/OpenHikes
    builtin-Swift-Compilation -- /Applications/Xcode.app/Contents/Developer/Toolchains/XcodeDefault.xctoolchain/usr/bin/swiftc -module-name OpenHikesUITests -Onone @/Users/zsoraj/Library/Developer/Xcode/DerivedData/OpenHikes-dsjbwflghsqoduenorzlwghaliyw/Build/Intermediates.noindex/OpenHikes.build/Debug-iphonesimulator/OpenHikesUITests.build/Objects-normal/arm64/OpenHikesUITests.SwiftFileList -DDEBUG -module-alias Testing\=_Testing_Unavailable -plugin-path /Applications/Xcode.app/Contents/Developer/Toolchains/XcodeDefault.xctoolchain/usr/lib/swift/host/plugins/testing -default-isolation\=MainActor -enable-upcoming-feature MemberImportVisibility -enable-upcoming-feature InferIsolatedConformances -enable-upcoming-feature NonisolatedNonsendingByDefault -enable-experimental-feature DebugDescriptionMacro -sdk /Applications/Xcode.app/Contents/Developer/Platforms/iPhoneSimulator.platform/Developer/SDKs/iPhoneSimulator26.5.sdk -target arm64-apple-ios26.5-simulator -g -module-cache-path /Users/zsoraj/Library/Developer/Xcode/DerivedData/ModuleCache.noindex -Xfrontend -serialize-debugging-options -profile-coverage-mapping -profile-generate -enable-testing -warnings-as-errors -index-store-path /Users/zsoraj/Library/Developer/Xcode/DerivedData/OpenHikes-dsjbwflghsqoduenorzlwghaliyw/Index.noindex/DataStore -Xcc -D_LIBCPP_HARDENING_MODE\=_LIBCPP_HARDENING_MODE_DEBUG -swift-version 6 -I /Users/zsoraj/Library/Developer/Xcode/DerivedData/OpenHikes-dsjbwflghsqoduenorzlwghaliyw/Build/Products/Debug-iphonesimulator -Isystem /Applications/Xcode.app/Contents/Developer/Platforms/iPhoneSimulator.platform/Developer/usr/lib -F /Users/zsoraj/Library/Developer/Xcode/DerivedData/OpenHikes-dsjbwflghsqoduenorzlwghaliyw/Build/Products/Debug-iphonesimulator -F /Applications/Xcode.app/Contents/Developer/Platforms/iPhoneSimulator.platform/Developer/Library/Frameworks -F /Applications/Xcode.app/Contents/Developer/Platforms/iPhoneSimulator.platform/Developer/SDKs/iPhoneSimulator26.5.sdk/Developer/Library/Frameworks -c -j14 -enable-batch-mode -incremental -Xcc -ivfsstatcache -Xcc /Users/zsoraj/Library/Developer/Xcode/DerivedData/SDKStatCaches.noindex/iphonesimulator26.5-23F81a-6cfe768891a92b912361537c460fe42b.sdkstatcache -output-file-map /Users/zsoraj/Library/Developer/Xcode/DerivedData/OpenHikes-dsjbwflghsqoduenorzlwghaliyw/Build/Intermediates.noindex/OpenHikes.build/Debug-iphonesimulator/OpenHikesUITests.build/Objects-normal/arm64/OpenHikesUITests-OutputFileMap.json -use-frontend-parseable-output -save-temps -no-color-diagnostics -explicit-module-build -module-cache-path /Users/zsoraj/Library/Developer/Xcode/DerivedData/OpenHikes-dsjbwflghsqoduenorzlwghaliyw/Build/Intermediates.noindex/SwiftExplicitPrecompiledModules -clang-scanner-module-cache-path /Users/zsoraj/Library/Developer/Xcode/DerivedData/ModuleCache.noindex -sdk-module-cache-path /Users/zsoraj/Library/Developer/Xcode/DerivedData/ModuleCache.noindex -serialize-diagnostics -emit-dependencies -emit-module -emit-module-path /Users/zsoraj/Library/Developer/Xcode/DerivedData/OpenHikes-dsjbwflghsqoduenorzlwghaliyw/Build/Intermediates.noindex/OpenHikes.build/Debug-iphonesimulator/OpenHikesUITests.build/Objects-normal/arm64/OpenHikesUITests.swiftmodule -validate-clang-modules-once -clang-build-session-file /Users/zsoraj/Library/Developer/Xcode/DerivedData/ModuleCache.noindex/Session.modulevalidation -Xcc -I/Users/zsoraj/Library/Developer/Xcode/DerivedData/OpenHikes-dsjbwflghsqoduenorzlwghaliyw/Build/Intermediates.noindex/OpenHikes.build/Debug-iphonesimulator/OpenHikesUITests.build/swift-overrides.hmap -emit-const-values -Xfrontend -const-gather-protocols-file -Xfrontend /Users/zsoraj/Library/Developer/Xcode/DerivedData/OpenHikes-dsjbwflghsqoduenorzlwghaliyw/Build/Intermediates.noindex/OpenHikes.build/Debug-iphonesimulator/OpenHikesUITests.build/Objects-normal/arm64/OpenHikesUITests_const_extract_protocols.json -Xcc -iquote -Xcc /Users/zsoraj/Library/Developer/Xcode/DerivedData/OpenHikes-dsjbwflghsqoduenorzlwghaliyw/Build/Intermediates.noindex/OpenHikes.build/Debug-iphonesimulator/OpenHikesUITests.build/OpenHikesUITests-generated-files.hmap -Xcc -I/Users/zsoraj/Library/Developer/Xcode/DerivedData/OpenHikes-dsjbwflghsqoduenorzlwghaliyw/Build/Intermediates.noindex/OpenHikes.build/Debug-iphonesimulator/OpenHikesUITests.build/OpenHikesUITests-own-target-headers.hmap -Xcc -I/Users/zsoraj/Library/Developer/Xcode/DerivedData/OpenHikes-dsjbwflghsqoduenorzlwghaliyw/Build/Intermediates.noindex/OpenHikes.build/Debug-iphonesimulator/OpenHikesUITests.build/OpenHikesUITests-all-non-framework-target-headers.hmap -Xcc -ivfsoverlay -Xcc /Users/zsoraj/Library/Developer/Xcode/DerivedData/OpenHikes-dsjbwflghsqoduenorzlwghaliyw/Build/Intermediates.noindex/OpenHikes.build/Debug-iphonesimulator/OpenHikes-c6e73af986a4027c91831fe8dc8ab7ae-VFS-iphonesimulator/all-product-headers.yaml -Xcc -iquote -Xcc /Users/zsoraj/Library/Developer/Xcode/DerivedData/OpenHikes-dsjbwflghsqoduenorzlwghaliyw/Build/Intermediates.noindex/OpenHikes.build/Debug-iphonesimulator/OpenHikesUITests.build/OpenHikesUITests-project-headers.hmap -Xcc -I/Users/zsoraj/Library/Developer/Xcode/DerivedData/OpenHikes-dsjbwflghsqoduenorzlwghaliyw/Build/Products/Debug-iphonesimulator/include -Xcc -I/Users/zsoraj/Library/Developer/Xcode/DerivedData/OpenHikes-dsjbwflghsqoduenorzlwghaliyw/Build/Intermediates.noindex/OpenHikes.build/Debug-iphonesimulator/OpenHikesUITests.build/DerivedSources-normal/arm64 -Xcc -I/Users/zsoraj/Library/Developer/Xcode/DerivedData/OpenHikes-dsjbwflghsqoduenorzlwghaliyw/Build/Intermediates.noindex/OpenHikes.build/Debug-iphonesimulator/OpenHikesUITests.build/DerivedSources/arm64 -Xcc -I/Users/zsoraj/Library/Developer/Xcode/DerivedData/OpenHikes-dsjbwflghsqoduenorzlwghaliyw/Build/Intermediates.noindex/OpenHikes.build/Debug-iphonesimulator/OpenHikesUITests.build/DerivedSources -Xcc -DDEBUG\=1 -emit-objc-header -emit-objc-header-path /Users/zsoraj/Library/Developer/Xcode/DerivedData/OpenHikes-dsjbwflghsqoduenorzlwghaliyw/Build/Intermediates.noindex/OpenHikes.build/Debug-iphonesimulator/OpenHikesUITests.build/Objects-normal/arm64/OpenHikesUITests-Swift.h -working-directory /Users/zsoraj/Documents/OpenHikes -experimental-emit-module-separately -disable-cmo

Copy /Users/zsoraj/Library/Developer/Xcode/DerivedData/OpenHikes-dsjbwflghsqoduenorzlwghaliyw/Build/Products/Debug-iphonesimulator/OpenHikesUITests.swiftmodule/Project/arm64-apple-ios-simulator.swiftsourceinfo /Users/zsoraj/Library/Developer/Xcode/DerivedData/OpenHikes-dsjbwflghsqoduenorzlwghaliyw/Build/Intermediates.noindex/OpenHikes.build/Debug-iphonesimulator/OpenHikesUITests.build/Objects-normal/arm64/OpenHikesUITests.swiftsourceinfo (in target 'OpenHikesUITests' from project 'OpenHikes')
    cd /Users/zsoraj/Documents/OpenHikes
    builtin-copy -exclude .DS_Store -exclude CVS -exclude .svn -exclude .git -exclude .hg -resolve-src-symlinks -rename /Users/zsoraj/Library/Developer/Xcode/DerivedData/OpenHikes-dsjbwflghsqoduenorzlwghaliyw/Build/Intermediates.noindex/OpenHikes.build/Debug-iphonesimulator/OpenHikesUITests.build/Objects-normal/arm64/OpenHikesUITests.swiftsourceinfo /Users/zsoraj/Library/Developer/Xcode/DerivedData/OpenHikes-dsjbwflghsqoduenorzlwghaliyw/Build/Products/Debug-iphonesimulator/OpenHikesUITests.swiftmodule/Project/arm64-apple-ios-simulator.swiftsourceinfo

Copy /Users/zsoraj/Library/Developer/Xcode/DerivedData/OpenHikes-dsjbwflghsqoduenorzlwghaliyw/Build/Products/Debug-iphonesimulator/OpenHikesUITests.swiftmodule/arm64-apple-ios-simulator.abi.json /Users/zsoraj/Library/Developer/Xcode/DerivedData/OpenHikes-dsjbwflghsqoduenorzlwghaliyw/Build/Intermediates.noindex/OpenHikes.build/Debug-iphonesimulator/OpenHikesUITests.build/Objects-normal/arm64/OpenHikesUITests.abi.json (in target 'OpenHikesUITests' from project 'OpenHikes')
    cd /Users/zsoraj/Documents/OpenHikes
    builtin-copy -exclude .DS_Store -exclude CVS -exclude .svn -exclude .git -exclude .hg -resolve-src-symlinks -rename /Users/zsoraj/Library/Developer/Xcode/DerivedData/OpenHikes-dsjbwflghsqoduenorzlwghaliyw/Build/Intermediates.noindex/OpenHikes.build/Debug-iphonesimulator/OpenHikesUITests.build/Objects-normal/arm64/OpenHikesUITests.abi.json /Users/zsoraj/Library/Developer/Xcode/DerivedData/OpenHikes-dsjbwflghsqoduenorzlwghaliyw/Build/Products/Debug-iphonesimulator/OpenHikesUITests.swiftmodule/arm64-apple-ios-simulator.abi.json

Ld /Users/zsoraj/Library/Developer/Xcode/DerivedData/OpenHikes-dsjbwflghsqoduenorzlwghaliyw/Build/Products/Debug-iphonesimulator/OpenHikes.app/OpenHikes normal (in target 'OpenHikes' from project 'OpenHikes')
    cd /Users/zsoraj/Documents/OpenHikes
    /Applications/Xcode.app/Contents/Developer/Toolchains/XcodeDefault.xctoolchain/usr/bin/clang -Xlinker -reproducible -target arm64-apple-ios26.5-simulator -isysroot /Applications/Xcode.app/Contents/Developer/Platforms/iPhoneSimulator.platform/Developer/SDKs/iPhoneSimulator26.5.sdk -O0 -L/Users/zsoraj/Library/Developer/Xcode/DerivedData/OpenHikes-dsjbwflghsqoduenorzlwghaliyw/Build/Products/Debug-iphonesimulator -F/Users/zsoraj/Library/Developer/Xcode/DerivedData/OpenHikes-dsjbwflghsqoduenorzlwghaliyw/Build/Products/Debug-iphonesimulator/PackageFrameworks -F/Users/zsoraj/Library/Developer/Xcode/DerivedData/OpenHikes-dsjbwflghsqoduenorzlwghaliyw/Build/Products/Debug-iphonesimulator/PackageFrameworks -F/Users/zsoraj/Library/Developer/Xcode/DerivedData/OpenHikes-dsjbwflghsqoduenorzlwghaliyw/Build/Products/Debug-iphonesimulator/PackageFrameworks -F/Users/zsoraj/Library/Developer/Xcode/DerivedData/OpenHikes-dsjbwflghsqoduenorzlwghaliyw/Build/Products/Debug-iphonesimulator/PackageFrameworks -F/Users/zsoraj/Library/Developer/Xcode/DerivedData/OpenHikes-dsjbwflghsqoduenorzlwghaliyw/Build/Products/Debug-iphonesimulator/PackageFrameworks -F/Users/zsoraj/Library/Developer/Xcode/DerivedData/OpenHikes-dsjbwflghsqoduenorzlwghaliyw/Build/Products/Debug-iphonesimulator/PackageFrameworks -F/Users/zsoraj/Library/Developer/Xcode/DerivedData/OpenHikes-dsjbwflghsqoduenorzlwghaliyw/Build/Products/Debug-iphonesimulator/PackageFrameworks -F/Users/zsoraj/Library/Developer/Xcode/DerivedData/OpenHikes-dsjbwflghsqoduenorzlwghaliyw/Build/Products/Debug-iphonesimulator/PackageFrameworks -F/Users/zsoraj/Library/Developer/Xcode/DerivedData/OpenHikes-dsjbwflghsqoduenorzlwghaliyw/Build/Products/Debug-iphonesimulator/PackageFrameworks -F/Users/zsoraj/Library/Developer/Xcode/DerivedData/OpenHikes-dsjbwflghsqoduenorzlwghaliyw/Build/Products/Debug-iphonesimulator/PackageFrameworks -F/Users/zsoraj/Library/Developer/Xcode/DerivedData/OpenHikes-dsjbwflghsqoduenorzlwghaliyw/Build/Products/Debug-iphonesimulator -Xlinker -rpath -Xlinker @executable_path -Xlinker -rpath -Xlinker /Users/zsoraj/Library/Developer/Xcode/DerivedData/OpenHikes-dsjbwflghsqoduenorzlwghaliyw/Build/Products/Debug-iphonesimulator/PackageFrameworks -Xlinker -rpath -Xlinker @executable_path/Frameworks -rdynamic -Xlinker -no_deduplicate -Xlinker -objc_abi_version -Xlinker 2 -Xlinker -debug_variant -e ___debug_blank_executor_main -Xlinker -sectcreate -Xlinker __TEXT -Xlinker __debug_dylib -Xlinker /Users/zsoraj/Library/Developer/Xcode/DerivedData/OpenHikes-dsjbwflghsqoduenorzlwghaliyw/Build/Intermediates.noindex/OpenHikes.build/Debug-iphonesimulator/OpenHikes.build/OpenHikes-DebugDylibPath-normal-arm64.txt -Xlinker -sectcreate -Xlinker __TEXT -Xlinker __debug_instlnm -Xlinker /Users/zsoraj/Library/Developer/Xcode/DerivedData/OpenHikes-dsjbwflghsqoduenorzlwghaliyw/Build/Intermediates.noindex/OpenHikes.build/Debug-iphonesimulator/OpenHikes.build/OpenHikes-DebugDylibInstallName-normal-arm64.txt -Xlinker -filelist -Xlinker /Users/zsoraj/Library/Developer/Xcode/DerivedData/OpenHikes-dsjbwflghsqoduenorzlwghaliyw/Build/Intermediates.noindex/OpenHikes.build/Debug-iphonesimulator/OpenHikes.build/OpenHikes-ExecutorLinkFileList-normal-arm64.txt -Xlinker -sectcreate -Xlinker __TEXT -Xlinker __entitlements -Xlinker /Users/zsoraj/Library/Developer/Xcode/DerivedData/OpenHikes-dsjbwflghsqoduenorzlwghaliyw/Build/Intermediates.noindex/OpenHikes.build/Debug-iphonesimulator/OpenHikes.build/OpenHikes.app-Simulated.xcent -Xlinker -sectcreate -Xlinker __TEXT -Xlinker __ents_der -Xlinker /Users/zsoraj/Library/Developer/Xcode/DerivedData/OpenHikes-dsjbwflghsqoduenorzlwghaliyw/Build/Intermediates.noindex/OpenHikes.build/Debug-iphonesimulator/OpenHikes.build/OpenHikes.app-Simulated.xcent.der /Users/zsoraj/Library/Developer/Xcode/DerivedData/OpenHikes-dsjbwflghsqoduenorzlwghaliyw/Build/Products/Debug-iphonesimulator/OpenHikes.app/OpenHikes.debug.dylib -Xlinker -no_adhoc_codesign -o /Users/zsoraj/Library/Developer/Xcode/DerivedData/OpenHikes-dsjbwflghsqoduenorzlwghaliyw/Build/Products/Debug-iphonesimulator/OpenHikes.app/OpenHikes

Copy /Users/zsoraj/Library/Developer/Xcode/DerivedData/OpenHikes-dsjbwflghsqoduenorzlwghaliyw/Build/Products/Debug-iphonesimulator/OpenHikes.app/PlugIns/OpenWidgetExtension.appex /Users/zsoraj/Library/Developer/Xcode/DerivedData/OpenHikes-dsjbwflghsqoduenorzlwghaliyw/Build/Products/Debug-iphonesimulator/OpenWidgetExtension.appex (in target 'OpenHikes' from project 'OpenHikes')
    cd /Users/zsoraj/Documents/OpenHikes
    builtin-copy -exclude .DS_Store -exclude CVS -exclude .svn -exclude .git -exclude .hg -exclude Headers -exclude PrivateHeaders -exclude Modules -exclude \*.tbd -resolve-src-symlinks -remove-static-executable /Users/zsoraj/Library/Developer/Xcode/DerivedData/OpenHikes-dsjbwflghsqoduenorzlwghaliyw/Build/Products/Debug-iphonesimulator/OpenWidgetExtension.appex /Users/zsoraj/Library/Developer/Xcode/DerivedData/OpenHikes-dsjbwflghsqoduenorzlwghaliyw/Build/Products/Debug-iphonesimulator/OpenHikes.app/PlugIns

CopySwiftLibs /Users/zsoraj/Library/Developer/Xcode/DerivedData/OpenHikes-dsjbwflghsqoduenorzlwghaliyw/Build/Products/Debug-iphonesimulator/OpenHikes.app (in target 'OpenHikes' from project 'OpenHikes')
    cd /Users/zsoraj/Documents/OpenHikes
    builtin-swiftStdLibTool --copy --verbose --sign - --scan-executable /Users/zsoraj/Library/Developer/Xcode/DerivedData/OpenHikes-dsjbwflghsqoduenorzlwghaliyw/Build/Products/Debug-iphonesimulator/OpenHikes.app/OpenHikes.debug.dylib --scan-folder /Users/zsoraj/Library/Developer/Xcode/DerivedData/OpenHikes-dsjbwflghsqoduenorzlwghaliyw/Build/Products/Debug-iphonesimulator/OpenHikes.app/Frameworks --scan-folder /Users/zsoraj/Library/Developer/Xcode/DerivedData/OpenHikes-dsjbwflghsqoduenorzlwghaliyw/Build/Products/Debug-iphonesimulator/OpenHikes.app/PlugIns --scan-folder /Users/zsoraj/Library/Developer/Xcode/DerivedData/OpenHikes-dsjbwflghsqoduenorzlwghaliyw/Build/Products/Debug-iphonesimulator/OpenHikes.app/SystemExtensions --scan-folder /Users/zsoraj/Library/Developer/Xcode/DerivedData/OpenHikes-dsjbwflghsqoduenorzlwghaliyw/Build/Products/Debug-iphonesimulator/OpenHikes.app/Extensions --platform iphonesimulator --toolchain /Applications/Xcode.app/Contents/Developer/Toolchains/XcodeDefault.xctoolchain --destination /Users/zsoraj/Library/Developer/Xcode/DerivedData/OpenHikes-dsjbwflghsqoduenorzlwghaliyw/Build/Products/Debug-iphonesimulator/OpenHikes.app/Frameworks --strip-bitcode --strip-bitcode-tool /Applications/Xcode.app/Contents/Developer/Toolchains/XcodeDefault.xctoolchain/usr/bin/bitcode_strip --emit-dependency-info /Users/zsoraj/Library/Developer/Xcode/DerivedData/OpenHikes-dsjbwflghsqoduenorzlwghaliyw/Build/Intermediates.noindex/OpenHikes.build/Debug-iphonesimulator/OpenHikes.build/SwiftStdLibToolInputDependencies.dep --filter-for-swift-os

ExtractAppIntentsMetadata (in target 'OpenHikes' from project 'OpenHikes')
    cd /Users/zsoraj/Documents/OpenHikes
    /Applications/Xcode.app/Contents/Developer/Toolchains/XcodeDefault.xctoolchain/usr/bin/appintentsmetadataprocessor --toolchain-dir /Applications/Xcode.app/Contents/Developer/Toolchains/XcodeDefault.xctoolchain --module-name OpenHikes --sdk-root /Applications/Xcode.app/Contents/Developer/Platforms/iPhoneSimulator.platform/Developer/SDKs/iPhoneSimulator26.5.sdk --xcode-version 17F113 --platform-family iOS --deployment-target 26.5 --bundle-identifier tappium.com.OpenHikes --output /Users/zsoraj/Library/Developer/Xcode/DerivedData/OpenHikes-dsjbwflghsqoduenorzlwghaliyw/Build/Products/Debug-iphonesimulator/OpenHikes.app --target-triple arm64-apple-ios26.5-simulator --binary-file /Users/zsoraj/Library/Developer/Xcode/DerivedData/OpenHikes-dsjbwflghsqoduenorzlwghaliyw/Build/Products/Debug-iphonesimulator/OpenHikes.app/OpenHikes --dependency-file /Users/zsoraj/Library/Developer/Xcode/DerivedData/OpenHikes-dsjbwflghsqoduenorzlwghaliyw/Build/Intermediates.noindex/OpenHikes.build/Debug-iphonesimulator/OpenHikes.build/Objects-normal/arm64/OpenHikes_dependency_info.dat --stringsdata-file /Users/zsoraj/Library/Developer/Xcode/DerivedData/OpenHikes-dsjbwflghsqoduenorzlwghaliyw/Build/Intermediates.noindex/OpenHikes.build/Debug-iphonesimulator/OpenHikes.build/Objects-normal/arm64/ExtractedAppShortcutsMetadata.stringsdata --source-file-list /Users/zsoraj/Library/Developer/Xcode/DerivedData/OpenHikes-dsjbwflghsqoduenorzlwghaliyw/Build/Intermediates.noindex/OpenHikes.build/Debug-iphonesimulator/OpenHikes.build/Objects-normal/arm64/OpenHikes.SwiftFileList --metadata-file-list /Users/zsoraj/Library/Developer/Xcode/DerivedData/OpenHikes-dsjbwflghsqoduenorzlwghaliyw/Build/Intermediates.noindex/OpenHikes.build/Debug-iphonesimulator/OpenHikes.build/OpenHikes.DependencyMetadataFileList --static-metadata-file-list /Users/zsoraj/Library/Developer/Xcode/DerivedData/OpenHikes-dsjbwflghsqoduenorzlwghaliyw/Build/Intermediates.noindex/OpenHikes.build/Debug-iphonesimulator/OpenHikes.build/OpenHikes.DependencyStaticMetadataFileList --swift-const-vals-list /Users/zsoraj/Library/Developer/Xcode/DerivedData/OpenHikes-dsjbwflghsqoduenorzlwghaliyw/Build/Intermediates.noindex/OpenHikes.build/Debug-iphonesimulator/OpenHikes.build/Objects-normal/arm64/OpenHikes.SwiftConstValuesFileList --compile-time-extraction --deployment-aware-processing --validate-assistant-intents --no-app-shortcuts-localization
2026-08-27 00:52:35.502 appintentsmetadataprocessor[14594:1688845] Starting appintentsmetadataprocessor export
2026-08-27 00:52:35.519 appintentsmetadataprocessor[14594:1688845] Extracted no relevant App Intents symbols, skipping writing output

ProcessInfoPlistFile /Users/zsoraj/Library/Developer/Xcode/DerivedData/OpenHikes-dsjbwflghsqoduenorzlwghaliyw/Build/Products/Debug-iphonesimulator/OpenHikes.app/Info.plist /Users/zsoraj/Documents/OpenHikes/OpenHikes/Info.plist (in target 'OpenHikes' from project 'OpenHikes')
    cd /Users/zsoraj/Documents/OpenHikes
    builtin-infoPlistUtility /Users/zsoraj/Documents/OpenHikes/OpenHikes/Info.plist -producttype com.apple.product-type.application -genpkginfo /Users/zsoraj/Library/Developer/Xcode/DerivedData/OpenHikes-dsjbwflghsqoduenorzlwghaliyw/Build/Products/Debug-iphonesimulator/OpenHikes.app/PkgInfo -expandbuildsettings -format binary -platform iphonesimulator -additionalcontentfile /Users/zsoraj/Library/Developer/Xcode/DerivedData/OpenHikes-dsjbwflghsqoduenorzlwghaliyw/Build/Intermediates.noindex/OpenHikes.build/Debug-iphonesimulator/OpenHikes.build/assetcatalog_generated_info.plist -scanforprivacyfile /Users/zsoraj/Library/Developer/Xcode/DerivedData/OpenHikes-dsjbwflghsqoduenorzlwghaliyw/Build/Products/Debug-iphonesimulator/OpenHikes.app/PlugIns/OpenWidgetExtension.appex -o /Users/zsoraj/Library/Developer/Xcode/DerivedData/OpenHikes-dsjbwflghsqoduenorzlwghaliyw/Build/Products/Debug-iphonesimulator/OpenHikes.app/Info.plist

CodeSign /Users/zsoraj/Library/Developer/Xcode/DerivedData/OpenHikes-dsjbwflghsqoduenorzlwghaliyw/Build/Products/Debug-iphonesimulator/OpenHikes.app/OpenHikes.debug.dylib (in target 'OpenHikes' from project 'OpenHikes')
    cd /Users/zsoraj/Documents/OpenHikes
    
    Signing Identity:     "Sign to Run Locally"
    
    /usr/bin/codesign --force --sign - --timestamp\=none --generate-entitlement-der /Users/zsoraj/Library/Developer/Xcode/DerivedData/OpenHikes-dsjbwflghsqoduenorzlwghaliyw/Build/Products/Debug-iphonesimulator/OpenHikes.app/OpenHikes.debug.dylib

CodeSign /Users/zsoraj/Library/Developer/Xcode/DerivedData/OpenHikes-dsjbwflghsqoduenorzlwghaliyw/Build/Products/Debug-iphonesimulator/OpenHikes.app/__preview.dylib (in target 'OpenHikes' from project 'OpenHikes')
    cd /Users/zsoraj/Documents/OpenHikes
    
    Signing Identity:     "Sign to Run Locally"
    
    /usr/bin/codesign --force --sign - --timestamp\=none --generate-entitlement-der /Users/zsoraj/Library/Developer/Xcode/DerivedData/OpenHikes-dsjbwflghsqoduenorzlwghaliyw/Build/Products/Debug-iphonesimulator/OpenHikes.app/__preview.dylib
/Users/zsoraj/Library/Developer/Xcode/DerivedData/OpenHikes-dsjbwflghsqoduenorzlwghaliyw/Build/Products/Debug-iphonesimulator/OpenHikes.app/__preview.dylib: replacing existing signature

CodeSign /Users/zsoraj/Library/Developer/Xcode/DerivedData/OpenHikes-dsjbwflghsqoduenorzlwghaliyw/Build/Products/Debug-iphonesimulator/OpenHikes.app (in target 'OpenHikes' from project 'OpenHikes')
    cd /Users/zsoraj/Documents/OpenHikes
    
    Signing Identity:     "Sign to Run Locally"
    
    /usr/bin/codesign --force --sign - --entitlements /Users/zsoraj/Library/Developer/Xcode/DerivedData/OpenHikes-dsjbwflghsqoduenorzlwghaliyw/Build/Intermediates.noindex/OpenHikes.build/Debug-iphonesimulator/OpenHikes.build/OpenHikes.app.xcent --timestamp\=none --generate-entitlement-der /Users/zsoraj/Library/Developer/Xcode/DerivedData/OpenHikes-dsjbwflghsqoduenorzlwghaliyw/Build/Products/Debug-iphonesimulator/OpenHikes.app

Validate /Users/zsoraj/Library/Developer/Xcode/DerivedData/OpenHikes-dsjbwflghsqoduenorzlwghaliyw/Build/Products/Debug-iphonesimulator/OpenHikes.app (in target 'OpenHikes' from project 'OpenHikes')
    cd /Users/zsoraj/Documents/OpenHikes
    builtin-validationUtility /Users/zsoraj/Library/Developer/Xcode/DerivedData/OpenHikes-dsjbwflghsqoduenorzlwghaliyw/Build/Products/Debug-iphonesimulator/OpenHikes.app -shallow-bundle -infoplist-subpath Info.plist

ValidateEmbeddedBinary /Users/zsoraj/Library/Developer/Xcode/DerivedData/OpenHikes-dsjbwflghsqoduenorzlwghaliyw/Build/Products/Debug-iphonesimulator/OpenHikes.app/PlugIns/OpenWidgetExtension.appex (in target 'OpenHikes' from project 'OpenHikes')
    cd /Users/zsoraj/Documents/OpenHikes
    /Applications/Xcode.app/Contents/Developer/usr/bin/embeddedBinaryValidationUtility /Users/zsoraj/Library/Developer/Xcode/DerivedData/OpenHikes-dsjbwflghsqoduenorzlwghaliyw/Build/Products/Debug-iphonesimulator/OpenHikes.app/PlugIns/OpenWidgetExtension.appex -signing-cert - -info-plist-path /Users/zsoraj/Library/Developer/Xcode/DerivedData/OpenHikes-dsjbwflghsqoduenorzlwghaliyw/Build/Products/Debug-iphonesimulator/OpenHikes.app/Info.plist

ProcessInfoPlistFile /Users/zsoraj/Library/Developer/Xcode/DerivedData/OpenHikes-dsjbwflghsqoduenorzlwghaliyw/Build/Products/Debug-iphonesimulator/OpenHikesUITests-Runner.app/PlugIns/OpenHikesUITests.xctest/Info.plist /Users/zsoraj/Library/Developer/Xcode/DerivedData/OpenHikes-dsjbwflghsqoduenorzlwghaliyw/Build/Intermediates.noindex/OpenHikes.build/Debug-iphonesimulator/OpenHikesUITests.build/empty-OpenHikesUITests.plist (in target 'OpenHikesUITests' from project 'OpenHikes')
    cd /Users/zsoraj/Documents/OpenHikes
    builtin-infoPlistUtility /Users/zsoraj/Library/Developer/Xcode/DerivedData/OpenHikes-dsjbwflghsqoduenorzlwghaliyw/Build/Intermediates.noindex/OpenHikes.build/Debug-iphonesimulator/OpenHikesUITests.build/empty-OpenHikesUITests.plist -producttype com.apple.product-type.bundle.ui-testing -expandbuildsettings -format binary -platform iphonesimulator -additionalcontentfile /Users/zsoraj/Library/Developer/Xcode/DerivedData/OpenHikes-dsjbwflghsqoduenorzlwghaliyw/Build/Intermediates.noindex/OpenHikes.build/Debug-iphonesimulator/OpenHikesUITests.build/ProductTypeInfoPlistAdditions.plist -o /Users/zsoraj/Library/Developer/Xcode/DerivedData/OpenHikes-dsjbwflghsqoduenorzlwghaliyw/Build/Products/Debug-iphonesimulator/OpenHikesUITests-Runner.app/PlugIns/OpenHikesUITests.xctest/Info.plist

Ld /Users/zsoraj/Library/Developer/Xcode/DerivedData/OpenHikes-dsjbwflghsqoduenorzlwghaliyw/Build/Products/Debug-iphonesimulator/OpenHikesUITests-Runner.app/PlugIns/OpenHikesUITests.xctest/OpenHikesUITests normal (in target 'OpenHikesUITests' from project 'OpenHikes')
    cd /Users/zsoraj/Documents/OpenHikes
    /Applications/Xcode.app/Contents/Developer/Toolchains/XcodeDefault.xctoolchain/usr/bin/clang -Xlinker -reproducible -target arm64-apple-ios26.5-simulator -bundle -isysroot /Applications/Xcode.app/Contents/Developer/Platforms/iPhoneSimulator.platform/Developer/SDKs/iPhoneSimulator26.5.sdk -O0 -L/Users/zsoraj/Library/Developer/Xcode/DerivedData/OpenHikes-dsjbwflghsqoduenorzlwghaliyw/Build/Intermediates.noindex/EagerLinkingTBDs/Debug-iphonesimulator -L/Users/zsoraj/Library/Developer/Xcode/DerivedData/OpenHikes-dsjbwflghsqoduenorzlwghaliyw/Build/Products/Debug-iphonesimulator -L/Applications/Xcode.app/Contents/Developer/Platforms/iPhoneSimulator.platform/Developer/usr/lib -F/Users/zsoraj/Library/Developer/Xcode/DerivedData/OpenHikes-dsjbwflghsqoduenorzlwghaliyw/Build/Intermediates.noindex/EagerLinkingTBDs/Debug-iphonesimulator -F/Users/zsoraj/Library/Developer/Xcode/DerivedData/OpenHikes-dsjbwflghsqoduenorzlwghaliyw/Build/Products/Debug-iphonesimulator -iframework /Applications/Xcode.app/Contents/Developer/Platforms/iPhoneSimulator.platform/Developer/Library/Frameworks -iframework /Applications/Xcode.app/Contents/Developer/Platforms/iPhoneSimulator.platform/Developer/SDKs/iPhoneSimulator26.5.sdk/Developer/Library/Frameworks -filelist /Users/zsoraj/Library/Developer/Xcode/DerivedData/OpenHikes-dsjbwflghsqoduenorzlwghaliyw/Build/Intermediates.noindex/OpenHikes.build/Debug-iphonesimulator/OpenHikesUITests.build/Objects-normal/arm64/OpenHikesUITests.LinkFileList -Xlinker -rpath -Xlinker @loader_path/Frameworks -Xlinker -rpath -Xlinker @executable_path/Frameworks -Xlinker -dead_strip -Xlinker -object_path_lto -Xlinker /Users/zsoraj/Library/Developer/Xcode/DerivedData/OpenHikes-dsjbwflghsqoduenorzlwghaliyw/Build/Intermediates.noindex/OpenHikes.build/Debug-iphonesimulator/OpenHikesUITests.build/Objects-normal/arm64/OpenHikesUITests_lto.o -rdynamic -Xlinker -no_deduplicate -Xlinker -objc_abi_version -Xlinker 2 -Xlinker -debug_variant -Xlinker -dependency_info -Xlinker /Users/zsoraj/Library/Developer/Xcode/DerivedData/OpenHikes-dsjbwflghsqoduenorzlwghaliyw/Build/Intermediates.noindex/OpenHikes.build/Debug-iphonesimulator/OpenHikesUITests.build/Objects-normal/arm64/OpenHikesUITests_dependency_info.dat -fobjc-link-runtime -fprofile-instr-generate -L/Applications/Xcode.app/Contents/Developer/Toolchains/XcodeDefault.xctoolchain/usr/lib/swift/iphonesimulator -L/usr/lib/swift -Xlinker -add_ast_path -Xlinker /Users/zsoraj/Library/Developer/Xcode/DerivedData/OpenHikes-dsjbwflghsqoduenorzlwghaliyw/Build/Intermediates.noindex/OpenHikes.build/Debug-iphonesimulator/OpenHikesUITests.build/Objects-normal/arm64/OpenHikesUITests.swiftmodule @/Users/zsoraj/Library/Developer/Xcode/DerivedData/OpenHikes-dsjbwflghsqoduenorzlwghaliyw/Build/Intermediates.noindex/OpenHikes.build/Debug-iphonesimulator/OpenHikesUITests.build/Objects-normal/arm64/OpenHikesUITests-linker-args.resp -Xlinker -needed_framework -Xlinker XCTest -framework XCTest -Xlinker -needed-lXCTestSwiftSupport -lXCTestSwiftSupport -Xlinker -sectcreate -Xlinker __TEXT -Xlinker __entitlements -Xlinker /Users/zsoraj/Library/Developer/Xcode/DerivedData/OpenHikes-dsjbwflghsqoduenorzlwghaliyw/Build/Intermediates.noindex/OpenHikes.build/Debug-iphonesimulator/OpenHikesUITests.build/OpenHikesUITests.xctest-Simulated.xcent -Xlinker -sectcreate -Xlinker __TEXT -Xlinker __ents_der -Xlinker /Users/zsoraj/Library/Developer/Xcode/DerivedData/OpenHikes-dsjbwflghsqoduenorzlwghaliyw/Build/Intermediates.noindex/OpenHikes.build/Debug-iphonesimulator/OpenHikesUITests.build/OpenHikesUITests.xctest-Simulated.xcent.der -Xlinker -no_adhoc_codesign -o /Users/zsoraj/Library/Developer/Xcode/DerivedData/OpenHikes-dsjbwflghsqoduenorzlwghaliyw/Build/Products/Debug-iphonesimulator/OpenHikesUITests-Runner.app/PlugIns/OpenHikesUITests.xctest/OpenHikesUITests

CopySwiftLibs /Users/zsoraj/Library/Developer/Xcode/DerivedData/OpenHikes-dsjbwflghsqoduenorzlwghaliyw/Build/Products/Debug-iphonesimulator/OpenHikesUITests-Runner.app/PlugIns/OpenHikesUITests.xctest (in target 'OpenHikesUITests' from project 'OpenHikes')
    cd /Users/zsoraj/Documents/OpenHikes
    builtin-swiftStdLibTool --copy --verbose --sign - --scan-executable /Users/zsoraj/Library/Developer/Xcode/DerivedData/OpenHikes-dsjbwflghsqoduenorzlwghaliyw/Build/Products/Debug-iphonesimulator/OpenHikesUITests-Runner.app/PlugIns/OpenHikesUITests.xctest/OpenHikesUITests --scan-folder /Users/zsoraj/Library/Developer/Xcode/DerivedData/OpenHikes-dsjbwflghsqoduenorzlwghaliyw/Build/Products/Debug-iphonesimulator/OpenHikesUITests-Runner.app/PlugIns/OpenHikesUITests.xctest/Frameworks --scan-folder /Users/zsoraj/Library/Developer/Xcode/DerivedData/OpenHikes-dsjbwflghsqoduenorzlwghaliyw/Build/Products/Debug-iphonesimulator/OpenHikesUITests-Runner.app/PlugIns/OpenHikesUITests.xctest/PlugIns --scan-folder /Users/zsoraj/Library/Developer/Xcode/DerivedData/OpenHikes-dsjbwflghsqoduenorzlwghaliyw/Build/Products/Debug-iphonesimulator/OpenHikesUITests-Runner.app/PlugIns/OpenHikesUITests.xctest/SystemExtensions --scan-folder /Users/zsoraj/Library/Developer/Xcode/DerivedData/OpenHikes-dsjbwflghsqoduenorzlwghaliyw/Build/Products/Debug-iphonesimulator/OpenHikesUITests-Runner.app/PlugIns/OpenHikesUITests.xctest/Extensions --platform iphonesimulator --toolchain /Applications/Xcode.app/Contents/Developer/Toolchains/XcodeDefault.xctoolchain --destination /Users/zsoraj/Library/Developer/Xcode/DerivedData/OpenHikes-dsjbwflghsqoduenorzlwghaliyw/Build/Products/Debug-iphonesimulator/OpenHikesUITests-Runner.app/PlugIns/OpenHikesUITests.xctest/Frameworks --strip-bitcode --scan-executable /Applications/Xcode.app/Contents/Developer/Platforms/iPhoneSimulator.platform/Developer/usr/lib/libXCTestSwiftSupport.dylib --strip-bitcode-tool /Applications/Xcode.app/Contents/Developer/Toolchains/XcodeDefault.xctoolchain/usr/bin/bitcode_strip --emit-dependency-info /Users/zsoraj/Library/Developer/Xcode/DerivedData/OpenHikes-dsjbwflghsqoduenorzlwghaliyw/Build/Intermediates.noindex/OpenHikes.build/Debug-iphonesimulator/OpenHikesUITests.build/SwiftStdLibToolInputDependencies.dep --filter-for-swift-os

ExtractAppIntentsMetadata (in target 'OpenHikesUITests' from project 'OpenHikes')
    cd /Users/zsoraj/Documents/OpenHikes
    /Applications/Xcode.app/Contents/Developer/Toolchains/XcodeDefault.xctoolchain/usr/bin/appintentsmetadataprocessor --toolchain-dir /Applications/Xcode.app/Contents/Developer/Toolchains/XcodeDefault.xctoolchain --module-name OpenHikesUITests --sdk-root /Applications/Xcode.app/Contents/Developer/Platforms/iPhoneSimulator.platform/Developer/SDKs/iPhoneSimulator26.5.sdk --xcode-version 17F113 --platform-family iOS --deployment-target 26.5 --bundle-identifier tappium.com.OpenHikesUITests --output /Users/zsoraj/Library/Developer/Xcode/DerivedData/OpenHikes-dsjbwflghsqoduenorzlwghaliyw/Build/Products/Debug-iphonesimulator/OpenHikesUITests-Runner.app/PlugIns/OpenHikesUITests.xctest --target-triple arm64-apple-ios26.5-simulator --binary-file /Users/zsoraj/Library/Developer/Xcode/DerivedData/OpenHikes-dsjbwflghsqoduenorzlwghaliyw/Build/Products/Debug-iphonesimulator/OpenHikesUITests-Runner.app/PlugIns/OpenHikesUITests.xctest/OpenHikesUITests --dependency-file /Users/zsoraj/Library/Developer/Xcode/DerivedData/OpenHikes-dsjbwflghsqoduenorzlwghaliyw/Build/Intermediates.noindex/OpenHikes.build/Debug-iphonesimulator/OpenHikesUITests.build/Objects-normal/arm64/OpenHikesUITests_dependency_info.dat --stringsdata-file /Users/zsoraj/Library/Developer/Xcode/DerivedData/OpenHikes-dsjbwflghsqoduenorzlwghaliyw/Build/Intermediates.noindex/OpenHikes.build/Debug-iphonesimulator/OpenHikesUITests.build/Objects-normal/arm64/ExtractedAppShortcutsMetadata.stringsdata --source-file-list /Users/zsoraj/Library/Developer/Xcode/DerivedData/OpenHikes-dsjbwflghsqoduenorzlwghaliyw/Build/Intermediates.noindex/OpenHikes.build/Debug-iphonesimulator/OpenHikesUITests.build/Objects-normal/arm64/OpenHikesUITests.SwiftFileList --metadata-file-list /Users/zsoraj/Library/Developer/Xcode/DerivedData/OpenHikes-dsjbwflghsqoduenorzlwghaliyw/Build/Intermediates.noindex/OpenHikes.build/Debug-iphonesimulator/OpenHikesUITests.build/OpenHikesUITests.DependencyMetadataFileList --static-metadata-file-list /Users/zsoraj/Library/Developer/Xcode/DerivedData/OpenHikes-dsjbwflghsqoduenorzlwghaliyw/Build/Intermediates.noindex/OpenHikes.build/Debug-iphonesimulator/OpenHikesUITests.build/OpenHikesUITests.DependencyStaticMetadataFileList --swift-const-vals-list /Users/zsoraj/Library/Developer/Xcode/DerivedData/OpenHikes-dsjbwflghsqoduenorzlwghaliyw/Build/Intermediates.noindex/OpenHikes.build/Debug-iphonesimulator/OpenHikesUITests.build/Objects-normal/arm64/OpenHikesUITests.SwiftConstValuesFileList --compile-time-extraction --deployment-aware-processing --validate-assistant-intents --no-app-shortcuts-localization
2026-08-27 00:52:36.383 appintentsmetadataprocessor[14601:1688926] Starting appintentsmetadataprocessor export
2026-08-27 00:52:36.384 appintentsmetadataprocessor[14601:1688926] warning: Metadata extraction skipped. No AppIntents.framework dependency found.

AppIntentsSSUTraining (in target 'OpenHikesUITests' from project 'OpenHikes')
    cd /Users/zsoraj/Documents/OpenHikes
    /Applications/Xcode.app/Contents/Developer/Toolchains/XcodeDefault.xctoolchain/usr/bin/appintentsnltrainingprocessor --infoplist-path /Users/zsoraj/Library/Developer/Xcode/DerivedData/OpenHikes-dsjbwflghsqoduenorzlwghaliyw/Build/Products/Debug-iphonesimulator/OpenHikesUITests-Runner.app/PlugIns/OpenHikesUITests.xctest/Info.plist --temp-dir-path /Users/zsoraj/Library/Developer/Xcode/DerivedData/OpenHikes-dsjbwflghsqoduenorzlwghaliyw/Build/Intermediates.noindex/OpenHikes.build/Debug-iphonesimulator/OpenHikesUITests.build/ssu --bundle-id tappium.com.OpenHikesUITests --product-path /Users/zsoraj/Library/Developer/Xcode/DerivedData/OpenHikes-dsjbwflghsqoduenorzlwghaliyw/Build/Products/Debug-iphonesimulator/OpenHikesUITests-Runner.app/PlugIns/OpenHikesUITests.xctest --extracted-metadata-path /Users/zsoraj/Library/Developer/Xcode/DerivedData/OpenHikes-dsjbwflghsqoduenorzlwghaliyw/Build/Products/Debug-iphonesimulator/OpenHikesUITests-Runner.app/PlugIns/OpenHikesUITests.xctest/Metadata.appintents --metadata-file-list /Users/zsoraj/Library/Developer/Xcode/DerivedData/OpenHikes-dsjbwflghsqoduenorzlwghaliyw/Build/Intermediates.noindex/OpenHikes.build/Debug-iphonesimulator/OpenHikesUITests.build/OpenHikesUITests.DependencyMetadataFileList --source-file /Users/zsoraj/Library/Developer/Xcode/DerivedData/OpenHikes-dsjbwflghsqoduenorzlwghaliyw/Build/Products/Debug-iphonesimulator/OpenHikesUITests-Runner.app/PlugIns/OpenHikesUITests.xctest/Info.plist --archive-ssu-assets
2026-08-27 00:52:36.414 appintentsnltrainingprocessor[14602:1688927] Parsing options for appintentsnltrainingprocessor
2026-08-27 00:52:36.414 appintentsnltrainingprocessor[14602:1688927] Starting AppIntents SSU YAML Generation
2026-08-27 00:52:36.414 appintentsnltrainingprocessor[14602:1688927] No AppShortcuts found - Skipping.

CodeSign /Users/zsoraj/Library/Developer/Xcode/DerivedData/OpenHikes-dsjbwflghsqoduenorzlwghaliyw/Build/Products/Debug-iphonesimulator/OpenHikesUITests-Runner.app/PlugIns/OpenHikesUITests.xctest (in target 'OpenHikesUITests' from project 'OpenHikes')
    cd /Users/zsoraj/Documents/OpenHikes
    
    Signing Identity:     "Sign to Run Locally"
    
    /usr/bin/codesign --force --sign - --timestamp\=none --generate-entitlement-der /Users/zsoraj/Library/Developer/Xcode/DerivedData/OpenHikes-dsjbwflghsqoduenorzlwghaliyw/Build/Products/Debug-iphonesimulator/OpenHikesUITests-Runner.app/PlugIns/OpenHikesUITests.xctest

CodeSign /Users/zsoraj/Library/Developer/Xcode/DerivedData/OpenHikes-dsjbwflghsqoduenorzlwghaliyw/Build/Products/Debug-iphonesimulator/OpenHikesUITests-Runner.app (in target 'OpenHikesUITests' from project 'OpenHikes')
    cd /Users/zsoraj/Documents/OpenHikes
    
    Signing Identity:     "Sign to Run Locally"
    
    /usr/bin/codesign --force --sign - --timestamp\=none --generate-entitlement-der /Users/zsoraj/Library/Developer/Xcode/DerivedData/OpenHikes-dsjbwflghsqoduenorzlwghaliyw/Build/Products/Debug-iphonesimulator/OpenHikesUITests-Runner.app
/Users/zsoraj/Library/Developer/Xcode/DerivedData/OpenHikes-dsjbwflghsqoduenorzlwghaliyw/Build/Products/Debug-iphonesimulator/OpenHikesUITests-Runner.app: replacing existing signature

2026-08-27 00:52:39.871075+0200 OpenHikesUITests-Runner[14612:1689214] [Default] Running tests...
    t =      nans Interface orientation changed to Portrait
Test Suite 'Selected tests' started at 2026-08-27 00:52:40.324.
Test Suite 'OpenHikesUITests.xctest' started at 2026-08-27 00:52:40.324.
Test Suite 'PerformanceUITests' started at 2026-08-27 00:52:40.324.
Test Case '-[OpenHikesUITests.PerformanceUITests testPhotoGalleryStaysInsideTheStrip]' started.
    t =     0.00s Start Test at 2026-08-27 00:52:40.325
    t =     0.02s Set Up
    t =     0.02s Open tappium.com.OpenHikes
    t =     0.02s     Launch tappium.com.OpenHikes
2026-08-27 00:52:40.425 xcodebuild[14528:1688419] [MT] IDELaunchParametersSnapshot: The operation couldn’t be completed. (DebuggerLLDB.DebuggerVersionStore.StoreError error 0.)
2026-08-27 00:52:40.425 xcodebuild[14528:1688419] [MT] IDELaunchParametersSnapshot: no debugger version
objc[14612]: Class UIAccessibilityLoaderWebShared is implemented in both /Library/Developer/CoreSimulator/Volumes/iOS_23F77/Library/Developer/CoreSimulator/Profiles/Runtimes/iOS 26.5.simruntime/Contents/Resources/RuntimeRoot/System/Library/AccessibilityBundles/WebCore.axbundle/WebCore (0x107e34310) and /Library/Developer/CoreSimulator/Volumes/iOS_23F77/Library/Developer/CoreSimulator/Profiles/Runtimes/iOS 26.5.simruntime/Contents/Resources/RuntimeRoot/System/Library/AccessibilityBundles/WebKit.axbundle/WebKit (0x107f00398). This may cause spurious casting failures and mysterious crashes. One of the duplicates must be removed or renamed.
    t =     0.71s         Setting up automation session
    t =     1.45s         Wait for tappium.com.OpenHikes to idle
    t =     3.00s Wait for tappium.com.OpenHikes to become Running Foreground
    t =     3.00s Waiting 30.0s for "hike-row" Any to exist
    t =     4.07s     Checking `Expect predicate `existsNoRetry == 1` for object "hike-row" Any`
    t =     4.08s         Checking existence of `"hike-row" Any`
    t =     4.18s Waiting 15.0s for "hike-row" Any to exist
    t =     5.24s     Checking `Expect predicate `existsNoRetry == 1` for object "hike-row" Any`
    t =     5.25s         Checking existence of `"hike-row" Any`
    t =     5.30s Tap "hike-row" Any
    t =     5.30s     Wait for tappium.com.OpenHikes to idle
    t =     5.30s     Find the "hike-row" Any
    t =     5.35s     Check for interrupting elements affecting "hike-row" Button
    t =     5.39s     Synthesize event
    t =     5.68s     Wait for tappium.com.OpenHikes to idle
    t =     6.55s Waiting 10.0s for "Thumsee Loop (fast, simulated)" NavigationBar to exist
    t =     7.63s     Checking `Expect predicate `existsNoRetry == 1` for object "Thumsee Loop (fast, simulated)" NavigationBar`
    t =     7.63s         Checking existence of `"Thumsee Loop (fast, simulated)" NavigationBar`
    t =     7.73s Waiting 30.0s for "performance-counters" Any to exist
    t =     8.80s     Checking `Expect predicate `existsNoRetry == 1` for object "performance-counters" Any`
    t =     8.80s         Checking existence of `"performance-counters" Any`
    t =     8.83s Find the "performance-counters" Any
    t =     9.36s Waiting 30.0s for "performance-counters" Any to exist
    t =    10.44s     Checking `Expect predicate `existsNoRetry == 1` for object "performance-counters" Any`
    t =    10.45s         Checking existence of `"performance-counters" Any`
    t =    10.47s Find the "performance-counters" Any
    t =    10.49s Tap "elevation-chart" Any[0.50, 0.50]
    t =    10.49s     Wait for tappium.com.OpenHikes to idle
    t =    10.50s     Find the "elevation-chart" Any
    t =    10.57s     Check for interrupting elements affecting "elevation-chart" Other
    t =    10.61s     Synthesize event
    t =    10.61s         Find the "elevation-chart" Other
    t =    10.68s         Find the "elevation-chart" Other
    t =    10.76s         Find the "elevation-chart" Other
    t =    11.12s     Wait for tappium.com.OpenHikes to idle
    t =    11.82s Waiting 30.0s for "performance-counters" Any to exist
    t =    12.90s     Checking `Expect predicate `existsNoRetry == 1` for object "performance-counters" Any`
    t =    12.90s         Checking existence of `"performance-counters" Any`
    t =    12.93s Find the "performance-counters" Any
    t =    13.45s Waiting 30.0s for "performance-counters" Any to exist
    t =    14.53s     Checking `Expect predicate `existsNoRetry == 1` for object "performance-counters" Any`
    t =    14.53s         Checking existence of `"performance-counters" Any`
    t =    14.56s Find the "performance-counters" Any
    t =    14.58s Checking existence of `ScrollView (First Match)`
    t =    14.61s Checking existence of `"hike-photo-strip" Any`
    t =    14.69s Find the "hike-photo-strip" Any
    t =    14.77s Swipe up ScrollView (First Match)
    t =    14.77s     Wait for tappium.com.OpenHikes to idle
    t =    14.77s     Find the ScrollView (First Match)
    t =    14.80s     Check for interrupting elements affecting ScrollView
    t =    14.84s     Synthesize event
    t =    15.28s     Wait for tappium.com.OpenHikes to idle
    t =    16.02s Checking existence of `"hike-photo-strip" ScrollView`
    t =    16.11s Find the "hike-photo-strip" ScrollView
    t =    16.19s Swipe up ScrollView at {{8.0, 415.0}, {386.0, 451.0}}
    t =    16.19s     Wait for tappium.com.OpenHikes to idle
    t =    16.20s     Find the ScrollView at {{8.0, 415.0}, {386.0, 451.0}}
    t =    16.23s     Check for interrupting elements affecting ScrollView
    t =    16.26s     Synthesize event
    t =    16.70s     Wait for tappium.com.OpenHikes to idle
    t =    18.79s Checking existence of `"hike-photo-strip" ScrollView`
    t =    18.91s Find the "hike-photo-strip" ScrollView
    t =    19.03s Find the "hike-photo-strip" ScrollView
    t =    19.11s Find the Target Application 'tappium.com.OpenHikes'
    t =    19.13s Waiting 30.0s for "performance-counters" Any to exist
    t =    20.20s     Checking `Expect predicate `existsNoRetry == 1` for object "performance-counters" Any`
    t =    20.20s         Checking existence of `"performance-counters" Any`
    t =    20.23s Find the "performance-counters" Any
    t =    20.75s Waiting 30.0s for "performance-counters" Any to exist
    t =    21.83s     Checking `Expect predicate `existsNoRetry == 1` for object "performance-counters" Any`
    t =    21.83s         Checking existence of `"performance-counters" Any`
    t =    21.86s Find the "performance-counters" Any
    t =    21.87s Waiting 30.0s for "performance-counters" Any to exist
    t =    22.95s     Checking `Expect predicate `existsNoRetry == 1` for object "performance-counters" Any`
    t =    22.95s         Checking existence of `"performance-counters" Any`
    t =    22.98s Find the "performance-counters" Any
    t =    22.99s Swipe left "hike-photo-strip" ScrollView
    t =    22.99s     Wait for tappium.com.OpenHikes to idle
    t =    23.00s     Find the "hike-photo-strip" ScrollView
    t =    23.07s     Check for interrupting elements affecting "hike-photo-strip" ScrollView
    t =    23.11s     Synthesize event
    t =    23.56s     Wait for tappium.com.OpenHikes to idle
    t =    24.12s Swipe right "hike-photo-strip" ScrollView
    t =    24.12s     Wait for tappium.com.OpenHikes to idle
    t =    24.12s     Find the "hike-photo-strip" ScrollView
    t =    24.21s     Check for interrupting elements affecting "hike-photo-strip" ScrollView
    t =    24.25s     Synthesize event
    t =    24.70s     Wait for tappium.com.OpenHikes to idle
    t =    26.26s Waiting 30.0s for "performance-counters" Any to exist
    t =    27.34s     Checking `Expect predicate `existsNoRetry == 1` for object "performance-counters" Any`
    t =    27.34s         Checking existence of `"performance-counters" Any`
    t =    27.36s Find the "performance-counters" Any
PERF-PHASE	photo-gallery	photo-strip	1787784783.318115	1787784787.702681
PERF-COUNT	photo-gallery	photo-strip	CPU.s	0.4920540000000013	
PERF-COUNT	photo-gallery	photo-strip	Footprint.MB	0.03125	
PERF-COUNT	photo-gallery	photo-strip	Process	5.0	
    t =    27.38s Waiting 30.0s for "performance-counters" Any to exist
    t =    28.45s     Checking `Expect predicate `existsNoRetry == 1` for object "performance-counters" Any`
    t =    28.46s         Checking existence of `"performance-counters" Any`
    t =    28.48s Find the "performance-counters" Any
    t =    28.50s Tap Button (First Match)
    t =    28.50s     Wait for tappium.com.OpenHikes to idle
    t =    28.50s     Find the Button (First Match)
    t =    28.57s     Check for interrupting elements affecting "hike-photo-6C7965BF-D81B-4B19-B1CB-5D67A27C8A0B" Button
    t =    28.60s     Synthesize event
    t =    28.89s     Wait for tappium.com.OpenHikes to idle
    t =    30.76s Waiting 30.0s for "performance-counters" Any to exist
    t =    31.82s     Checking `Expect predicate `existsNoRetry == 1` for object "performance-counters" Any`
    t =    31.82s         Checking existence of `"performance-counters" Any`
    t =    31.85s Find the "performance-counters" Any
PERF-PHASE	photo-gallery	photo-viewer	1787784788.822373	1787784792.185982
PERF-COUNT	photo-gallery	photo-viewer	CPU.s	0.6218799999999991	
PERF-COUNT	photo-gallery	photo-viewer	Footprint.MB	3.0000686645507812	
PERF-COUNT	photo-gallery	photo-viewer	HikeDetailBody	1.0	
PERF-COUNT	photo-gallery	photo-viewer	HikePhotoSectionBody	1.0	
PERF-COUNT	photo-gallery	photo-viewer	MapPhotoPinsRebuilt	1.0	
PERF-COUNT	photo-gallery	photo-viewer	MapSheetBody	1.0	
PERF-COUNT	photo-gallery	photo-viewer	PhotoImageDecoded	2.0	
PERF-COUNT	photo-gallery	photo-viewer	PhotoOrderComputed	5.0	
PERF-COUNT	photo-gallery	photo-viewer	PhotoViewerBody	4.0	
PERF-COUNT	photo-gallery	photo-viewer	Process	3.0	
    t =    31.86s Waiting 30.0s for "photo-viewer" Any to exist
    t =    32.94s     Checking `Expect predicate `existsNoRetry == 1` for object "photo-viewer" Any`
    t =    32.94s         Checking existence of `"photo-viewer" Any`
    t =    33.01s Waiting 30.0s for "performance-counters" Any to exist
    t =    34.07s     Checking `Expect predicate `existsNoRetry == 1` for object "performance-counters" Any`
    t =    34.08s         Checking existence of `"performance-counters" Any`
    t =    34.10s Find the "performance-counters" Any
    t =    34.12s Swipe left "photo-viewer" Any
    t =    34.12s     Wait for tappium.com.OpenHikes to idle
    t =    34.12s     Find the "photo-viewer" Any
    t =    34.17s     Check for interrupting elements affecting "photo-viewer" ScrollView
    t =    34.20s     Synthesize event
    t =    34.64s     Wait for tappium.com.OpenHikes to idle
    t =    36.17s Waiting 30.0s for "performance-counters" Any to exist
    t =    37.24s     Checking `Expect predicate `existsNoRetry == 1` for object "performance-counters" Any`
    t =    37.25s         Checking existence of `"performance-counters" Any`
    t =    37.27s Find the "performance-counters" Any
PERF-PHASE	photo-gallery	photo-paging	1787784794.4437199	1787784797.613
PERF-COUNT	photo-gallery	photo-paging	CPU.s	0.2477729999999987	
PERF-COUNT	photo-gallery	photo-paging	Footprint.MB	0.0625	
PERF-COUNT	photo-gallery	photo-paging	PhotoImageDecoded	1.0	
PERF-COUNT	photo-gallery	photo-paging	PhotoOrderComputed	1.0	
PERF-COUNT	photo-gallery	photo-paging	PhotoViewerBody	1.0	
PERF-COUNT	photo-gallery	photo-paging	Process	3.0	
    t =    37.29s Pressing Home button
    t =    39.77s Tear Down
Test Case '-[OpenHikesUITests.PerformanceUITests testPhotoGalleryStaysInsideTheStrip]' passed (40.103 seconds).
Test Suite 'PerformanceUITests' passed at 2026-08-27 00:53:20.428.
	 Executed 1 test, with 0 failures (0 unexpected) in 40.103 (40.104) seconds
Test Suite 'OpenHikesUITests.xctest' passed at 2026-08-27 00:53:20.429.
	 Executed 1 test, with 0 failures (0 unexpected) in 40.103 (40.104) seconds
Test Suite 'Selected tests' passed at 2026-08-27 00:53:20.429.
	 Executed 1 test, with 0 failures (0 unexpected) in 40.103 (40.105) seconds
2026-08-27 00:53:20.780 xcodebuild[14528:1688419] [MT] IDETestOperationsObserverDebug: 44.230 elapsed -- Testing started completed.
2026-08-27 00:53:20.780 xcodebuild[14528:1688419] [MT] IDETestOperationsObserverDebug: 0.000 sec, +0.000 sec -- start
2026-08-27 00:53:20.780 xcodebuild[14528:1688419] [MT] IDETestOperationsObserverDebug: 44.230 sec, +44.230 sec -- end

Test session results, code coverage, and logs:
	/Users/zsoraj/Documents/OpenHikes/PerformanceReports/20260827-005230/result.xcresult

** TEST SUCCEEDED **

Testing started
